run,group,mean_act,frac_sat
closed_G2_DNp09_DNa01_DNa02_s1_c00_7000,"('lf', 'CTr', 'extensor')",0.029896447882921846,0.0
closed_G2_DNp09_DNa01_DNa02_s1_c00_7000,"('lf', 'CTr', 'flexor')",9.181299995784699e-12,0.0
closed_G2_DNp09_DNa01_DNa02_s1_c00_7000,"('lf', 'FTi', 'extensor')",0.0,0.0
closed_G2_DNp09_DNa01_DNa02_s1_c00_7000,"('lf', 'FTi', 'flexor')",0.0,0.0
closed_G2_DNp09_DNa01_DNa02_s1_c00_7000,"('lf', 'ThC', 'adductor')",0.0,0.0
closed_G2_DNp09_DNa01_DNa02_s1_c00_7000,"('lf', 'ThC', 'promotor')",0.005990103920420712,0.0
closed_G2_DNp09_DNa01_DNa02_s1_c00_7000,"('lf', 'ThC', 'remotor')",0.09136493619236544,0.0
closed_G2_DNp09_DNa01_DNa02_s1_c00_7000,"('lf', 'ThC', 'rotator_ant')",0.0,0.0
closed_G2_DNp09_DNa01_DNa02_s1_c00_7000,"('lf', 'ThC', 'rotator_post')",0.0825761787310582,0.0
closed_G2_DNp09_DNa01_DNa02_s1_c00_7000,"('lf', 'TiTa', 'depressor')",0.0,0.0
closed_G2_DNp09_DNa01_DNa02_s1_c00_7000,"('lf', 'TiTa', 'levator')",0.0,0.0
closed_G2_DNp09_DNa01_DNa02_s1_c00_7000,"('lf', 'TrF', 'reductor')",0.036315820086329234,0.0
closed_G2_DNp09_DNa01_DNa02_s1_c00_7000,"('lh', 'CTr', 'extensor')",0.0024227142927363116,0.0
closed_G2_DNp09_DNa01_DNa02_s1_c00_7000,"('lh', 'CTr', 'flexor')",0.010507025642466618,0.0
closed_G2_DNp09_DNa01_DNa02_s1_c00_7000,"('lh', 'FTi', 'extensor')",0.0006758622664725953,0.0
closed_G2_DNp09_DNa01_DNa02_s1_c00_7000,"('lh', 'FTi', 'flexor')",0.003833520847100455,0.0
closed_G2_DNp09_DNa01_DNa02_s1_c00_7000,"('lh', 'ThC', 'adductor')",0.0,0.0
closed_G2_DNp09_DNa01_DNa02_s1_c00_7000,"('lh', 'ThC', 'remotor')",0.0,0.0
closed_G2_DNp09_DNa01_DNa02_s1_c00_7000,"('lh', 'ThC', 'rotator_ant')",0.0,0.0
closed_G2_DNp09_DNa01_DNa02_s1_c00_7000,"('lh', 'ThC', 'rotator_post')",0.0,0.0
closed_G2_DNp09_DNa01_DNa02_s1_c00_7000,"('lh', 'TiTa', 'depressor')",0.0,0.0
closed_G2_DNp09_DNa01_DNa02_s1_c00_7000,"('lh', 'TiTa', 'levator')",0.0,0.0
closed_G2_DNp09_DNa01_DNa02_s1_c00_7000,"('lh', 'TrF', 'reductor')",0.0026834906142207526,0.0
closed_G2_DNp09_DNa01_DNa02_s1_c00_7000,"('lm', 'CTr', 'extensor')",0.0,0.0
closed_G2_DNp09_DNa01_DNa02_s1_c00_7000,"('lm', 'CTr', 'flexor')",0.007763989853192014,0.0
closed_G2_DNp09_DNa01_DNa02_s1_c00_7000,"('lm', 'FTi', 'extensor')",0.005333157682824646,0.0
closed_G2_DNp09_DNa01_DNa02_s1_c00_7000,"('lm', 'FTi', 'flexor')",0.0,0.0
closed_G2_DNp09_DNa01_DNa02_s1_c00_7000,"('lm', 'ThC', 'remotor')",0.0,0.0
closed_G2_DNp09_DNa01_DNa02_s1_c00_7000,"('lm', 'ThC', 'rotator_ant')",0.0010000012720525653,0.0
closed_G2_DNp09_DNa01_DNa02_s1_c00_7000,"('lm', 'ThC', 'rotator_post')",0.0072902045074022225,0.0
closed_G2_DNp09_DNa01_DNa02_s1_c00_7000,"('lm', 'TiTa', 'depressor')",0.0,0.0
closed_G2_DNp09_DNa01_DNa02_s1_c00_7000,"('lm', 'TiTa', 'levator')",0.0,0.0
closed_G2_DNp09_DNa01_DNa02_s1_c00_7000,"('lm', 'TrF', 'reductor')",0.0,0.0
closed_G2_DNp09_DNa01_DNa02_s1_c00_7000,"('rf', 'CTr', 'extensor')",0.019808537837496046,0.0
closed_G2_DNp09_DNa01_DNa02_s1_c00_7000,"('rf', 'CTr', 'flexor')",0.0007575763735584987,0.0
closed_G2_DNp09_DNa01_DNa02_s1_c00_7000,"('rf', 'FTi', 'extensor')",0.0013333333333332743,0.0
closed_G2_DNp09_DNa01_DNa02_s1_c00_7000,"('rf', 'FTi', 'flexor')",0.0,0.0
closed_G2_DNp09_DNa01_DNa02_s1_c00_7000,"('rf', 'ThC', 'adductor')",0.0,0.0
closed_G2_DNp09_DNa01_DNa02_s1_c00_7000,"('rf', 'ThC', 'promotor')",0.0,0.0
closed_G2_DNp09_DNa01_DNa02_s1_c00_7000,"('rf', 'ThC', 'remotor')",0.07236666402722998,0.0
closed_G2_DNp09_DNa01_DNa02_s1_c00_7000,"('rf', 'ThC', 'rotator_ant')",0.0,0.0
closed_G2_DNp09_DNa01_DNa02_s1_c00_7000,"('rf', 'ThC', 'rotator_post')",0.04500835045879652,0.0
closed_G2_DNp09_DNa01_DNa02_s1_c00_7000,"('rf', 'TiTa', 'depressor')",0.0,0.0
closed_G2_DNp09_DNa01_DNa02_s1_c00_7000,"('rf', 'TiTa', 'levator')",0.0,0.0
closed_G2_DNp09_DNa01_DNa02_s1_c00_7000,"('rf', 'TrF', 'reductor')",0.027237397476835633,0.0
closed_G2_DNp09_DNa01_DNa02_s1_c00_7000,"('rh', 'CTr', 'extensor')",0.002916602895473527,0.0
closed_G2_DNp09_DNa01_DNa02_s1_c00_7000,"('rh', 'CTr', 'flexor')",0.010166128985444445,0.0
closed_G2_DNp09_DNa01_DNa02_s1_c00_7000,"('rh', 'FTi', 'extensor')",0.06103682818585165,0.0
closed_G2_DNp09_DNa01_DNa02_s1_c00_7000,"('rh', 'FTi', 'flexor')",7.8338380422563e-10,0.0
closed_G2_DNp09_DNa01_DNa02_s1_c00_7000,"('rh', 'ThC', 'adductor')",1.0253171073699663e-13,0.0
closed_G2_DNp09_DNa01_DNa02_s1_c00_7000,"('rh', 'ThC', 'remotor')",0.0,0.0
closed_G2_DNp09_DNa01_DNa02_s1_c00_7000,"('rh', 'ThC', 'rotator_ant')",0.010706643932052819,0.0
closed_G2_DNp09_DNa01_DNa02_s1_c00_7000,"('rh', 'ThC', 'rotator_post')",0.015389035470805877,0.0
closed_G2_DNp09_DNa01_DNa02_s1_c00_7000,"('rh', 'TiTa', 'depressor')",0.0,0.0
closed_G2_DNp09_DNa01_DNa02_s1_c00_7000,"('rh', 'TiTa', 'levator')",0.0,0.0
closed_G2_DNp09_DNa01_DNa02_s1_c00_7000,"('rh', 'TrF', 'reductor')",0.0,0.0
closed_G2_DNp09_DNa01_DNa02_s1_c00_7000,"('rm', 'CTr', 'extensor')",0.0004166667177727571,0.0
closed_G2_DNp09_DNa01_DNa02_s1_c00_7000,"('rm', 'CTr', 'flexor')",4.4952108964983864e-10,0.0
closed_G2_DNp09_DNa01_DNa02_s1_c00_7000,"('rm', 'FTi', 'extensor')",0.015959403456993128,0.0
closed_G2_DNp09_DNa01_DNa02_s1_c00_7000,"('rm', 'FTi', 'flexor')",0.0018627450980392179,0.0
closed_G2_DNp09_DNa01_DNa02_s1_c00_7000,"('rm', 'ThC', 'adductor')",0.0,0.0
closed_G2_DNp09_DNa01_DNa02_s1_c00_7000,"('rm', 'ThC', 'rotator_ant')",0.0,0.0
closed_G2_DNp09_DNa01_DNa02_s1_c00_7000,"('rm', 'ThC', 'rotator_post')",0.009350906506470299,0.0
closed_G2_DNp09_DNa01_DNa02_s1_c00_7000,"('rm', 'TiTa', 'depressor')",0.0,0.0
closed_G2_DNp09_DNa01_DNa02_s1_c00_7000,"('rm', 'TiTa', 'levator')",0.0,0.0
closed_G2_DNp09_DNa01_DNa02_s1_c00_7000,"('rm', 'TrF', 'reductor')",0.0002777777777777773,0.0
closed_G2_DNp09_DNa01_DNa02_s1_c00_7001,"('lf', 'CTr', 'extensor')",0.022278822948828363,0.0
closed_G2_DNp09_DNa01_DNa02_s1_c00_7001,"('lf', 'CTr', 'flexor')",0.0007575756322943408,0.0
closed_G2_DNp09_DNa01_DNa02_s1_c00_7001,"('lf', 'FTi', 'extensor')",0.0,0.0
closed_G2_DNp09_DNa01_DNa02_s1_c00_7001,"('lf', 'FTi', 'flexor')",0.0,0.0
closed_G2_DNp09_DNa01_DNa02_s1_c00_7001,"('lf', 'ThC', 'adductor')",0.0,0.0
closed_G2_DNp09_DNa01_DNa02_s1_c00_7001,"('lf', 'ThC', 'promotor')",0.005378998407547257,0.0
closed_G2_DNp09_DNa01_DNa02_s1_c00_7001,"('lf', 'ThC', 'remotor')",0.002684633243675311,0.0
closed_G2_DNp09_DNa01_DNa02_s1_c00_7001,"('lf', 'ThC', 'rotator_ant')",0.0,0.0
closed_G2_DNp09_DNa01_DNa02_s1_c00_7001,"('lf', 'ThC', 'rotator_post')",1.8877641351687052e-05,0.0
closed_G2_DNp09_DNa01_DNa02_s1_c00_7001,"('lf', 'TiTa', 'depressor')",0.0,0.0
closed_G2_DNp09_DNa01_DNa02_s1_c00_7001,"('lf', 'TiTa', 'levator')",0.0,0.0
closed_G2_DNp09_DNa01_DNa02_s1_c00_7001,"('lf', 'TrF', 'reductor')",0.018136240090857736,0.0
closed_G2_DNp09_DNa01_DNa02_s1_c00_7001,"('lh', 'CTr', 'extensor')",0.004151286233828799,0.0
closed_G2_DNp09_DNa01_DNa02_s1_c00_7001,"('lh', 'CTr', 'flexor')",0.002717980507222361,0.0
closed_G2_DNp09_DNa01_DNa02_s1_c00_7001,"('lh', 'FTi', 'extensor')",0.033291869448494195,0.0
closed_G2_DNp09_DNa01_DNa02_s1_c00_7001,"('lh', 'FTi', 'flexor')",0.0004911437945862172,0.0
closed_G2_DNp09_DNa01_DNa02_s1_c00_7001,"('lh', 'ThC', 'adductor')",0.0,0.0
closed_G2_DNp09_DNa01_DNa02_s1_c00_7001,"('lh', 'ThC', 'remotor')",0.0,0.0
closed_G2_DNp09_DNa01_DNa02_s1_c00_7001,"('lh', 'ThC', 'rotator_ant')",1.3092666829378304e-06,0.0
closed_G2_DNp09_DNa01_DNa02_s1_c00_7001,"('lh', 'ThC', 'rotator_post')",1.0592871569068812e-08,0.0
closed_G2_DNp09_DNa01_DNa02_s1_c00_7001,"('lh', 'TiTa', 'depressor')",0.0,0.0
closed_G2_DNp09_DNa01_DNa02_s1_c00_7001,"('lh', 'TiTa', 'levator')",0.0,0.0
closed_G2_DNp09_DNa01_DNa02_s1_c00_7001,"('lh', 'TrF', 'reductor')",0.002333333333126148,0.0
closed_G2_DNp09_DNa01_DNa02_s1_c00_7001,"('lm', 'CTr', 'extensor')",0.00622111580609218,0.0
closed_G2_DNp09_DNa01_DNa02_s1_c00_7001,"('lm', 'CTr', 'flexor')",0.01001886541460986,0.0
closed_G2_DNp09_DNa01_DNa02_s1_c00_7001,"('lm', 'FTi', 'extensor')",0.032110720898401314,0.0
closed_G2_DNp09_DNa01_DNa02_s1_c00_7001,"('lm', 'FTi', 'flexor')",0.0,0.0
closed_G2_DNp09_DNa01_DNa02_s1_c00_7001,"('lm', 'ThC', 'remotor')",0.0,0.0
closed_G2_DNp09_DNa01_DNa02_s1_c00_7001,"('lm', 'ThC', 'rotator_ant')",0.00027895854280939156,0.0
closed_G2_DNp09_DNa01_DNa02_s1_c00_7001,"('lm', 'ThC', 'rotator_post')",0.09594948950410973,0.0
closed_G2_DNp09_DNa01_DNa02_s1_c00_7001,"('lm', 'TiTa', 'depressor')",0.0,0.0
closed_G2_DNp09_DNa01_DNa02_s1_c00_7001,"('lm', 'TiTa', 'levator')",0.0,0.0
closed_G2_DNp09_DNa01_DNa02_s1_c00_7001,"('lm', 'TrF', 'reductor')",0.0,0.0
closed_G2_DNp09_DNa01_DNa02_s1_c00_7001,"('rf', 'CTr', 'extensor')",0.011168445355249197,0.0
closed_G2_DNp09_DNa01_DNa02_s1_c00_7001,"('rf', 'CTr', 'flexor')",0.0009090909090909088,0.0
closed_G2_DNp09_DNa01_DNa02_s1_c00_7001,"('rf', 'FTi', 'extensor')",0.0,0.0
closed_G2_DNp09_DNa01_DNa02_s1_c00_7001,"('rf', 'FTi', 'flexor')",0.0,0.0
closed_G2_DNp09_DNa01_DNa02_s1_c00_7001,"('rf', 'ThC', 'adductor')",0.0,0.0
closed_G2_DNp09_DNa01_DNa02_s1_c00_7001,"('rf', 'ThC', 'promotor')",0.0,0.0
closed_G2_DNp09_DNa01_DNa02_s1_c00_7001,"('rf', 'ThC', 'remotor')",0.004245493302653597,0.0
closed_G2_DNp09_DNa01_DNa02_s1_c00_7001,"('rf', 'ThC', 'rotator_ant')",7.160171763994067e-14,0.0
closed_G2_DNp09_DNa01_DNa02_s1_c00_7001,"('rf', 'ThC', 'rotator_post')",0.0003333333337309273,0.0
closed_G2_DNp09_DNa01_DNa02_s1_c00_7001,"('rf', 'TiTa', 'depressor')",0.0,0.0
closed_G2_DNp09_DNa01_DNa02_s1_c00_7001,"('rf', 'TiTa', 'levator')",0.0,0.0
closed_G2_DNp09_DNa01_DNa02_s1_c00_7001,"('rf', 'TrF', 'reductor')",0.004986790671289015,0.0
closed_G2_DNp09_DNa01_DNa02_s1_c00_7001,"('rh', 'CTr', 'extensor')",0.010006376339729785,0.0
closed_G2_DNp09_DNa01_DNa02_s1_c00_7001,"('rh', 'CTr', 'flexor')",0.014194252671369367,0.0
closed_G2_DNp09_DNa01_DNa02_s1_c00_7001,"('rh', 'FTi', 'extensor')",0.05635685582469303,0.0
closed_G2_DNp09_DNa01_DNa02_s1_c00_7001,"('rh', 'FTi', 'flexor')",9.259259259259234e-05,0.0
closed_G2_DNp09_DNa01_DNa02_s1_c00_7001,"('rh', 'ThC', 'adductor')",1.4764907434740177e-12,0.0
closed_G2_DNp09_DNa01_DNa02_s1_c00_7001,"('rh', 'ThC', 'remotor')",0.0,0.0
closed_G2_DNp09_DNa01_DNa02_s1_c00_7001,"('rh', 'ThC', 'rotator_ant')",0.00798230724603727,0.0
closed_G2_DNp09_DNa01_DNa02_s1_c00_7001,"('rh', 'ThC', 'rotator_post')",0.02434024035409928,0.0
closed_G2_DNp09_DNa01_DNa02_s1_c00_7001,"('rh', 'TiTa', 'depressor')",0.0,0.0
closed_G2_DNp09_DNa01_DNa02_s1_c00_7001,"('rh', 'TiTa', 'levator')",0.0,0.0
closed_G2_DNp09_DNa01_DNa02_s1_c00_7001,"('rh', 'TrF', 'reductor')",0.0,0.0
closed_G2_DNp09_DNa01_DNa02_s1_c00_7001,"('rm', 'CTr', 'extensor')",0.0016666666939129987,0.0
closed_G2_DNp09_DNa01_DNa02_s1_c00_7001,"('rm', 'CTr', 'flexor')",0.00016666666666666666,0.0
closed_G2_DNp09_DNa01_DNa02_s1_c00_7001,"('rm', 'FTi', 'extensor')",0.002666635195844255,0.0
closed_G2_DNp09_DNa01_DNa02_s1_c00_7001,"('rm', 'FTi', 'flexor')",0.008108582914927574,0.0
closed_G2_DNp09_DNa01_DNa02_s1_c00_7001,"('rm', 'ThC', 'adductor')",0.0,0.0
closed_G2_DNp09_DNa01_DNa02_s1_c00_7001,"('rm', 'ThC', 'rotator_ant')",0.0,0.0
closed_G2_DNp09_DNa01_DNa02_s1_c00_7001,"('rm', 'ThC', 'rotator_post')",0.17643023679520475,0.0
closed_G2_DNp09_DNa01_DNa02_s1_c00_7001,"('rm', 'TiTa', 'depressor')",0.0,0.0
closed_G2_DNp09_DNa01_DNa02_s1_c00_7001,"('rm', 'TiTa', 'levator')",0.0,0.0
closed_G2_DNp09_DNa01_DNa02_s1_c00_7001,"('rm', 'TrF', 'reductor')",0.002483461512470674,0.0
closed_G2_DNp09_DNa01_DNa02_s1_c00_7002,"('lf', 'CTr', 'extensor')",0.1463051510211642,0.0
closed_G2_DNp09_DNa01_DNa02_s1_c00_7002,"('lf', 'CTr', 'flexor')",0.0,0.0
closed_G2_DNp09_DNa01_DNa02_s1_c00_7002,"('lf', 'FTi', 'extensor')",0.0,0.0
closed_G2_DNp09_DNa01_DNa02_s1_c00_7002,"('lf', 'FTi', 'flexor')",0.0,0.0
closed_G2_DNp09_DNa01_DNa02_s1_c00_7002,"('lf', 'ThC', 'adductor')",0.0,0.0
closed_G2_DNp09_DNa01_DNa02_s1_c00_7002,"('lf', 'ThC', 'promotor')",2.7171255302220874e-13,0.0
closed_G2_DNp09_DNa01_DNa02_s1_c00_7002,"('lf', 'ThC', 'remotor')",0.11740125994189157,0.0
closed_G2_DNp09_DNa01_DNa02_s1_c00_7002,"('lf', 'ThC', 'rotator_ant')",0.0,0.0
closed_G2_DNp09_DNa01_DNa02_s1_c00_7002,"('lf', 'ThC', 'rotator_post')",0.112874483782604,0.0
closed_G2_DNp09_DNa01_DNa02_s1_c00_7002,"('lf', 'TiTa', 'depressor')",0.0,0.0
closed_G2_DNp09_DNa01_DNa02_s1_c00_7002,"('lf', 'TiTa', 'levator')",0.0,0.0
closed_G2_DNp09_DNa01_DNa02_s1_c00_7002,"('lf', 'TrF', 'reductor')",0.011756022323521513,0.0
closed_G2_DNp09_DNa01_DNa02_s1_c00_7002,"('lh', 'CTr', 'extensor')",0.021237476878199737,0.0
closed_G2_DNp09_DNa01_DNa02_s1_c00_7002,"('lh', 'CTr', 'flexor')",0.007616084344362315,0.0
closed_G2_DNp09_DNa01_DNa02_s1_c00_7002,"('lh', 'FTi', 'extensor')",0.0010000201382955412,0.0
closed_G2_DNp09_DNa01_DNa02_s1_c00_7002,"('lh', 'FTi', 'flexor')",0.0008921890120188499,0.0
closed_G2_DNp09_DNa01_DNa02_s1_c00_7002,"('lh', 'ThC', 'adductor')",0.0,0.0
closed_G2_DNp09_DNa01_DNa02_s1_c00_7002,"('lh', 'ThC', 'remotor')",0.0,0.0
closed_G2_DNp09_DNa01_DNa02_s1_c00_7002,"('lh', 'ThC', 'rotator_ant')",0.0,0.0
closed_G2_DNp09_DNa01_DNa02_s1_c00_7002,"('lh', 'ThC', 'rotator_post')",0.003076493460178867,0.0
closed_G2_DNp09_DNa01_DNa02_s1_c00_7002,"('lh', 'TiTa', 'depressor')",0.0,0.0
closed_G2_DNp09_DNa01_DNa02_s1_c00_7002,"('lh', 'TiTa', 'levator')",0.0,0.0
closed_G2_DNp09_DNa01_DNa02_s1_c00_7002,"('lh', 'TrF', 'reductor')",0.0023333333086348316,0.0
closed_G2_DNp09_DNa01_DNa02_s1_c00_7002,"('lm', 'CTr', 'extensor')",0.0,0.0
closed_G2_DNp09_DNa01_DNa02_s1_c00_7002,"('lm', 'CTr', 'flexor')",0.018149685957278908,0.0
closed_G2_DNp09_DNa01_DNa02_s1_c00_7002,"('lm', 'FTi', 'extensor')",0.0013824024721649376,0.0
closed_G2_DNp09_DNa01_DNa02_s1_c00_7002,"('lm', 'FTi', 'flexor')",0.0,0.0
closed_G2_DNp09_DNa01_DNa02_s1_c00_7002,"('lm', 'ThC', 'remotor')",0.0,0.0
closed_G2_DNp09_DNa01_DNa02_s1_c00_7002,"('lm', 'ThC', 'rotator_ant')",0.0006666666666666665,0.0
closed_G2_DNp09_DNa01_DNa02_s1_c00_7002,"('lm', 'ThC', 'rotator_post')",0.00880653642867367,0.0
closed_G2_DNp09_DNa01_DNa02_s1_c00_7002,"('lm', 'TiTa', 'depressor')",0.0,0.0
closed_G2_DNp09_DNa01_DNa02_s1_c00_7002,"('lm', 'TiTa', 'levator')",0.0,0.0
closed_G2_DNp09_DNa01_DNa02_s1_c00_7002,"('lm', 'TrF', 'reductor')",0.0,0.0
closed_G2_DNp09_DNa01_DNa02_s1_c00_7002,"('rf', 'CTr', 'extensor')",0.13161529070492387,0.0
closed_G2_DNp09_DNa01_DNa02_s1_c00_7002,"('rf', 'CTr', 'flexor')",0.0004545454545454547,0.0
closed_G2_DNp09_DNa01_DNa02_s1_c00_7002,"('rf', 'FTi', 'extensor')",0.0023333333333333288,0.0
closed_G2_DNp09_DNa01_DNa02_s1_c00_7002,"('rf', 'FTi', 'flexor')",0.00010416666666666669,0.0
closed_G2_DNp09_DNa01_DNa02_s1_c00_7002,"('rf', 'ThC', 'adductor')",0.0,0.0
closed_G2_DNp09_DNa01_DNa02_s1_c00_7002,"('rf', 'ThC', 'promotor')",0.0,0.0
closed_G2_DNp09_DNa01_DNa02_s1_c00_7002,"('rf', 'ThC', 'remotor')",0.1321772625194172,0.0
closed_G2_DNp09_DNa01_DNa02_s1_c00_7002,"('rf', 'ThC', 'rotator_ant')",0.0,0.0
closed_G2_DNp09_DNa01_DNa02_s1_c00_7002,"('rf', 'ThC', 'rotator_post')",0.14070582614758909,0.0
closed_G2_DNp09_DNa01_DNa02_s1_c00_7002,"('rf', 'TiTa', 'depressor')",0.0,0.0
closed_G2_DNp09_DNa01_DNa02_s1_c00_7002,"('rf', 'TiTa', 'levator')",0.0,0.0
closed_G2_DNp09_DNa01_DNa02_s1_c00_7002,"('rf', 'TrF', 'reductor')",0.004550472522438996,0.0
closed_G2_DNp09_DNa01_DNa02_s1_c00_7002,"('rh', 'CTr', 'extensor')",9.770303494865955e-10,0.0
closed_G2_DNp09_DNa01_DNa02_s1_c00_7002,"('rh', 'CTr', 'flexor')",0.007480349580899941,0.0
closed_G2_DNp09_DNa01_DNa02_s1_c00_7002,"('rh', 'FTi', 'extensor')",0.05674290546798493,0.0
closed_G2_DNp09_DNa01_DNa02_s1_c00_7002,"('rh', 'FTi', 'flexor')",3.083637870879989e-09,0.0
closed_G2_DNp09_DNa01_DNa02_s1_c00_7002,"('rh', 'ThC', 'adductor')",0.0,0.0
closed_G2_DNp09_DNa01_DNa02_s1_c00_7002,"('rh', 'ThC', 'remotor')",0.0,0.0
closed_G2_DNp09_DNa01_DNa02_s1_c00_7002,"('rh', 'ThC', 'rotator_ant')",0.004332419023578107,0.0
closed_G2_DNp09_DNa01_DNa02_s1_c00_7002,"('rh', 'ThC', 'rotator_post')",0.0023319298079419186,0.0
closed_G2_DNp09_DNa01_DNa02_s1_c00_7002,"('rh', 'TiTa', 'depressor')",0.0,0.0
closed_G2_DNp09_DNa01_DNa02_s1_c00_7002,"('rh', 'TiTa', 'levator')",0.0,0.0
closed_G2_DNp09_DNa01_DNa02_s1_c00_7002,"('rh', 'TrF', 'reductor')",0.0,0.0
closed_G2_DNp09_DNa01_DNa02_s1_c00_7002,"('rm', 'CTr', 'extensor')",5.0427743299997215e-11,0.0
closed_G2_DNp09_DNa01_DNa02_s1_c00_7002,"('rm', 'CTr', 'flexor')",0.0,0.0
closed_G2_DNp09_DNa01_DNa02_s1_c00_7002,"('rm', 'FTi', 'extensor')",0.03280188707508224,0.0
closed_G2_DNp09_DNa01_DNa02_s1_c00_7002,"('rm', 'FTi', 'flexor')",9.804787633456606e-05,0.0
closed_G2_DNp09_DNa01_DNa02_s1_c00_7002,"('rm', 'ThC', 'adductor')",0.0,0.0
closed_G2_DNp09_DNa01_DNa02_s1_c00_7002,"('rm', 'ThC', 'rotator_ant')",0.0,0.0
closed_G2_DNp09_DNa01_DNa02_s1_c00_7002,"('rm', 'ThC', 'rotator_post')",0.008955795646711869,0.0
closed_G2_DNp09_DNa01_DNa02_s1_c00_7002,"('rm', 'TiTa', 'depressor')",0.0,0.0
closed_G2_DNp09_DNa01_DNa02_s1_c00_7002,"('rm', 'TiTa', 'levator')",0.0,0.0
closed_G2_DNp09_DNa01_DNa02_s1_c00_7002,"('rm', 'TrF', 'reductor')",0.0,0.0
closed_G2_DNp09_DNa01_DNa02_s1_c00_7003,"('lf', 'CTr', 'extensor')",0.049470730480315285,0.0
closed_G2_DNp09_DNa01_DNa02_s1_c00_7003,"('lf', 'CTr', 'flexor')",1.1209132294029927e-12,0.0
closed_G2_DNp09_DNa01_DNa02_s1_c00_7003,"('lf', 'FTi', 'extensor')",0.0,0.0
closed_G2_DNp09_DNa01_DNa02_s1_c00_7003,"('lf', 'FTi', 'flexor')",0.0,0.0
closed_G2_DNp09_DNa01_DNa02_s1_c00_7003,"('lf', 'ThC', 'adductor')",0.0,0.0
closed_G2_DNp09_DNa01_DNa02_s1_c00_7003,"('lf', 'ThC', 'promotor')",2.8762316427311135e-12,0.0
closed_G2_DNp09_DNa01_DNa02_s1_c00_7003,"('lf', 'ThC', 'remotor')",0.008750729955896703,0.0
closed_G2_DNp09_DNa01_DNa02_s1_c00_7003,"('lf', 'ThC', 'rotator_ant')",9.038464991320558e-09,0.0
closed_G2_DNp09_DNa01_DNa02_s1_c00_7003,"('lf', 'ThC', 'rotator_post')",0.0033333509062355013,0.0
closed_G2_DNp09_DNa01_DNa02_s1_c00_7003,"('lf', 'TiTa', 'depressor')",0.0,0.0
closed_G2_DNp09_DNa01_DNa02_s1_c00_7003,"('lf', 'TiTa', 'levator')",0.0,0.0
closed_G2_DNp09_DNa01_DNa02_s1_c00_7003,"('lf', 'TrF', 'reductor')",0.007456974601624067,0.0
closed_G2_DNp09_DNa01_DNa02_s1_c00_7003,"('lh', 'CTr', 'extensor')",0.00041666864480307137,0.0
closed_G2_DNp09_DNa01_DNa02_s1_c00_7003,"('lh', 'CTr', 'flexor')",0.021703963164362378,0.0
closed_G2_DNp09_DNa01_DNa02_s1_c00_7003,"('lh', 'FTi', 'extensor')",0.023835985824792797,0.0
closed_G2_DNp09_DNa01_DNa02_s1_c00_7003,"('lh', 'FTi', 'flexor')",0.0013200093539821446,0.0
closed_G2_DNp09_DNa01_DNa02_s1_c00_7003,"('lh', 'ThC', 'adductor')",0.0,0.0
closed_G2_DNp09_DNa01_DNa02_s1_c00_7003,"('lh', 'ThC', 'remotor')",0.0,0.0
closed_G2_DNp09_DNa01_DNa02_s1_c00_7003,"('lh', 'ThC', 'rotator_ant')",3.738036996421753e-11,0.0
closed_G2_DNp09_DNa01_DNa02_s1_c00_7003,"('lh', 'ThC', 'rotator_post')",0.0,0.0
closed_G2_DNp09_DNa01_DNa02_s1_c00_7003,"('lh', 'TiTa', 'depressor')",0.0,0.0
closed_G2_DNp09_DNa01_DNa02_s1_c00_7003,"('lh', 'TiTa', 'levator')",0.0,0.0
closed_G2_DNp09_DNa01_DNa02_s1_c00_7003,"('lh', 'TrF', 'reductor')",0.0011922678503468456,0.0
closed_G2_DNp09_DNa01_DNa02_s1_c00_7003,"('lm', 'CTr', 'extensor')",0.0,0.0
closed_G2_DNp09_DNa01_DNa02_s1_c00_7003,"('lm', 'CTr', 'flexor')",0.021019094978051826,0.0
closed_G2_DNp09_DNa01_DNa02_s1_c00_7003,"('lm', 'FTi', 'extensor')",0.010594554670534193,0.0
closed_G2_DNp09_DNa01_DNa02_s1_c00_7003,"('lm', 'FTi', 'flexor')",0.0,0.0
closed_G2_DNp09_DNa01_DNa02_s1_c00_7003,"('lm', 'ThC', 'remotor')",0.0,0.0
closed_G2_DNp09_DNa01_DNa02_s1_c00_7003,"('lm', 'ThC', 'rotator_ant')",0.000666666666666666,0.0
closed_G2_DNp09_DNa01_DNa02_s1_c00_7003,"('lm', 'ThC', 'rotator_post')",0.055255032518859146,0.0
closed_G2_DNp09_DNa01_DNa02_s1_c00_7003,"('lm', 'TiTa', 'depressor')",0.0,0.0
closed_G2_DNp09_DNa01_DNa02_s1_c00_7003,"('lm', 'TiTa', 'levator')",0.0,0.0
closed_G2_DNp09_DNa01_DNa02_s1_c00_7003,"('lm', 'TrF', 'reductor')",0.0,0.0
closed_G2_DNp09_DNa01_DNa02_s1_c00_7003,"('rf', 'CTr', 'extensor')",0.06483743671864747,0.0
closed_G2_DNp09_DNa01_DNa02_s1_c00_7003,"('rf', 'CTr', 'flexor')",0.0,0.0
closed_G2_DNp09_DNa01_DNa02_s1_c00_7003,"('rf', 'FTi', 'extensor')",0.0,0.0
closed_G2_DNp09_DNa01_DNa02_s1_c00_7003,"('rf', 'FTi', 'flexor')",0.0,0.0
closed_G2_DNp09_DNa01_DNa02_s1_c00_7003,"('rf', 'ThC', 'adductor')",0.0,0.0
closed_G2_DNp09_DNa01_DNa02_s1_c00_7003,"('rf', 'ThC', 'promotor')",0.0,0.0
closed_G2_DNp09_DNa01_DNa02_s1_c00_7003,"('rf', 'ThC', 'remotor')",0.09009994988371824,0.0
closed_G2_DNp09_DNa01_DNa02_s1_c00_7003,"('rf', 'ThC', 'rotator_ant')",0.0,0.0
closed_G2_DNp09_DNa01_DNa02_s1_c00_7003,"('rf', 'ThC', 'rotator_post')",0.07474070411539768,0.0
closed_G2_DNp09_DNa01_DNa02_s1_c00_7003,"('rf', 'TiTa', 'depressor')",0.0,0.0
closed_G2_DNp09_DNa01_DNa02_s1_c00_7003,"('rf', 'TiTa', 'levator')",0.0,0.0
closed_G2_DNp09_DNa01_DNa02_s1_c00_7003,"('rf', 'TrF', 'reductor')",0.011225489395384237,0.0
closed_G2_DNp09_DNa01_DNa02_s1_c00_7003,"('rh', 'CTr', 'extensor')",8.517438462562327e-09,0.0
closed_G2_DNp09_DNa01_DNa02_s1_c00_7003,"('rh', 'CTr', 'flexor')",0.006170713521795218,0.0
closed_G2_DNp09_DNa01_DNa02_s1_c00_7003,"('rh', 'FTi', 'extensor')",0.057516604360110475,0.0
closed_G2_DNp09_DNa01_DNa02_s1_c00_7003,"('rh', 'FTi', 'flexor')",2.6196120573505137e-11,0.0
closed_G2_DNp09_DNa01_DNa02_s1_c00_7003,"('rh', 'ThC', 'adductor')",0.0,0.0
closed_G2_DNp09_DNa01_DNa02_s1_c00_7003,"('rh', 'ThC', 'remotor')",0.0,0.0
closed_G2_DNp09_DNa01_DNa02_s1_c00_7003,"('rh', 'ThC', 'rotator_ant')",0.0026690896189031986,0.0
closed_G2_DNp09_DNa01_DNa02_s1_c00_7003,"('rh', 'ThC', 'rotator_post')",0.0073568445548201486,0.0
closed_G2_DNp09_DNa01_DNa02_s1_c00_7003,"('rh', 'TiTa', 'depressor')",0.0,0.0
closed_G2_DNp09_DNa01_DNa02_s1_c00_7003,"('rh', 'TiTa', 'levator')",0.0,0.0
closed_G2_DNp09_DNa01_DNa02_s1_c00_7003,"('rh', 'TrF', 'reductor')",0.0,0.0
closed_G2_DNp09_DNa01_DNa02_s1_c00_7003,"('rm', 'CTr', 'extensor')",0.0014583333333333295,0.0
closed_G2_DNp09_DNa01_DNa02_s1_c00_7003,"('rm', 'CTr', 'flexor')",0.0,0.0
closed_G2_DNp09_DNa01_DNa02_s1_c00_7003,"('rm', 'FTi', 'extensor')",0.0016666666666666637,0.0
closed_G2_DNp09_DNa01_DNa02_s1_c00_7003,"('rm', 'FTi', 'flexor')",0.00807104218166911,0.0
closed_G2_DNp09_DNa01_DNa02_s1_c00_7003,"('rm', 'ThC', 'adductor')",0.0,0.0
closed_G2_DNp09_DNa01_DNa02_s1_c00_7003,"('rm', 'ThC', 'rotator_ant')",4.9631220744566325e-09,0.0
closed_G2_DNp09_DNa01_DNa02_s1_c00_7003,"('rm', 'ThC', 'rotator_post')",0.016208904225035823,0.0
closed_G2_DNp09_DNa01_DNa02_s1_c00_7003,"('rm', 'TiTa', 'depressor')",0.0,0.0
closed_G2_DNp09_DNa01_DNa02_s1_c00_7003,"('rm', 'TiTa', 'levator')",0.0,0.0
closed_G2_DNp09_DNa01_DNa02_s1_c00_7003,"('rm', 'TrF', 'reductor')",0.0,0.0
closed_G2_DNp09_DNa01_DNa02_s1_c00_7004,"('lf', 'CTr', 'extensor')",0.052795227826348386,0.0
closed_G2_DNp09_DNa01_DNa02_s1_c00_7004,"('lf', 'CTr', 'flexor')",0.00015151515348581438,0.0
closed_G2_DNp09_DNa01_DNa02_s1_c00_7004,"('lf', 'FTi', 'extensor')",0.0,0.0
closed_G2_DNp09_DNa01_DNa02_s1_c00_7004,"('lf', 'FTi', 'flexor')",0.0,0.0
closed_G2_DNp09_DNa01_DNa02_s1_c00_7004,"('lf', 'ThC', 'adductor')",0.0,0.0
closed_G2_DNp09_DNa01_DNa02_s1_c00_7004,"('lf', 'ThC', 'promotor')",0.0,0.0
closed_G2_DNp09_DNa01_DNa02_s1_c00_7004,"('lf', 'ThC', 'remotor')",0.00533022493918487,0.0
closed_G2_DNp09_DNa01_DNa02_s1_c00_7004,"('lf', 'ThC', 'rotator_ant')",0.0,0.0
closed_G2_DNp09_DNa01_DNa02_s1_c00_7004,"('lf', 'ThC', 'rotator_post')",0.0013348845308335789,0.0
closed_G2_DNp09_DNa01_DNa02_s1_c00_7004,"('lf', 'TiTa', 'depressor')",0.0,0.0
closed_G2_DNp09_DNa01_DNa02_s1_c00_7004,"('lf', 'TiTa', 'levator')",0.0,0.0
closed_G2_DNp09_DNa01_DNa02_s1_c00_7004,"('lf', 'TrF', 'reductor')",0.009404102823983624,0.0
closed_G2_DNp09_DNa01_DNa02_s1_c00_7004,"('lh', 'CTr', 'extensor')",0.0006249999999999998,0.0
closed_G2_DNp09_DNa01_DNa02_s1_c00_7004,"('lh', 'CTr', 'flexor')",0.017306896031229,0.0
closed_G2_DNp09_DNa01_DNa02_s1_c00_7004,"('lh', 'FTi', 'extensor')",0.02202692858717334,0.0
closed_G2_DNp09_DNa01_DNa02_s1_c00_7004,"('lh', 'FTi', 'flexor')",0.00249266804299062,0.0
closed_G2_DNp09_DNa01_DNa02_s1_c00_7004,"('lh', 'ThC', 'adductor')",0.0,0.0
closed_G2_DNp09_DNa01_DNa02_s1_c00_7004,"('lh', 'ThC', 'remotor')",0.0,0.0
closed_G2_DNp09_DNa01_DNa02_s1_c00_7004,"('lh', 'ThC', 'rotator_ant')",0.0,0.0
closed_G2_DNp09_DNa01_DNa02_s1_c00_7004,"('lh', 'ThC', 'rotator_post')",0.0,0.0
closed_G2_DNp09_DNa01_DNa02_s1_c00_7004,"('lh', 'TiTa', 'depressor')",0.0,0.0
closed_G2_DNp09_DNa01_DNa02_s1_c00_7004,"('lh', 'TiTa', 'levator')",0.0,0.0
closed_G2_DNp09_DNa01_DNa02_s1_c00_7004,"('lh', 'TrF', 'reductor')",0.0019833304082573907,0.0
closed_G2_DNp09_DNa01_DNa02_s1_c00_7004,"('lm', 'CTr', 'extensor')",0.0,0.0
closed_G2_DNp09_DNa01_DNa02_s1_c00_7004,"('lm', 'CTr', 'flexor')",0.026708551377017182,0.0
closed_G2_DNp09_DNa01_DNa02_s1_c00_7004,"('lm', 'FTi', 'extensor')",0.008298508757051171,0.0
closed_G2_DNp09_DNa01_DNa02_s1_c00_7004,"('lm', 'FTi', 'flexor')",0.0,0.0
closed_G2_DNp09_DNa01_DNa02_s1_c00_7004,"('lm', 'ThC', 'remotor')",0.0,0.0
closed_G2_DNp09_DNa01_DNa02_s1_c00_7004,"('lm', 'ThC', 'rotator_ant')",0.0020000000010176357,0.0
closed_G2_DNp09_DNa01_DNa02_s1_c00_7004,"('lm', 'ThC', 'rotator_post')",0.07315376156518048,0.0
closed_G2_DNp09_DNa01_DNa02_s1_c00_7004,"('lm', 'TiTa', 'depressor')",0.0,0.0
closed_G2_DNp09_DNa01_DNa02_s1_c00_7004,"('lm', 'TiTa', 'levator')",0.0,0.0
closed_G2_DNp09_DNa01_DNa02_s1_c00_7004,"('lm', 'TrF', 'reductor')",0.0,0.0
closed_G2_DNp09_DNa01_DNa02_s1_c00_7004,"('rf', 'CTr', 'extensor')",0.05407857287351697,0.0
closed_G2_DNp09_DNa01_DNa02_s1_c00_7004,"('rf', 'CTr', 'flexor')",0.0,0.0
closed_G2_DNp09_DNa01_DNa02_s1_c00_7004,"('rf', 'FTi', 'extensor')",0.0012229996097565831,0.0
closed_G2_DNp09_DNa01_DNa02_s1_c00_7004,"('rf', 'FTi', 'flexor')",0.0,0.0
closed_G2_DNp09_DNa01_DNa02_s1_c00_7004,"('rf', 'ThC', 'adductor')",0.0,0.0
closed_G2_DNp09_DNa01_DNa02_s1_c00_7004,"('rf', 'ThC', 'promotor')",0.0,0.0
closed_G2_DNp09_DNa01_DNa02_s1_c00_7004,"('rf', 'ThC', 'remotor')",0.07871523380396711,0.0
closed_G2_DNp09_DNa01_DNa02_s1_c00_7004,"('rf', 'ThC', 'rotator_ant')",0.0,0.0
closed_G2_DNp09_DNa01_DNa02_s1_c00_7004,"('rf', 'ThC', 'rotator_post')",0.05366877013654703,0.0
closed_G2_DNp09_DNa01_DNa02_s1_c00_7004,"('rf', 'TiTa', 'depressor')",0.0,0.0
closed_G2_DNp09_DNa01_DNa02_s1_c00_7004,"('rf', 'TiTa', 'levator')",0.0,0.0
closed_G2_DNp09_DNa01_DNa02_s1_c00_7004,"('rf', 'TrF', 'reductor')",0.008049375365773959,0.0
closed_G2_DNp09_DNa01_DNa02_s1_c00_7004,"('rh', 'CTr', 'extensor')",0.0009644376322560883,0.0
closed_G2_DNp09_DNa01_DNa02_s1_c00_7004,"('rh', 'CTr', 'flexor')",0.0026916483444587827,0.0
closed_G2_DNp09_DNa01_DNa02_s1_c00_7004,"('rh', 'FTi', 'extensor')",0.0557154786504672,0.0
closed_G2_DNp09_DNa01_DNa02_s1_c00_7004,"('rh', 'FTi', 'flexor')",1.833443126658248e-11,0.0
closed_G2_DNp09_DNa01_DNa02_s1_c00_7004,"('rh', 'ThC', 'adductor')",0.0,0.0
closed_G2_DNp09_DNa01_DNa02_s1_c00_7004,"('rh', 'ThC', 'remotor')",0.0,0.0
closed_G2_DNp09_DNa01_DNa02_s1_c00_7004,"('rh', 'ThC', 'rotator_ant')",0.003754968598975384,0.0
closed_G2_DNp09_DNa01_DNa02_s1_c00_7004,"('rh', 'ThC', 'rotator_post')",0.007963037000138892,0.0
closed_G2_DNp09_DNa01_DNa02_s1_c00_7004,"('rh', 'TiTa', 'depressor')",0.0,0.0
closed_G2_DNp09_DNa01_DNa02_s1_c00_7004,"('rh', 'TiTa', 'levator')",0.0,0.0
closed_G2_DNp09_DNa01_DNa02_s1_c00_7004,"('rh', 'TrF', 'reductor')",0.0,0.0
closed_G2_DNp09_DNa01_DNa02_s1_c00_7004,"('rm', 'CTr', 'extensor')",0.00043634755086202805,0.0
closed_G2_DNp09_DNa01_DNa02_s1_c00_7004,"('rm', 'CTr', 'flexor')",0.0,0.0
closed_G2_DNp09_DNa01_DNa02_s1_c00_7004,"('rm', 'FTi', 'extensor')",0.024835773108867764,0.0
closed_G2_DNp09_DNa01_DNa02_s1_c00_7004,"('rm', 'FTi', 'flexor')",0.0008601932759116312,0.0
closed_G2_DNp09_DNa01_DNa02_s1_c00_7004,"('rm', 'ThC', 'adductor')",0.0,0.0
closed_G2_DNp09_DNa01_DNa02_s1_c00_7004,"('rm', 'ThC', 'rotator_ant')",0.0,0.0
closed_G2_DNp09_DNa01_DNa02_s1_c00_7004,"('rm', 'ThC', 'rotator_post')",0.10115169871285586,0.0
closed_G2_DNp09_DNa01_DNa02_s1_c00_7004,"('rm', 'TiTa', 'depressor')",0.0,0.0
closed_G2_DNp09_DNa01_DNa02_s1_c00_7004,"('rm', 'TiTa', 'levator')",0.0,0.0
closed_G2_DNp09_DNa01_DNa02_s1_c00_7004,"('rm', 'TrF', 'reductor')",0.0005555588715536169,0.0
closed_G2_DNp09_DNa01_DNa02_s1_c01_7000,"('lf', 'CTr', 'extensor')",0.03315310310932629,0.0
closed_G2_DNp09_DNa01_DNa02_s1_c01_7000,"('lf', 'CTr', 'flexor')",9.181299995784699e-12,0.0
closed_G2_DNp09_DNa01_DNa02_s1_c01_7000,"('lf', 'FTi', 'extensor')",0.0,0.0
closed_G2_DNp09_DNa01_DNa02_s1_c01_7000,"('lf', 'FTi', 'flexor')",0.0,0.0
closed_G2_DNp09_DNa01_DNa02_s1_c01_7000,"('lf', 'ThC', 'adductor')",0.0,0.0
closed_G2_DNp09_DNa01_DNa02_s1_c01_7000,"('lf', 'ThC', 'promotor')",0.006000604426628498,0.0
closed_G2_DNp09_DNa01_DNa02_s1_c01_7000,"('lf', 'ThC', 'remotor')",0.09801627724044625,0.0
closed_G2_DNp09_DNa01_DNa02_s1_c01_7000,"('lf', 'ThC', 'rotator_ant')",0.0,0.0
closed_G2_DNp09_DNa01_DNa02_s1_c01_7000,"('lf', 'ThC', 'rotator_post')",0.08852075673947209,0.0
closed_G2_DNp09_DNa01_DNa02_s1_c01_7000,"('lf', 'TiTa', 'depressor')",0.0,0.0
closed_G2_DNp09_DNa01_DNa02_s1_c01_7000,"('lf', 'TiTa', 'levator')",0.0,0.0
closed_G2_DNp09_DNa01_DNa02_s1_c01_7000,"('lf', 'TrF', 'reductor')",0.037967431672896075,0.0
closed_G2_DNp09_DNa01_DNa02_s1_c01_7000,"('lh', 'CTr', 'extensor')",0.0,0.0
closed_G2_DNp09_DNa01_DNa02_s1_c01_7000,"('lh', 'CTr', 'flexor')",0.0299345166057263,0.0
closed_G2_DNp09_DNa01_DNa02_s1_c01_7000,"('lh', 'FTi', 'extensor')",0.06356099403175762,0.0
closed_G2_DNp09_DNa01_DNa02_s1_c01_7000,"('lh', 'FTi', 'flexor')",9.803921574498354e-05,0.0
closed_G2_DNp09_DNa01_DNa02_s1_c01_7000,"('lh', 'ThC', 'adductor')",0.0,0.0
closed_G2_DNp09_DNa01_DNa02_s1_c01_7000,"('lh', 'ThC', 'remotor')",0.0,0.0
closed_G2_DNp09_DNa01_DNa02_s1_c01_7000,"('lh', 'ThC', 'rotator_ant')",0.0,0.0
closed_G2_DNp09_DNa01_DNa02_s1_c01_7000,"('lh', 'ThC', 'rotator_post')",0.0,0.0
closed_G2_DNp09_DNa01_DNa02_s1_c01_7000,"('lh', 'TiTa', 'depressor')",0.0,0.0
closed_G2_DNp09_DNa01_DNa02_s1_c01_7000,"('lh', 'TiTa', 'levator')",0.0,0.0
closed_G2_DNp09_DNa01_DNa02_s1_c01_7000,"('lh', 'TrF', 'reductor')",0.0006734254216115603,0.0
closed_G2_DNp09_DNa01_DNa02_s1_c01_7000,"('lm', 'CTr', 'extensor')",0.0013523200871551383,0.0
closed_G2_DNp09_DNa01_DNa02_s1_c01_7000,"('lm', 'CTr', 'flexor')",0.007611001197683277,0.0
closed_G2_DNp09_DNa01_DNa02_s1_c01_7000,"('lm', 'FTi', 'extensor')",0.0046582652441955275,0.0
closed_G2_DNp09_DNa01_DNa02_s1_c01_7000,"('lm', 'FTi', 'flexor')",0.0,0.0
closed_G2_DNp09_DNa01_DNa02_s1_c01_7000,"('lm', 'ThC', 'remotor')",0.0,0.0
closed_G2_DNp09_DNa01_DNa02_s1_c01_7000,"('lm', 'ThC', 'rotator_ant')",0.0006666698065212302,0.0
closed_G2_DNp09_DNa01_DNa02_s1_c01_7000,"('lm', 'ThC', 'rotator_post')",0.007312863523208803,0.0
closed_G2_DNp09_DNa01_DNa02_s1_c01_7000,"('lm', 'TiTa', 'depressor')",0.0,0.0
closed_G2_DNp09_DNa01_DNa02_s1_c01_7000,"('lm', 'TiTa', 'levator')",0.0,0.0
closed_G2_DNp09_DNa01_DNa02_s1_c01_7000,"('lm', 'TrF', 'reductor')",0.0,0.0
closed_G2_DNp09_DNa01_DNa02_s1_c01_7000,"('rf', 'CTr', 'extensor')",0.019424819991073254,0.0
closed_G2_DNp09_DNa01_DNa02_s1_c01_7000,"('rf', 'CTr', 'flexor')",0.0004545460705281963,0.0
closed_G2_DNp09_DNa01_DNa02_s1_c01_7000,"('rf', 'FTi', 'extensor')",0.0006666666666665506,0.0
closed_G2_DNp09_DNa01_DNa02_s1_c01_7000,"('rf', 'FTi', 'flexor')",0.0,0.0
closed_G2_DNp09_DNa01_DNa02_s1_c01_7000,"('rf', 'ThC', 'adductor')",0.0,0.0
closed_G2_DNp09_DNa01_DNa02_s1_c01_7000,"('rf', 'ThC', 'promotor')",0.0,0.0
closed_G2_DNp09_DNa01_DNa02_s1_c01_7000,"('rf', 'ThC', 'remotor')",0.07251119617892011,0.0
closed_G2_DNp09_DNa01_DNa02_s1_c01_7000,"('rf', 'ThC', 'rotator_ant')",0.0,0.0
closed_G2_DNp09_DNa01_DNa02_s1_c01_7000,"('rf', 'ThC', 'rotator_post')",0.04316684597499413,0.0
closed_G2_DNp09_DNa01_DNa02_s1_c01_7000,"('rf', 'TiTa', 'depressor')",0.0,0.0
closed_G2_DNp09_DNa01_DNa02_s1_c01_7000,"('rf', 'TiTa', 'levator')",0.0,0.0
closed_G2_DNp09_DNa01_DNa02_s1_c01_7000,"('rf', 'TrF', 'reductor')",0.026896921128554848,0.0
closed_G2_DNp09_DNa01_DNa02_s1_c01_7000,"('rh', 'CTr', 'extensor')",0.005624932755501384,0.0
closed_G2_DNp09_DNa01_DNa02_s1_c01_7000,"('rh', 'CTr', 'flexor')",0.014317270176892584,0.0
closed_G2_DNp09_DNa01_DNa02_s1_c01_7000,"('rh', 'FTi', 'extensor')",0.05604641677149102,0.0
closed_G2_DNp09_DNa01_DNa02_s1_c01_7000,"('rh', 'FTi', 'flexor')",8.164270132951332e-13,0.0
closed_G2_DNp09_DNa01_DNa02_s1_c01_7000,"('rh', 'ThC', 'adductor')",1.0253171073699663e-13,0.0
closed_G2_DNp09_DNa01_DNa02_s1_c01_7000,"('rh', 'ThC', 'remotor')",0.0,0.0
closed_G2_DNp09_DNa01_DNa02_s1_c01_7000,"('rh', 'ThC', 'rotator_ant')",0.007700799915216259,0.0
closed_G2_DNp09_DNa01_DNa02_s1_c01_7000,"('rh', 'ThC', 'rotator_post')",0.02325201606899594,0.0
closed_G2_DNp09_DNa01_DNa02_s1_c01_7000,"('rh', 'TiTa', 'depressor')",0.0,0.0
closed_G2_DNp09_DNa01_DNa02_s1_c01_7000,"('rh', 'TiTa', 'levator')",0.0,0.0
closed_G2_DNp09_DNa01_DNa02_s1_c01_7000,"('rh', 'TrF', 'reductor')",0.0,0.0
closed_G2_DNp09_DNa01_DNa02_s1_c01_7000,"('rm', 'CTr', 'extensor')",0.0012447457085862962,0.0
closed_G2_DNp09_DNa01_DNa02_s1_c01_7000,"('rm', 'CTr', 'flexor')",4.731800943682512e-10,0.0
closed_G2_DNp09_DNa01_DNa02_s1_c01_7000,"('rm', 'FTi', 'extensor')",0.0019343466004775745,0.0
closed_G2_DNp09_DNa01_DNa02_s1_c01_7000,"('rm', 'FTi', 'flexor')",0.00860939490173974,0.0
closed_G2_DNp09_DNa01_DNa02_s1_c01_7000,"('rm', 'ThC', 'adductor')",0.0,0.0
closed_G2_DNp09_DNa01_DNa02_s1_c01_7000,"('rm', 'ThC', 'rotator_ant')",0.0,0.0
closed_G2_DNp09_DNa01_DNa02_s1_c01_7000,"('rm', 'ThC', 'rotator_post')",0.01120854516338963,0.0
closed_G2_DNp09_DNa01_DNa02_s1_c01_7000,"('rm', 'TiTa', 'depressor')",0.0,0.0
closed_G2_DNp09_DNa01_DNa02_s1_c01_7000,"('rm', 'TiTa', 'levator')",0.0,0.0
closed_G2_DNp09_DNa01_DNa02_s1_c01_7000,"('rm', 'TrF', 'reductor')",0.0002777777777777773,0.0
closed_G2_DNp09_DNa01_DNa02_s1_c01_7001,"('lf', 'CTr', 'extensor')",0.021753174468953924,0.0
closed_G2_DNp09_DNa01_DNa02_s1_c01_7001,"('lf', 'CTr', 'flexor')",0.000757567343936195,0.0
closed_G2_DNp09_DNa01_DNa02_s1_c01_7001,"('lf', 'FTi', 'extensor')",0.0,0.0
closed_G2_DNp09_DNa01_DNa02_s1_c01_7001,"('lf', 'FTi', 'flexor')",0.0,0.0
closed_G2_DNp09_DNa01_DNa02_s1_c01_7001,"('lf', 'ThC', 'adductor')",0.0,0.0
closed_G2_DNp09_DNa01_DNa02_s1_c01_7001,"('lf', 'ThC', 'promotor')",0.0066579201979016815,0.0
closed_G2_DNp09_DNa01_DNa02_s1_c01_7001,"('lf', 'ThC', 'remotor')",0.0020069207290946017,0.0
closed_G2_DNp09_DNa01_DNa02_s1_c01_7001,"('lf', 'ThC', 'rotator_ant')",0.0,0.0
closed_G2_DNp09_DNa01_DNa02_s1_c01_7001,"('lf', 'ThC', 'rotator_post')",2.992233012654545e-06,0.0
closed_G2_DNp09_DNa01_DNa02_s1_c01_7001,"('lf', 'TiTa', 'depressor')",0.0,0.0
closed_G2_DNp09_DNa01_DNa02_s1_c01_7001,"('lf', 'TiTa', 'levator')",0.0,0.0
closed_G2_DNp09_DNa01_DNa02_s1_c01_7001,"('lf', 'TrF', 'reductor')",0.018247323684944146,0.0
closed_G2_DNp09_DNa01_DNa02_s1_c01_7001,"('lh', 'CTr', 'extensor')",0.006956532009907462,0.0
closed_G2_DNp09_DNa01_DNa02_s1_c01_7001,"('lh', 'CTr', 'flexor')",0.006325674781361416,0.0
closed_G2_DNp09_DNa01_DNa02_s1_c01_7001,"('lh', 'FTi', 'extensor')",0.04781962946575553,0.0
closed_G2_DNp09_DNa01_DNa02_s1_c01_7001,"('lh', 'FTi', 'flexor')",0.00019607900265286487,0.0
closed_G2_DNp09_DNa01_DNa02_s1_c01_7001,"('lh', 'ThC', 'adductor')",0.0,0.0
closed_G2_DNp09_DNa01_DNa02_s1_c01_7001,"('lh', 'ThC', 'remotor')",0.0,0.0
closed_G2_DNp09_DNa01_DNa02_s1_c01_7001,"('lh', 'ThC', 'rotator_ant')",0.0,0.0
closed_G2_DNp09_DNa01_DNa02_s1_c01_7001,"('lh', 'ThC', 'rotator_post')",0.0010185834138104278,0.0
closed_G2_DNp09_DNa01_DNa02_s1_c01_7001,"('lh', 'TiTa', 'depressor')",0.0,0.0
closed_G2_DNp09_DNa01_DNa02_s1_c01_7001,"('lh', 'TiTa', 'levator')",0.0,0.0
closed_G2_DNp09_DNa01_DNa02_s1_c01_7001,"('lh', 'TrF', 'reductor')",0.0003333333333333333,0.0
closed_G2_DNp09_DNa01_DNa02_s1_c01_7001,"('lm', 'CTr', 'extensor')",0.005830227927266208,0.0
closed_G2_DNp09_DNa01_DNa02_s1_c01_7001,"('lm', 'CTr', 'flexor')",0.01045223193054218,0.0
closed_G2_DNp09_DNa01_DNa02_s1_c01_7001,"('lm', 'FTi', 'extensor')",0.026288221079849336,0.0
closed_G2_DNp09_DNa01_DNa02_s1_c01_7001,"('lm', 'FTi', 'flexor')",0.0,0.0
closed_G2_DNp09_DNa01_DNa02_s1_c01_7001,"('lm', 'ThC', 'remotor')",0.0,0.0
closed_G2_DNp09_DNa01_DNa02_s1_c01_7001,"('lm', 'ThC', 'rotator_ant')",4.393256669146781e-07,0.0
closed_G2_DNp09_DNa01_DNa02_s1_c01_7001,"('lm', 'ThC', 'rotator_post')",0.09846141913697719,0.0
closed_G2_DNp09_DNa01_DNa02_s1_c01_7001,"('lm', 'TiTa', 'depressor')",0.0,0.0
closed_G2_DNp09_DNa01_DNa02_s1_c01_7001,"('lm', 'TiTa', 'levator')",0.0,0.0
closed_G2_DNp09_DNa01_DNa02_s1_c01_7001,"('lm', 'TrF', 'reductor')",0.0,0.0
closed_G2_DNp09_DNa01_DNa02_s1_c01_7001,"('rf', 'CTr', 'extensor')",0.009284619876717318,0.0
closed_G2_DNp09_DNa01_DNa02_s1_c01_7001,"('rf', 'CTr', 'flexor')",0.0,0.0
closed_G2_DNp09_DNa01_DNa02_s1_c01_7001,"('rf', 'FTi', 'extensor')",0.0,0.0
closed_G2_DNp09_DNa01_DNa02_s1_c01_7001,"('rf', 'FTi', 'flexor')",0.00010416666666666669,0.0
closed_G2_DNp09_DNa01_DNa02_s1_c01_7001,"('rf', 'ThC', 'adductor')",0.0,0.0
closed_G2_DNp09_DNa01_DNa02_s1_c01_7001,"('rf', 'ThC', 'promotor')",0.0,0.0
closed_G2_DNp09_DNa01_DNa02_s1_c01_7001,"('rf', 'ThC', 'remotor')",0.004003203704571619,0.0
closed_G2_DNp09_DNa01_DNa02_s1_c01_7001,"('rf', 'ThC', 'rotator_ant')",7.160171763994067e-14,0.0
closed_G2_DNp09_DNa01_DNa02_s1_c01_7001,"('rf', 'ThC', 'rotator_post')",3.975945959617155e-13,0.0
closed_G2_DNp09_DNa01_DNa02_s1_c01_7001,"('rf', 'TiTa', 'depressor')",0.0,0.0
closed_G2_DNp09_DNa01_DNa02_s1_c01_7001,"('rf', 'TiTa', 'levator')",0.0,0.0
closed_G2_DNp09_DNa01_DNa02_s1_c01_7001,"('rf', 'TrF', 'reductor')",0.004721630678827196,0.0
closed_G2_DNp09_DNa01_DNa02_s1_c01_7001,"('rh', 'CTr', 'extensor')",0.008106327309525723,0.0
closed_G2_DNp09_DNa01_DNa02_s1_c01_7001,"('rh', 'CTr', 'flexor')",0.014401426727730626,0.0
closed_G2_DNp09_DNa01_DNa02_s1_c01_7001,"('rh', 'FTi', 'extensor')",0.059811804495256526,0.0
closed_G2_DNp09_DNa01_DNa02_s1_c01_7001,"('rh', 'FTi', 'flexor')",0.0,0.0
closed_G2_DNp09_DNa01_DNa02_s1_c01_7001,"('rh', 'ThC', 'adductor')",1.4764907434740177e-12,0.0
closed_G2_DNp09_DNa01_DNa02_s1_c01_7001,"('rh', 'ThC', 'remotor')",0.0,0.0
closed_G2_DNp09_DNa01_DNa02_s1_c01_7001,"('rh', 'ThC', 'rotator_ant')",0.00666945858704068,0.0
closed_G2_DNp09_DNa01_DNa02_s1_c01_7001,"('rh', 'ThC', 'rotator_post')",0.030404487485319463,0.0
closed_G2_DNp09_DNa01_DNa02_s1_c01_7001,"('rh', 'TiTa', 'depressor')",0.0,0.0
closed_G2_DNp09_DNa01_DNa02_s1_c01_7001,"('rh', 'TiTa', 'levator')",0.0,0.0
closed_G2_DNp09_DNa01_DNa02_s1_c01_7001,"('rh', 'TrF', 'reductor')",0.0003333333333333333,0.0
closed_G2_DNp09_DNa01_DNa02_s1_c01_7001,"('rm', 'CTr', 'extensor')",0.001052301444963879,0.0
closed_G2_DNp09_DNa01_DNa02_s1_c01_7001,"('rm', 'CTr', 'flexor')",6.956617003505469e-10,0.0
closed_G2_DNp09_DNa01_DNa02_s1_c01_7001,"('rm', 'FTi', 'extensor')",0.028697321427955676,0.0
closed_G2_DNp09_DNa01_DNa02_s1_c01_7001,"('rm', 'FTi', 'flexor')",0.0020768652853172145,0.0
closed_G2_DNp09_DNa01_DNa02_s1_c01_7001,"('rm', 'ThC', 'adductor')",0.0,0.0
closed_G2_DNp09_DNa01_DNa02_s1_c01_7001,"('rm', 'ThC', 'rotator_ant')",0.0,0.0
closed_G2_DNp09_DNa01_DNa02_s1_c01_7001,"('rm', 'ThC', 'rotator_post')",0.163431518668931,0.0
closed_G2_DNp09_DNa01_DNa02_s1_c01_7001,"('rm', 'TiTa', 'depressor')",0.0,0.0
closed_G2_DNp09_DNa01_DNa02_s1_c01_7001,"('rm', 'TiTa', 'levator')",0.0,0.0
closed_G2_DNp09_DNa01_DNa02_s1_c01_7001,"('rm', 'TrF', 'reductor')",0.0022222222605055115,0.0
closed_G2_DNp09_DNa01_DNa02_s1_c01_7002,"('lf', 'CTr', 'extensor')",0.14327257951487726,0.0
closed_G2_DNp09_DNa01_DNa02_s1_c01_7002,"('lf', 'CTr', 'flexor')",0.0,0.0
closed_G2_DNp09_DNa01_DNa02_s1_c01_7002,"('lf', 'FTi', 'extensor')",0.0,0.0
closed_G2_DNp09_DNa01_DNa02_s1_c01_7002,"('lf', 'FTi', 'flexor')",0.0,0.0
closed_G2_DNp09_DNa01_DNa02_s1_c01_7002,"('lf', 'ThC', 'adductor')",0.0,0.0
closed_G2_DNp09_DNa01_DNa02_s1_c01_7002,"('lf', 'ThC', 'promotor')",2.7171255302220874e-13,0.0
closed_G2_DNp09_DNa01_DNa02_s1_c01_7002,"('lf', 'ThC', 'remotor')",0.12209912038277657,0.0
closed_G2_DNp09_DNa01_DNa02_s1_c01_7002,"('lf', 'ThC', 'rotator_ant')",0.0,0.0
closed_G2_DNp09_DNa01_DNa02_s1_c01_7002,"('lf', 'ThC', 'rotator_post')",0.11826631412915153,0.0
closed_G2_DNp09_DNa01_DNa02_s1_c01_7002,"('lf', 'TiTa', 'depressor')",0.0,0.0
closed_G2_DNp09_DNa01_DNa02_s1_c01_7002,"('lf', 'TiTa', 'levator')",0.0,0.0
closed_G2_DNp09_DNa01_DNa02_s1_c01_7002,"('lf', 'TrF', 'reductor')",0.013865681223484872,0.0
closed_G2_DNp09_DNa01_DNa02_s1_c01_7002,"('lh', 'CTr', 'extensor')",0.018650301109756028,0.0
closed_G2_DNp09_DNa01_DNa02_s1_c01_7002,"('lh', 'CTr', 'flexor')",0.017172014778345308,0.0
closed_G2_DNp09_DNa01_DNa02_s1_c01_7002,"('lh', 'FTi', 'extensor')",0.03418803127123617,0.0
closed_G2_DNp09_DNa01_DNa02_s1_c01_7002,"('lh', 'FTi', 'flexor')",0.000707321745663174,0.0
closed_G2_DNp09_DNa01_DNa02_s1_c01_7002,"('lh', 'ThC', 'adductor')",0.0,0.0
closed_G2_DNp09_DNa01_DNa02_s1_c01_7002,"('lh', 'ThC', 'remotor')",0.0,0.0
closed_G2_DNp09_DNa01_DNa02_s1_c01_7002,"('lh', 'ThC', 'rotator_ant')",0.0,0.0
closed_G2_DNp09_DNa01_DNa02_s1_c01_7002,"('lh', 'ThC', 'rotator_post')",0.006764832693746667,0.0
closed_G2_DNp09_DNa01_DNa02_s1_c01_7002,"('lh', 'TiTa', 'depressor')",0.0,0.0
closed_G2_DNp09_DNa01_DNa02_s1_c01_7002,"('lh', 'TiTa', 'levator')",0.0,0.0
closed_G2_DNp09_DNa01_DNa02_s1_c01_7002,"('lh', 'TrF', 'reductor')",0.004323654831355165,0.0
closed_G2_DNp09_DNa01_DNa02_s1_c01_7002,"('lm', 'CTr', 'extensor')",0.0,0.0
closed_G2_DNp09_DNa01_DNa02_s1_c01_7002,"('lm', 'CTr', 'flexor')",0.018789000433219287,0.0
closed_G2_DNp09_DNa01_DNa02_s1_c01_7002,"('lm', 'FTi', 'extensor')",0.0040010951124095,0.0
closed_G2_DNp09_DNa01_DNa02_s1_c01_7002,"('lm', 'FTi', 'flexor')",0.0,0.0
closed_G2_DNp09_DNa01_DNa02_s1_c01_7002,"('lm', 'ThC', 'remotor')",0.0,0.0
closed_G2_DNp09_DNa01_DNa02_s1_c01_7002,"('lm', 'ThC', 'rotator_ant')",0.0006666666666666663,0.0
closed_G2_DNp09_DNa01_DNa02_s1_c01_7002,"('lm', 'ThC', 'rotator_post')",0.00788692331167381,0.0
closed_G2_DNp09_DNa01_DNa02_s1_c01_7002,"('lm', 'TiTa', 'depressor')",0.0,0.0
closed_G2_DNp09_DNa01_DNa02_s1_c01_7002,"('lm', 'TiTa', 'levator')",0.0,0.0
closed_G2_DNp09_DNa01_DNa02_s1_c01_7002,"('lm', 'TrF', 'reductor')",0.0,0.0
closed_G2_DNp09_DNa01_DNa02_s1_c01_7002,"('rf', 'CTr', 'extensor')",0.13156033346713308,0.0
closed_G2_DNp09_DNa01_DNa02_s1_c01_7002,"('rf', 'CTr', 'flexor')",0.00015151515151515152,0.0
closed_G2_DNp09_DNa01_DNa02_s1_c01_7002,"('rf', 'FTi', 'extensor')",0.0026661192356422976,0.0
closed_G2_DNp09_DNa01_DNa02_s1_c01_7002,"('rf', 'FTi', 'flexor')",0.0,0.0
closed_G2_DNp09_DNa01_DNa02_s1_c01_7002,"('rf', 'ThC', 'adductor')",0.0,0.0
closed_G2_DNp09_DNa01_DNa02_s1_c01_7002,"('rf', 'ThC', 'promotor')",0.0,0.0
closed_G2_DNp09_DNa01_DNa02_s1_c01_7002,"('rf', 'ThC', 'remotor')",0.13514521743099603,0.0
closed_G2_DNp09_DNa01_DNa02_s1_c01_7002,"('rf', 'ThC', 'rotator_ant')",0.0,0.0
closed_G2_DNp09_DNa01_DNa02_s1_c01_7002,"('rf', 'ThC', 'rotator_post')",0.13684506691930443,0.0
closed_G2_DNp09_DNa01_DNa02_s1_c01_7002,"('rf', 'TiTa', 'depressor')",0.0,0.0
closed_G2_DNp09_DNa01_DNa02_s1_c01_7002,"('rf', 'TiTa', 'levator')",0.0,0.0
closed_G2_DNp09_DNa01_DNa02_s1_c01_7002,"('rf', 'TrF', 'reductor')",0.0064820325547816,0.0
closed_G2_DNp09_DNa01_DNa02_s1_c01_7002,"('rh', 'CTr', 'extensor')",1.4504139255721199e-09,0.0
closed_G2_DNp09_DNa01_DNa02_s1_c01_7002,"('rh', 'CTr', 'flexor')",0.007227334065825136,0.0
closed_G2_DNp09_DNa01_DNa02_s1_c01_7002,"('rh', 'FTi', 'extensor')",0.058292848459113304,0.0
closed_G2_DNp09_DNa01_DNa02_s1_c01_7002,"('rh', 'FTi', 'flexor')",9.20398640838379e-12,0.0
closed_G2_DNp09_DNa01_DNa02_s1_c01_7002,"('rh', 'ThC', 'adductor')",0.0,0.0
closed_G2_DNp09_DNa01_DNa02_s1_c01_7002,"('rh', 'ThC', 'remotor')",0.0,0.0
closed_G2_DNp09_DNa01_DNa02_s1_c01_7002,"('rh', 'ThC', 'rotator_ant')",0.0027672209013020832,0.0
closed_G2_DNp09_DNa01_DNa02_s1_c01_7002,"('rh', 'ThC', 'rotator_post')",0.0013929052474418908,0.0
closed_G2_DNp09_DNa01_DNa02_s1_c01_7002,"('rh', 'TiTa', 'depressor')",0.0,0.0
closed_G2_DNp09_DNa01_DNa02_s1_c01_7002,"('rh', 'TiTa', 'levator')",0.0,0.0
closed_G2_DNp09_DNa01_DNa02_s1_c01_7002,"('rh', 'TrF', 'reductor')",0.0,0.0
closed_G2_DNp09_DNa01_DNa02_s1_c01_7002,"('rm', 'CTr', 'extensor')",5.0427743299997215e-11,0.0
closed_G2_DNp09_DNa01_DNa02_s1_c01_7002,"('rm', 'CTr', 'flexor')",0.0,0.0
closed_G2_DNp09_DNa01_DNa02_s1_c01_7002,"('rm', 'FTi', 'extensor')",0.04233551819488914,0.0
closed_G2_DNp09_DNa01_DNa02_s1_c01_7002,"('rm', 'FTi', 'flexor')",0.00029413554376010417,0.0
closed_G2_DNp09_DNa01_DNa02_s1_c01_7002,"('rm', 'ThC', 'adductor')",0.0,0.0
closed_G2_DNp09_DNa01_DNa02_s1_c01_7002,"('rm', 'ThC', 'rotator_ant')",0.0,0.0
closed_G2_DNp09_DNa01_DNa02_s1_c01_7002,"('rm', 'ThC', 'rotator_post')",0.003666674024054237,0.0
closed_G2_DNp09_DNa01_DNa02_s1_c01_7002,"('rm', 'TiTa', 'depressor')",0.0,0.0
closed_G2_DNp09_DNa01_DNa02_s1_c01_7002,"('rm', 'TiTa', 'levator')",0.0,0.0
closed_G2_DNp09_DNa01_DNa02_s1_c01_7002,"('rm', 'TrF', 'reductor')",0.0005555555555555547,0.0
closed_G2_DNp09_DNa01_DNa02_s1_c01_7003,"('lf', 'CTr', 'extensor')",0.05801909819901582,0.0
closed_G2_DNp09_DNa01_DNa02_s1_c01_7003,"('lf', 'CTr', 'flexor')",0.00015151515263533361,0.0
closed_G2_DNp09_DNa01_DNa02_s1_c01_7003,"('lf', 'FTi', 'extensor')",0.0,0.0
closed_G2_DNp09_DNa01_DNa02_s1_c01_7003,"('lf', 'FTi', 'flexor')",0.0,0.0
closed_G2_DNp09_DNa01_DNa02_s1_c01_7003,"('lf', 'ThC', 'adductor')",0.0,0.0
closed_G2_DNp09_DNa01_DNa02_s1_c01_7003,"('lf', 'ThC', 'promotor')",2.8762316427311135e-12,0.0
closed_G2_DNp09_DNa01_DNa02_s1_c01_7003,"('lf', 'ThC', 'remotor')",0.010846776553386154,0.0
closed_G2_DNp09_DNa01_DNa02_s1_c01_7003,"('lf', 'ThC', 'rotator_ant')",0.0,0.0
closed_G2_DNp09_DNa01_DNa02_s1_c01_7003,"('lf', 'ThC', 'rotator_post')",0.0036574926133486315,0.0
closed_G2_DNp09_DNa01_DNa02_s1_c01_7003,"('lf', 'TiTa', 'depressor')",0.0,0.0
closed_G2_DNp09_DNa01_DNa02_s1_c01_7003,"('lf', 'TiTa', 'levator')",0.0,0.0
closed_G2_DNp09_DNa01_DNa02_s1_c01_7003,"('lf', 'TrF', 'reductor')",0.00833165339078965,0.0
closed_G2_DNp09_DNa01_DNa02_s1_c01_7003,"('lh', 'CTr', 'extensor')",0.00020839943198546761,0.0
closed_G2_DNp09_DNa01_DNa02_s1_c01_7003,"('lh', 'CTr', 'flexor')",0.0263418861367458,0.0
closed_G2_DNp09_DNa01_DNa02_s1_c01_7003,"('lh', 'FTi', 'extensor')",0.04975065250002761,0.0
closed_G2_DNp09_DNa01_DNa02_s1_c01_7003,"('lh', 'FTi', 'flexor')",0.00021077627809632012,0.0
closed_G2_DNp09_DNa01_DNa02_s1_c01_7003,"('lh', 'ThC', 'adductor')",0.0,0.0
closed_G2_DNp09_DNa01_DNa02_s1_c01_7003,"('lh', 'ThC', 'remotor')",0.0,0.0
closed_G2_DNp09_DNa01_DNa02_s1_c01_7003,"('lh', 'ThC', 'rotator_ant')",3.9347757857071084e-11,0.0
closed_G2_DNp09_DNa01_DNa02_s1_c01_7003,"('lh', 'ThC', 'rotator_post')",0.0,0.0
closed_G2_DNp09_DNa01_DNa02_s1_c01_7003,"('lh', 'TiTa', 'depressor')",0.0,0.0
closed_G2_DNp09_DNa01_DNa02_s1_c01_7003,"('lh', 'TiTa', 'levator')",0.0,0.0
closed_G2_DNp09_DNa01_DNa02_s1_c01_7003,"('lh', 'TrF', 'reductor')",0.0006666666666477978,0.0
closed_G2_DNp09_DNa01_DNa02_s1_c01_7003,"('lm', 'CTr', 'extensor')",0.0,0.0
closed_G2_DNp09_DNa01_DNa02_s1_c01_7003,"('lm', 'CTr', 'flexor')",0.01850120869402022,0.0
closed_G2_DNp09_DNa01_DNa02_s1_c01_7003,"('lm', 'FTi', 'extensor')",0.013333168931941565,0.0
closed_G2_DNp09_DNa01_DNa02_s1_c01_7003,"('lm', 'FTi', 'flexor')",0.0,0.0
closed_G2_DNp09_DNa01_DNa02_s1_c01_7003,"('lm', 'ThC', 'remotor')",0.0,0.0
closed_G2_DNp09_DNa01_DNa02_s1_c01_7003,"('lm', 'ThC', 'rotator_ant')",0.0013333333184823372,0.0
closed_G2_DNp09_DNa01_DNa02_s1_c01_7003,"('lm', 'ThC', 'rotator_post')",0.05014830949571781,0.0
closed_G2_DNp09_DNa01_DNa02_s1_c01_7003,"('lm', 'TiTa', 'depressor')",0.0,0.0
closed_G2_DNp09_DNa01_DNa02_s1_c01_7003,"('lm', 'TiTa', 'levator')",0.0,0.0
closed_G2_DNp09_DNa01_DNa02_s1_c01_7003,"('lm', 'TrF', 'reductor')",0.0,0.0
closed_G2_DNp09_DNa01_DNa02_s1_c01_7003,"('rf', 'CTr', 'extensor')",0.06108257911843678,0.0
closed_G2_DNp09_DNa01_DNa02_s1_c01_7003,"('rf', 'CTr', 'flexor')",0.0,0.0
closed_G2_DNp09_DNa01_DNa02_s1_c01_7003,"('rf', 'FTi', 'extensor')",0.0003333333333326949,0.0
closed_G2_DNp09_DNa01_DNa02_s1_c01_7003,"('rf', 'FTi', 'flexor')",0.0,0.0
closed_G2_DNp09_DNa01_DNa02_s1_c01_7003,"('rf', 'ThC', 'adductor')",0.0,0.0
closed_G2_DNp09_DNa01_DNa02_s1_c01_7003,"('rf', 'ThC', 'promotor')",0.0,0.0
closed_G2_DNp09_DNa01_DNa02_s1_c01_7003,"('rf', 'ThC', 'remotor')",0.08354972111332923,0.0
closed_G2_DNp09_DNa01_DNa02_s1_c01_7003,"('rf', 'ThC', 'rotator_ant')",0.0,0.0
closed_G2_DNp09_DNa01_DNa02_s1_c01_7003,"('rf', 'ThC', 'rotator_post')",0.07161049709580235,0.0
closed_G2_DNp09_DNa01_DNa02_s1_c01_7003,"('rf', 'TiTa', 'depressor')",0.0,0.0
closed_G2_DNp09_DNa01_DNa02_s1_c01_7003,"('rf', 'TiTa', 'levator')",0.0,0.0
closed_G2_DNp09_DNa01_DNa02_s1_c01_7003,"('rf', 'TrF', 'reductor')",0.012775304009625845,0.0
closed_G2_DNp09_DNa01_DNa02_s1_c01_7003,"('rh', 'CTr', 'extensor')",7.693468790504696e-09,0.0
closed_G2_DNp09_DNa01_DNa02_s1_c01_7003,"('rh', 'CTr', 'flexor')",0.006607640859207423,0.0
closed_G2_DNp09_DNa01_DNa02_s1_c01_7003,"('rh', 'FTi', 'extensor')",0.05397918066172993,0.0
closed_G2_DNp09_DNa01_DNa02_s1_c01_7003,"('rh', 'FTi', 'flexor')",5.548158175212272e-14,0.0
closed_G2_DNp09_DNa01_DNa02_s1_c01_7003,"('rh', 'ThC', 'adductor')",0.0,0.0
closed_G2_DNp09_DNa01_DNa02_s1_c01_7003,"('rh', 'ThC', 'remotor')",0.0,0.0
closed_G2_DNp09_DNa01_DNa02_s1_c01_7003,"('rh', 'ThC', 'rotator_ant')",0.0026666666666666644,0.0
closed_G2_DNp09_DNa01_DNa02_s1_c01_7003,"('rh', 'ThC', 'rotator_post')",0.009355422188171297,0.0
closed_G2_DNp09_DNa01_DNa02_s1_c01_7003,"('rh', 'TiTa', 'depressor')",0.0,0.0
closed_G2_DNp09_DNa01_DNa02_s1_c01_7003,"('rh', 'TiTa', 'levator')",0.0,0.0
closed_G2_DNp09_DNa01_DNa02_s1_c01_7003,"('rh', 'TrF', 'reductor')",0.0,0.0
closed_G2_DNp09_DNa01_DNa02_s1_c01_7003,"('rm', 'CTr', 'extensor')",0.001249999999999997,0.0
closed_G2_DNp09_DNa01_DNa02_s1_c01_7003,"('rm', 'CTr', 'flexor')",0.0,0.0
closed_G2_DNp09_DNa01_DNa02_s1_c01_7003,"('rm', 'FTi', 'extensor')",0.00331294634594948,0.0
closed_G2_DNp09_DNa01_DNa02_s1_c01_7003,"('rm', 'FTi', 'flexor')",0.007549285167077135,0.0
closed_G2_DNp09_DNa01_DNa02_s1_c01_7003,"('rm', 'ThC', 'adductor')",0.0,0.0
closed_G2_DNp09_DNa01_DNa02_s1_c01_7003,"('rm', 'ThC', 'rotator_ant')",0.0010000024663246946,0.0
closed_G2_DNp09_DNa01_DNa02_s1_c01_7003,"('rm', 'ThC', 'rotator_post')",0.013925482420421385,0.0
closed_G2_DNp09_DNa01_DNa02_s1_c01_7003,"('rm', 'TiTa', 'depressor')",0.0,0.0
closed_G2_DNp09_DNa01_DNa02_s1_c01_7003,"('rm', 'TiTa', 'levator')",0.0,0.0
closed_G2_DNp09_DNa01_DNa02_s1_c01_7003,"('rm', 'TrF', 'reductor')",0.0,0.0
closed_G2_DNp09_DNa01_DNa02_s1_c01_7004,"('lf', 'CTr', 'extensor')",0.061236207261394074,0.0
closed_G2_DNp09_DNa01_DNa02_s1_c01_7004,"('lf', 'CTr', 'flexor')",1.9706628824845225e-12,0.0
closed_G2_DNp09_DNa01_DNa02_s1_c01_7004,"('lf', 'FTi', 'extensor')",0.0,0.0
closed_G2_DNp09_DNa01_DNa02_s1_c01_7004,"('lf', 'FTi', 'flexor')",0.0,0.0
closed_G2_DNp09_DNa01_DNa02_s1_c01_7004,"('lf', 'ThC', 'adductor')",0.0,0.0
closed_G2_DNp09_DNa01_DNa02_s1_c01_7004,"('lf', 'ThC', 'promotor')",0.00033333333332722926,0.0
closed_G2_DNp09_DNa01_DNa02_s1_c01_7004,"('lf', 'ThC', 'remotor')",0.008656333115858452,0.0
closed_G2_DNp09_DNa01_DNa02_s1_c01_7004,"('lf', 'ThC', 'rotator_ant')",0.0,0.0
closed_G2_DNp09_DNa01_DNa02_s1_c01_7004,"('lf', 'ThC', 'rotator_post')",0.002333406462892688,0.0
closed_G2_DNp09_DNa01_DNa02_s1_c01_7004,"('lf', 'TiTa', 'depressor')",0.0,0.0
closed_G2_DNp09_DNa01_DNa02_s1_c01_7004,"('lf', 'TiTa', 'levator')",0.0,0.0
closed_G2_DNp09_DNa01_DNa02_s1_c01_7004,"('lf', 'TrF', 'reductor')",0.009658406239362429,0.0
closed_G2_DNp09_DNa01_DNa02_s1_c01_7004,"('lh', 'CTr', 'extensor')",0.0,0.0
closed_G2_DNp09_DNa01_DNa02_s1_c01_7004,"('lh', 'CTr', 'flexor')",0.026631791462620038,0.0
closed_G2_DNp09_DNa01_DNa02_s1_c01_7004,"('lh', 'FTi', 'extensor')",0.04977229418193796,0.0
closed_G2_DNp09_DNa01_DNa02_s1_c01_7004,"('lh', 'FTi', 'flexor')",0.0002829832900309504,0.0
closed_G2_DNp09_DNa01_DNa02_s1_c01_7004,"('lh', 'ThC', 'adductor')",0.0,0.0
closed_G2_DNp09_DNa01_DNa02_s1_c01_7004,"('lh', 'ThC', 'remotor')",0.0,0.0
closed_G2_DNp09_DNa01_DNa02_s1_c01_7004,"('lh', 'ThC', 'rotator_ant')",0.0,0.0
closed_G2_DNp09_DNa01_DNa02_s1_c01_7004,"('lh', 'ThC', 'rotator_post')",0.0,0.0
closed_G2_DNp09_DNa01_DNa02_s1_c01_7004,"('lh', 'TiTa', 'depressor')",0.0,0.0
closed_G2_DNp09_DNa01_DNa02_s1_c01_7004,"('lh', 'TiTa', 'levator')",0.0,0.0
closed_G2_DNp09_DNa01_DNa02_s1_c01_7004,"('lh', 'TrF', 'reductor')",0.0026499953588596872,0.0
closed_G2_DNp09_DNa01_DNa02_s1_c01_7004,"('lm', 'CTr', 'extensor')",0.0,0.0
closed_G2_DNp09_DNa01_DNa02_s1_c01_7004,"('lm', 'CTr', 'flexor')",0.025821858323984676,0.0
closed_G2_DNp09_DNa01_DNa02_s1_c01_7004,"('lm', 'FTi', 'extensor')",0.017966672687030373,0.0
closed_G2_DNp09_DNa01_DNa02_s1_c01_7004,"('lm', 'FTi', 'flexor')",0.0,0.0
closed_G2_DNp09_DNa01_DNa02_s1_c01_7004,"('lm', 'ThC', 'remotor')",0.0,0.0
closed_G2_DNp09_DNa01_DNa02_s1_c01_7004,"('lm', 'ThC', 'rotator_ant')",0.0010000000010176372,0.0
closed_G2_DNp09_DNa01_DNa02_s1_c01_7004,"('lm', 'ThC', 'rotator_post')",0.07210606849297319,0.0
closed_G2_DNp09_DNa01_DNa02_s1_c01_7004,"('lm', 'TiTa', 'depressor')",0.0,0.0
closed_G2_DNp09_DNa01_DNa02_s1_c01_7004,"('lm', 'TiTa', 'levator')",0.0,0.0
closed_G2_DNp09_DNa01_DNa02_s1_c01_7004,"('lm', 'TrF', 'reductor')",0.0,0.0
closed_G2_DNp09_DNa01_DNa02_s1_c01_7004,"('rf', 'CTr', 'extensor')",0.06174204903300231,0.0
closed_G2_DNp09_DNa01_DNa02_s1_c01_7004,"('rf', 'CTr', 'flexor')",0.0,0.0
closed_G2_DNp09_DNa01_DNa02_s1_c01_7004,"('rf', 'FTi', 'extensor')",0.000666666666666666,0.0
closed_G2_DNp09_DNa01_DNa02_s1_c01_7004,"('rf', 'FTi', 'flexor')",0.0,0.0
closed_G2_DNp09_DNa01_DNa02_s1_c01_7004,"('rf', 'ThC', 'adductor')",0.0,0.0
closed_G2_DNp09_DNa01_DNa02_s1_c01_7004,"('rf', 'ThC', 'promotor')",0.0,0.0
closed_G2_DNp09_DNa01_DNa02_s1_c01_7004,"('rf', 'ThC', 'remotor')",0.07479002836368566,0.0
closed_G2_DNp09_DNa01_DNa02_s1_c01_7004,"('rf', 'ThC', 'rotator_ant')",0.0,0.0
closed_G2_DNp09_DNa01_DNa02_s1_c01_7004,"('rf', 'ThC', 'rotator_post')",0.05365137995731816,0.0
closed_G2_DNp09_DNa01_DNa02_s1_c01_7004,"('rf', 'TiTa', 'depressor')",0.0,0.0
closed_G2_DNp09_DNa01_DNa02_s1_c01_7004,"('rf', 'TiTa', 'levator')",0.0,0.0
closed_G2_DNp09_DNa01_DNa02_s1_c01_7004,"('rf', 'TrF', 'reductor')",0.008370562935778359,0.0
closed_G2_DNp09_DNa01_DNa02_s1_c01_7004,"('rh', 'CTr', 'extensor')",0.001376783003408156,0.0
closed_G2_DNp09_DNa01_DNa02_s1_c01_7004,"('rh', 'CTr', 'flexor')",0.0033346226647615602,0.0
closed_G2_DNp09_DNa01_DNa02_s1_c01_7004,"('rh', 'FTi', 'extensor')",0.05658458038550687,0.0
closed_G2_DNp09_DNa01_DNa02_s1_c01_7004,"('rh', 'FTi', 'flexor')",1.833443126658248e-11,0.0
closed_G2_DNp09_DNa01_DNa02_s1_c01_7004,"('rh', 'ThC', 'adductor')",0.0,0.0
closed_G2_DNp09_DNa01_DNa02_s1_c01_7004,"('rh', 'ThC', 'remotor')",0.0,0.0
closed_G2_DNp09_DNa01_DNa02_s1_c01_7004,"('rh', 'ThC', 'rotator_ant')",0.003999005510313261,0.0
closed_G2_DNp09_DNa01_DNa02_s1_c01_7004,"('rh', 'ThC', 'rotator_post')",0.008006116227590478,0.0
closed_G2_DNp09_DNa01_DNa02_s1_c01_7004,"('rh', 'TiTa', 'depressor')",0.0,0.0
closed_G2_DNp09_DNa01_DNa02_s1_c01_7004,"('rh', 'TiTa', 'levator')",0.0,0.0
closed_G2_DNp09_DNa01_DNa02_s1_c01_7004,"('rh', 'TrF', 'reductor')",0.0,0.0
closed_G2_DNp09_DNa01_DNa02_s1_c01_7004,"('rm', 'CTr', 'extensor')",0.0,0.0
closed_G2_DNp09_DNa01_DNa02_s1_c01_7004,"('rm', 'CTr', 'flexor')",6.400988881151886e-11,0.0
closed_G2_DNp09_DNa01_DNa02_s1_c01_7004,"('rm', 'FTi', 'extensor')",0.038467396924063826,0.0
closed_G2_DNp09_DNa01_DNa02_s1_c01_7004,"('rm', 'FTi', 'flexor')",0.0005971720041642845,0.0
closed_G2_DNp09_DNa01_DNa02_s1_c01_7004,"('rm', 'ThC', 'adductor')",0.0,0.0
closed_G2_DNp09_DNa01_DNa02_s1_c01_7004,"('rm', 'ThC', 'rotator_ant')",0.0,0.0
closed_G2_DNp09_DNa01_DNa02_s1_c01_7004,"('rm', 'ThC', 'rotator_post')",0.11591325881919179,0.0
closed_G2_DNp09_DNa01_DNa02_s1_c01_7004,"('rm', 'TiTa', 'depressor')",0.0,0.0
closed_G2_DNp09_DNa01_DNa02_s1_c01_7004,"('rm', 'TiTa', 'levator')",0.0,0.0
closed_G2_DNp09_DNa01_DNa02_s1_c01_7004,"('rm', 'TrF', 'reductor')",0.0022777844185002142,0.0
closed_G2_DNp09_DNa01_DNa02_s1_c10_7000,"('lf', 'CTr', 'extensor')",0.01207625259158163,0.0
closed_G2_DNp09_DNa01_DNa02_s1_c10_7000,"('lf', 'CTr', 'flexor')",0.0021269914946088855,0.0
closed_G2_DNp09_DNa01_DNa02_s1_c10_7000,"('lf', 'FTi', 'extensor')",0.0,0.0
closed_G2_DNp09_DNa01_DNa02_s1_c10_7000,"('lf', 'FTi', 'flexor')",0.0,0.0
closed_G2_DNp09_DNa01_DNa02_s1_c10_7000,"('lf', 'ThC', 'adductor')",0.0,0.0
closed_G2_DNp09_DNa01_DNa02_s1_c10_7000,"('lf', 'ThC', 'promotor')",0.003930443488733575,0.0
closed_G2_DNp09_DNa01_DNa02_s1_c10_7000,"('lf', 'ThC', 'remotor')",0.06303878285237238,0.0
closed_G2_DNp09_DNa01_DNa02_s1_c10_7000,"('lf', 'ThC', 'rotator_ant')",0.0,0.0
closed_G2_DNp09_DNa01_DNa02_s1_c10_7000,"('lf', 'ThC', 'rotator_post')",0.045129494350251015,0.0
closed_G2_DNp09_DNa01_DNa02_s1_c10_7000,"('lf', 'TiTa', 'depressor')",0.0,0.0
closed_G2_DNp09_DNa01_DNa02_s1_c10_7000,"('lf', 'TiTa', 'levator')",0.0,0.0
closed_G2_DNp09_DNa01_DNa02_s1_c10_7000,"('lf', 'TrF', 'reductor')",0.036774160501949336,0.0
closed_G2_DNp09_DNa01_DNa02_s1_c10_7000,"('lh', 'CTr', 'extensor')",0.0014583293683782847,0.0
closed_G2_DNp09_DNa01_DNa02_s1_c10_7000,"('lh', 'CTr', 'flexor')",0.013901612714051773,0.0
closed_G2_DNp09_DNa01_DNa02_s1_c10_7000,"('lh', 'FTi', 'extensor')",0.01461449480818321,0.0
closed_G2_DNp09_DNa01_DNa02_s1_c10_7000,"('lh', 'FTi', 'flexor')",0.0031423429661324213,0.0
closed_G2_DNp09_DNa01_DNa02_s1_c10_7000,"('lh', 'ThC', 'adductor')",0.0,0.0
closed_G2_DNp09_DNa01_DNa02_s1_c10_7000,"('lh', 'ThC', 'remotor')",0.0,0.0
closed_G2_DNp09_DNa01_DNa02_s1_c10_7000,"('lh', 'ThC', 'rotator_ant')",0.0,0.0
closed_G2_DNp09_DNa01_DNa02_s1_c10_7000,"('lh', 'ThC', 'rotator_post')",0.0,0.0
closed_G2_DNp09_DNa01_DNa02_s1_c10_7000,"('lh', 'TiTa', 'depressor')",0.0,0.0
closed_G2_DNp09_DNa01_DNa02_s1_c10_7000,"('lh', 'TiTa', 'levator')",0.0,0.0
closed_G2_DNp09_DNa01_DNa02_s1_c10_7000,"('lh', 'TrF', 'reductor')",0.002,0.0
closed_G2_DNp09_DNa01_DNa02_s1_c10_7000,"('lm', 'CTr', 'extensor')",0.0031092114893236074,0.0
closed_G2_DNp09_DNa01_DNa02_s1_c10_7000,"('lm', 'CTr', 'flexor')",0.00715217869280148,0.0
closed_G2_DNp09_DNa01_DNa02_s1_c10_7000,"('lm', 'FTi', 'extensor')",0.0010000000003890848,0.0
closed_G2_DNp09_DNa01_DNa02_s1_c10_7000,"('lm', 'FTi', 'flexor')",0.0015625009801289468,0.0
closed_G2_DNp09_DNa01_DNa02_s1_c10_7000,"('lm', 'ThC', 'remotor')",0.0,0.0
closed_G2_DNp09_DNa01_DNa02_s1_c10_7000,"('lm', 'ThC', 'rotator_ant')",0.0009549095847333952,0.0
closed_G2_DNp09_DNa01_DNa02_s1_c10_7000,"('lm', 'ThC', 'rotator_post')",0.028293084987831642,0.0
closed_G2_DNp09_DNa01_DNa02_s1_c10_7000,"('lm', 'TiTa', 'depressor')",0.0,0.0
closed_G2_DNp09_DNa01_DNa02_s1_c10_7000,"('lm', 'TiTa', 'levator')",0.0,0.0
closed_G2_DNp09_DNa01_DNa02_s1_c10_7000,"('lm', 'TrF', 'reductor')",0.0,0.0
closed_G2_DNp09_DNa01_DNa02_s1_c10_7000,"('rf', 'CTr', 'extensor')",0.024977767992790504,0.0
closed_G2_DNp09_DNa01_DNa02_s1_c10_7000,"('rf', 'CTr', 'flexor')",0.0004545459562672475,0.0
closed_G2_DNp09_DNa01_DNa02_s1_c10_7000,"('rf', 'FTi', 'extensor')",0.022619886539242698,0.0
closed_G2_DNp09_DNa01_DNa02_s1_c10_7000,"('rf', 'FTi', 'flexor')",0.00021135780049059922,0.0
closed_G2_DNp09_DNa01_DNa02_s1_c10_7000,"('rf', 'ThC', 'adductor')",0.0,0.0
closed_G2_DNp09_DNa01_DNa02_s1_c10_7000,"('rf', 'ThC', 'promotor')",0.0003333333333333333,0.0
closed_G2_DNp09_DNa01_DNa02_s1_c10_7000,"('rf', 'ThC', 'remotor')",0.06713596611106558,0.0
closed_G2_DNp09_DNa01_DNa02_s1_c10_7000,"('rf', 'ThC', 'rotator_ant')",0.0,0.0
closed_G2_DNp09_DNa01_DNa02_s1_c10_7000,"('rf', 'ThC', 'rotator_post')",0.042377874285218546,0.0
closed_G2_DNp09_DNa01_DNa02_s1_c10_7000,"('rf', 'TiTa', 'depressor')",0.0,0.0
closed_G2_DNp09_DNa01_DNa02_s1_c10_7000,"('rf', 'TiTa', 'levator')",0.0,0.0
closed_G2_DNp09_DNa01_DNa02_s1_c10_7000,"('rf', 'TrF', 'reductor')",0.03026394128552291,0.0
closed_G2_DNp09_DNa01_DNa02_s1_c10_7000,"('rh', 'CTr', 'extensor')",1.993667252376939e-10,0.0
closed_G2_DNp09_DNa01_DNa02_s1_c10_7000,"('rh', 'CTr', 'flexor')",0.0,0.0
closed_G2_DNp09_DNa01_DNa02_s1_c10_7000,"('rh', 'FTi', 'extensor')",2.581269253710982e-13,0.0
closed_G2_DNp09_DNa01_DNa02_s1_c10_7000,"('rh', 'FTi', 'flexor')",2.1738408621441842e-08,0.0
closed_G2_DNp09_DNa01_DNa02_s1_c10_7000,"('rh', 'ThC', 'adductor')",1.494355554264761e-10,0.0
closed_G2_DNp09_DNa01_DNa02_s1_c10_7000,"('rh', 'ThC', 'remotor')",0.0,0.0
closed_G2_DNp09_DNa01_DNa02_s1_c10_7000,"('rh', 'ThC', 'rotator_ant')",0.012159112336987798,0.0
closed_G2_DNp09_DNa01_DNa02_s1_c10_7000,"('rh', 'ThC', 'rotator_post')",0.0,0.0
closed_G2_DNp09_DNa01_DNa02_s1_c10_7000,"('rh', 'TiTa', 'depressor')",0.0,0.0
closed_G2_DNp09_DNa01_DNa02_s1_c10_7000,"('rh', 'TiTa', 'levator')",0.0,0.0
closed_G2_DNp09_DNa01_DNa02_s1_c10_7000,"('rh', 'TrF', 'reductor')",0.0,0.0
closed_G2_DNp09_DNa01_DNa02_s1_c10_7000,"('rm', 'CTr', 'extensor')",0.0006250000196106885,0.0
closed_G2_DNp09_DNa01_DNa02_s1_c10_7000,"('rm', 'CTr', 'flexor')",5.679184694945386e-10,0.0
closed_G2_DNp09_DNa01_DNa02_s1_c10_7000,"('rm', 'FTi', 'extensor')",0.004582906448624321,0.0
closed_G2_DNp09_DNa01_DNa02_s1_c10_7000,"('rm', 'FTi', 'flexor')",0.005291114157069519,0.0
closed_G2_DNp09_DNa01_DNa02_s1_c10_7000,"('rm', 'ThC', 'adductor')",0.0,0.0
closed_G2_DNp09_DNa01_DNa02_s1_c10_7000,"('rm', 'ThC', 'rotator_ant')",0.0,0.0
closed_G2_DNp09_DNa01_DNa02_s1_c10_7000,"('rm', 'ThC', 'rotator_post')",0.012198289309504695,0.0
closed_G2_DNp09_DNa01_DNa02_s1_c10_7000,"('rm', 'TiTa', 'depressor')",0.0,0.0
closed_G2_DNp09_DNa01_DNa02_s1_c10_7000,"('rm', 'TiTa', 'levator')",0.0,0.0
closed_G2_DNp09_DNa01_DNa02_s1_c10_7000,"('rm', 'TrF', 'reductor')",0.0002777777777777773,0.0
closed_G2_DNp09_DNa01_DNa02_s1_c10_7001,"('lf', 'CTr', 'extensor')",0.01233939096887557,0.0
closed_G2_DNp09_DNa01_DNa02_s1_c10_7001,"('lf', 'CTr', 'flexor')",0.005747019322211644,0.0
closed_G2_DNp09_DNa01_DNa02_s1_c10_7001,"('lf', 'FTi', 'extensor')",0.0,0.0
closed_G2_DNp09_DNa01_DNa02_s1_c10_7001,"('lf', 'FTi', 'flexor')",0.0,0.0
closed_G2_DNp09_DNa01_DNa02_s1_c10_7001,"('lf', 'ThC', 'adductor')",0.0,0.0
closed_G2_DNp09_DNa01_DNa02_s1_c10_7001,"('lf', 'ThC', 'promotor')",0.009324578018582287,0.0
closed_G2_DNp09_DNa01_DNa02_s1_c10_7001,"('lf', 'ThC', 'remotor')",0.006140786150547227,0.0
closed_G2_DNp09_DNa01_DNa02_s1_c10_7001,"('lf', 'ThC', 'rotator_ant')",0.0,0.0
closed_G2_DNp09_DNa01_DNa02_s1_c10_7001,"('lf', 'ThC', 'rotator_post')",0.00404010453530658,0.0
closed_G2_DNp09_DNa01_DNa02_s1_c10_7001,"('lf', 'TiTa', 'depressor')",0.0,0.0
closed_G2_DNp09_DNa01_DNa02_s1_c10_7001,"('lf', 'TiTa', 'levator')",0.0,0.0
closed_G2_DNp09_DNa01_DNa02_s1_c10_7001,"('lf', 'TrF', 'reductor')",0.024694347443541004,0.0
closed_G2_DNp09_DNa01_DNa02_s1_c10_7001,"('lh', 'CTr', 'extensor')",0.008888533409574679,0.0
closed_G2_DNp09_DNa01_DNa02_s1_c10_7001,"('lh', 'CTr', 'flexor')",0.0019236267659803372,0.0
closed_G2_DNp09_DNa01_DNa02_s1_c10_7001,"('lh', 'FTi', 'extensor')",0.0027156625901382345,0.0
closed_G2_DNp09_DNa01_DNa02_s1_c10_7001,"('lh', 'FTi', 'flexor')",0.0006606950085839924,0.0
closed_G2_DNp09_DNa01_DNa02_s1_c10_7001,"('lh', 'ThC', 'adductor')",0.0,0.0
closed_G2_DNp09_DNa01_DNa02_s1_c10_7001,"('lh', 'ThC', 'remotor')",0.0,0.0
closed_G2_DNp09_DNa01_DNa02_s1_c10_7001,"('lh', 'ThC', 'rotator_ant')",0.0,0.0
closed_G2_DNp09_DNa01_DNa02_s1_c10_7001,"('lh', 'ThC', 'rotator_post')",0.002367844921925634,0.0
closed_G2_DNp09_DNa01_DNa02_s1_c10_7001,"('lh', 'TiTa', 'depressor')",0.0,0.0
closed_G2_DNp09_DNa01_DNa02_s1_c10_7001,"('lh', 'TiTa', 'levator')",0.0,0.0
closed_G2_DNp09_DNa01_DNa02_s1_c10_7001,"('lh', 'TrF', 'reductor')",0.0022882495078078327,0.0
closed_G2_DNp09_DNa01_DNa02_s1_c10_7001,"('lm', 'CTr', 'extensor')",0.008047234762650443,0.0
closed_G2_DNp09_DNa01_DNa02_s1_c10_7001,"('lm', 'CTr', 'flexor')",0.005561615027817323,0.0
closed_G2_DNp09_DNa01_DNa02_s1_c10_7001,"('lm', 'FTi', 'extensor')",0.003999672270152674,0.0
closed_G2_DNp09_DNa01_DNa02_s1_c10_7001,"('lm', 'FTi', 'flexor')",0.00041925982120170625,0.0
closed_G2_DNp09_DNa01_DNa02_s1_c10_7001,"('lm', 'ThC', 'remotor')",0.0,0.0
closed_G2_DNp09_DNa01_DNa02_s1_c10_7001,"('lm', 'ThC', 'rotator_ant')",0.000333308113354402,0.0
closed_G2_DNp09_DNa01_DNa02_s1_c10_7001,"('lm', 'ThC', 'rotator_post')",0.10294959151536963,0.0
closed_G2_DNp09_DNa01_DNa02_s1_c10_7001,"('lm', 'TiTa', 'depressor')",0.0,0.0
closed_G2_DNp09_DNa01_DNa02_s1_c10_7001,"('lm', 'TiTa', 'levator')",0.0,0.0
closed_G2_DNp09_DNa01_DNa02_s1_c10_7001,"('lm', 'TrF', 'reductor')",6.136645059055053e-09,0.0
closed_G2_DNp09_DNa01_DNa02_s1_c10_7001,"('rf', 'CTr', 'extensor')",0.0217255977429161,0.0
closed_G2_DNp09_DNa01_DNa02_s1_c10_7001,"('rf', 'CTr', 'flexor')",0.0006061674241682538,0.0
closed_G2_DNp09_DNa01_DNa02_s1_c10_7001,"('rf', 'FTi', 'extensor')",0.012645298691810067,0.0
closed_G2_DNp09_DNa01_DNa02_s1_c10_7001,"('rf', 'FTi', 'flexor')",0.0007270545263381677,0.0
closed_G2_DNp09_DNa01_DNa02_s1_c10_7001,"('rf', 'ThC', 'adductor')",0.0,0.0
closed_G2_DNp09_DNa01_DNa02_s1_c10_7001,"('rf', 'ThC', 'promotor')",0.0011337535826314376,0.0
closed_G2_DNp09_DNa01_DNa02_s1_c10_7001,"('rf', 'ThC', 'remotor')",0.0033333801461427623,0.0
closed_G2_DNp09_DNa01_DNa02_s1_c10_7001,"('rf', 'ThC', 'rotator_ant')",6.802163175794364e-14,0.0
closed_G2_DNp09_DNa01_DNa02_s1_c10_7001,"('rf', 'ThC', 'rotator_post')",1.258820429395068e-13,0.0
closed_G2_DNp09_DNa01_DNa02_s1_c10_7001,"('rf', 'TiTa', 'depressor')",0.0,0.0
closed_G2_DNp09_DNa01_DNa02_s1_c10_7001,"('rf', 'TiTa', 'levator')",0.0,0.0
closed_G2_DNp09_DNa01_DNa02_s1_c10_7001,"('rf', 'TrF', 'reductor')",0.006372852468468568,0.0
closed_G2_DNp09_DNa01_DNa02_s1_c10_7001,"('rh', 'CTr', 'extensor')",0.00020833333462760536,0.0
closed_G2_DNp09_DNa01_DNa02_s1_c10_7001,"('rh', 'CTr', 'flexor')",0.0,0.0
closed_G2_DNp09_DNa01_DNa02_s1_c10_7001,"('rh', 'FTi', 'extensor')",1.5185185789491444e-07,0.0
closed_G2_DNp09_DNa01_DNa02_s1_c10_7001,"('rh', 'FTi', 'flexor')",6.811682752848455e-14,0.0
closed_G2_DNp09_DNa01_DNa02_s1_c10_7001,"('rh', 'ThC', 'adductor')",1.6360008237939264e-12,0.0
closed_G2_DNp09_DNa01_DNa02_s1_c10_7001,"('rh', 'ThC', 'remotor')",0.0,0.0
closed_G2_DNp09_DNa01_DNa02_s1_c10_7001,"('rh', 'ThC', 'rotator_ant')",0.005326912370724101,0.0
closed_G2_DNp09_DNa01_DNa02_s1_c10_7001,"('rh', 'ThC', 'rotator_post')",0.0,0.0
closed_G2_DNp09_DNa01_DNa02_s1_c10_7001,"('rh', 'TiTa', 'depressor')",0.0,0.0
closed_G2_DNp09_DNa01_DNa02_s1_c10_7001,"('rh', 'TiTa', 'levator')",0.0,0.0
closed_G2_DNp09_DNa01_DNa02_s1_c10_7001,"('rh', 'TrF', 'reductor')",0.0,0.0
closed_G2_DNp09_DNa01_DNa02_s1_c10_7001,"('rm', 'CTr', 'extensor')",0.0005609680313089833,0.0
closed_G2_DNp09_DNa01_DNa02_s1_c10_7001,"('rm', 'CTr', 'flexor')",0.00016666666666666666,0.0
closed_G2_DNp09_DNa01_DNa02_s1_c10_7001,"('rm', 'FTi', 'extensor')",0.008336276241010568,0.0
closed_G2_DNp09_DNa01_DNa02_s1_c10_7001,"('rm', 'FTi', 'flexor')",0.006244246976381524,0.0
closed_G2_DNp09_DNa01_DNa02_s1_c10_7001,"('rm', 'ThC', 'adductor')",0.0,0.0
closed_G2_DNp09_DNa01_DNa02_s1_c10_7001,"('rm', 'ThC', 'rotator_ant')",0.0,0.0
closed_G2_DNp09_DNa01_DNa02_s1_c10_7001,"('rm', 'ThC', 'rotator_post')",0.17540250563720755,0.0
closed_G2_DNp09_DNa01_DNa02_s1_c10_7001,"('rm', 'TiTa', 'depressor')",0.0,0.0
closed_G2_DNp09_DNa01_DNa02_s1_c10_7001,"('rm', 'TiTa', 'levator')",0.0,0.0
closed_G2_DNp09_DNa01_DNa02_s1_c10_7001,"('rm', 'TrF', 'reductor')",0.0016665264527625327,0.0
closed_G2_DNp09_DNa01_DNa02_s1_c10_7002,"('lf', 'CTr', 'extensor')",0.11567636487285869,0.0
closed_G2_DNp09_DNa01_DNa02_s1_c10_7002,"('lf', 'CTr', 'flexor')",0.0,0.0
closed_G2_DNp09_DNa01_DNa02_s1_c10_7002,"('lf', 'FTi', 'extensor')",0.0,0.0
closed_G2_DNp09_DNa01_DNa02_s1_c10_7002,"('lf', 'FTi', 'flexor')",0.0,0.0
closed_G2_DNp09_DNa01_DNa02_s1_c10_7002,"('lf', 'ThC', 'adductor')",0.0,0.0
closed_G2_DNp09_DNa01_DNa02_s1_c10_7002,"('lf', 'ThC', 'promotor')",0.0003333333333333333,0.0
closed_G2_DNp09_DNa01_DNa02_s1_c10_7002,"('lf', 'ThC', 'remotor')",0.11929662584394427,0.0
closed_G2_DNp09_DNa01_DNa02_s1_c10_7002,"('lf', 'ThC', 'rotator_ant')",0.0,0.0
closed_G2_DNp09_DNa01_DNa02_s1_c10_7002,"('lf', 'ThC', 'rotator_post')",0.10837180383029617,0.0
closed_G2_DNp09_DNa01_DNa02_s1_c10_7002,"('lf', 'TiTa', 'depressor')",0.0,0.0
closed_G2_DNp09_DNa01_DNa02_s1_c10_7002,"('lf', 'TiTa', 'levator')",0.0,0.0
closed_G2_DNp09_DNa01_DNa02_s1_c10_7002,"('lf', 'TrF', 'reductor')",0.018896351513369564,0.0
closed_G2_DNp09_DNa01_DNa02_s1_c10_7002,"('lh', 'CTr', 'extensor')",0.033146680897778204,0.0
closed_G2_DNp09_DNa01_DNa02_s1_c10_7002,"('lh', 'CTr', 'flexor')",0.008949006678954242,0.0
closed_G2_DNp09_DNa01_DNa02_s1_c10_7002,"('lh', 'FTi', 'extensor')",0.002407103972124914,0.0
closed_G2_DNp09_DNa01_DNa02_s1_c10_7002,"('lh', 'FTi', 'flexor')",0.00186274556291566,0.0
closed_G2_DNp09_DNa01_DNa02_s1_c10_7002,"('lh', 'ThC', 'adductor')",0.0,0.0
closed_G2_DNp09_DNa01_DNa02_s1_c10_7002,"('lh', 'ThC', 'remotor')",0.0,0.0
closed_G2_DNp09_DNa01_DNa02_s1_c10_7002,"('lh', 'ThC', 'rotator_ant')",0.0,0.0
closed_G2_DNp09_DNa01_DNa02_s1_c10_7002,"('lh', 'ThC', 'rotator_post')",0.009060250381925483,0.0
closed_G2_DNp09_DNa01_DNa02_s1_c10_7002,"('lh', 'TiTa', 'depressor')",0.0,0.0
closed_G2_DNp09_DNa01_DNa02_s1_c10_7002,"('lh', 'TiTa', 'levator')",0.0,0.0
closed_G2_DNp09_DNa01_DNa02_s1_c10_7002,"('lh', 'TrF', 'reductor')",0.0019761567405371327,0.0
closed_G2_DNp09_DNa01_DNa02_s1_c10_7002,"('lm', 'CTr', 'extensor')",0.0024985071980189047,0.0
closed_G2_DNp09_DNa01_DNa02_s1_c10_7002,"('lm', 'CTr', 'flexor')",0.011557580602801319,0.0
closed_G2_DNp09_DNa01_DNa02_s1_c10_7002,"('lm', 'FTi', 'extensor')",0.0003333333333333333,0.0
closed_G2_DNp09_DNa01_DNa02_s1_c10_7002,"('lm', 'FTi', 'flexor')",0.0009374963771098699,0.0
closed_G2_DNp09_DNa01_DNa02_s1_c10_7002,"('lm', 'ThC', 'remotor')",0.0,0.0
closed_G2_DNp09_DNa01_DNa02_s1_c10_7002,"('lm', 'ThC', 'rotator_ant')",0.0,0.0
closed_G2_DNp09_DNa01_DNa02_s1_c10_7002,"('lm', 'ThC', 'rotator_post')",0.03731379997228645,0.0
closed_G2_DNp09_DNa01_DNa02_s1_c10_7002,"('lm', 'TiTa', 'depressor')",0.0,0.0
closed_G2_DNp09_DNa01_DNa02_s1_c10_7002,"('lm', 'TiTa', 'levator')",0.0,0.0
closed_G2_DNp09_DNa01_DNa02_s1_c10_7002,"('lm', 'TrF', 'reductor')",0.0,0.0
closed_G2_DNp09_DNa01_DNa02_s1_c10_7002,"('rf', 'CTr', 'extensor')",0.13699221437962306,0.0
closed_G2_DNp09_DNa01_DNa02_s1_c10_7002,"('rf', 'CTr', 'flexor')",0.00015151515151515152,0.0
closed_G2_DNp09_DNa01_DNa02_s1_c10_7002,"('rf', 'FTi', 'extensor')",0.01065522082099708,0.0
closed_G2_DNp09_DNa01_DNa02_s1_c10_7002,"('rf', 'FTi', 'flexor')",0.0003125042132823801,0.0
closed_G2_DNp09_DNa01_DNa02_s1_c10_7002,"('rf', 'ThC', 'adductor')",0.0,0.0
closed_G2_DNp09_DNa01_DNa02_s1_c10_7002,"('rf', 'ThC', 'promotor')",0.0003333333333333333,0.0
closed_G2_DNp09_DNa01_DNa02_s1_c10_7002,"('rf', 'ThC', 'remotor')",0.13260068793297944,0.0
closed_G2_DNp09_DNa01_DNa02_s1_c10_7002,"('rf', 'ThC', 'rotator_ant')",0.0,0.0
closed_G2_DNp09_DNa01_DNa02_s1_c10_7002,"('rf', 'ThC', 'rotator_post')",0.1388611698517766,0.0
closed_G2_DNp09_DNa01_DNa02_s1_c10_7002,"('rf', 'TiTa', 'depressor')",0.0,0.0
closed_G2_DNp09_DNa01_DNa02_s1_c10_7002,"('rf', 'TiTa', 'levator')",0.0,0.0
closed_G2_DNp09_DNa01_DNa02_s1_c10_7002,"('rf', 'TrF', 'reductor')",0.008313627992791865,0.0
closed_G2_DNp09_DNa01_DNa02_s1_c10_7002,"('rh', 'CTr', 'extensor')",0.027077929789075698,0.0
closed_G2_DNp09_DNa01_DNa02_s1_c10_7002,"('rh', 'CTr', 'flexor')",0.0009603621857901867,0.0
closed_G2_DNp09_DNa01_DNa02_s1_c10_7002,"('rh', 'FTi', 'extensor')",3.5312579157386634e-12,0.0
closed_G2_DNp09_DNa01_DNa02_s1_c10_7002,"('rh', 'FTi', 'flexor')",0.00027777777756618954,0.0
closed_G2_DNp09_DNa01_DNa02_s1_c10_7002,"('rh', 'ThC', 'adductor')",0.0,0.0
closed_G2_DNp09_DNa01_DNa02_s1_c10_7002,"('rh', 'ThC', 'remotor')",0.0,0.0
closed_G2_DNp09_DNa01_DNa02_s1_c10_7002,"('rh', 'ThC', 'rotator_ant')",0.0049994237568164665,0.0
closed_G2_DNp09_DNa01_DNa02_s1_c10_7002,"('rh', 'ThC', 'rotator_post')",0.027926280484358405,0.0
closed_G2_DNp09_DNa01_DNa02_s1_c10_7002,"('rh', 'TiTa', 'depressor')",0.0,0.0
closed_G2_DNp09_DNa01_DNa02_s1_c10_7002,"('rh', 'TiTa', 'levator')",0.0,0.0
closed_G2_DNp09_DNa01_DNa02_s1_c10_7002,"('rh', 'TrF', 'reductor')",0.0,0.0
closed_G2_DNp09_DNa01_DNa02_s1_c10_7002,"('rm', 'CTr', 'extensor')",3.345479520901824e-11,0.0
closed_G2_DNp09_DNa01_DNa02_s1_c10_7002,"('rm', 'CTr', 'flexor')",0.0,0.0
closed_G2_DNp09_DNa01_DNa02_s1_c10_7002,"('rm', 'FTi', 'extensor')",0.007387565595297435,0.0
closed_G2_DNp09_DNa01_DNa02_s1_c10_7002,"('rm', 'FTi', 'flexor')",0.004999634913907224,0.0
closed_G2_DNp09_DNa01_DNa02_s1_c10_7002,"('rm', 'ThC', 'adductor')",0.0,0.0
closed_G2_DNp09_DNa01_DNa02_s1_c10_7002,"('rm', 'ThC', 'rotator_ant')",0.0,0.0
closed_G2_DNp09_DNa01_DNa02_s1_c10_7002,"('rm', 'ThC', 'rotator_post')",0.034296215965309754,0.0
closed_G2_DNp09_DNa01_DNa02_s1_c10_7002,"('rm', 'TiTa', 'depressor')",0.0,0.0
closed_G2_DNp09_DNa01_DNa02_s1_c10_7002,"('rm', 'TiTa', 'levator')",0.0,0.0
closed_G2_DNp09_DNa01_DNa02_s1_c10_7002,"('rm', 'TrF', 'reductor')",0.0,0.0
closed_G2_DNp09_DNa01_DNa02_s1_c10_7003,"('lf', 'CTr', 'extensor')",0.043893811090059624,0.0
closed_G2_DNp09_DNa01_DNa02_s1_c10_7003,"('lf', 'CTr', 'flexor')",0.0024242422443821934,0.0
closed_G2_DNp09_DNa01_DNa02_s1_c10_7003,"('lf', 'FTi', 'extensor')",0.0,0.0
closed_G2_DNp09_DNa01_DNa02_s1_c10_7003,"('lf', 'FTi', 'flexor')",0.0,0.0
closed_G2_DNp09_DNa01_DNa02_s1_c10_7003,"('lf', 'ThC', 'adductor')",0.0,0.0
closed_G2_DNp09_DNa01_DNa02_s1_c10_7003,"('lf', 'ThC', 'promotor')",0.001333333333333331,0.0
closed_G2_DNp09_DNa01_DNa02_s1_c10_7003,"('lf', 'ThC', 'remotor')",0.010087224121282436,0.0
closed_G2_DNp09_DNa01_DNa02_s1_c10_7003,"('lf', 'ThC', 'rotator_ant')",2.1776776110374613e-09,0.0
closed_G2_DNp09_DNa01_DNa02_s1_c10_7003,"('lf', 'ThC', 'rotator_post')",0.003325051975197343,0.0
closed_G2_DNp09_DNa01_DNa02_s1_c10_7003,"('lf', 'TiTa', 'depressor')",0.0,0.0
closed_G2_DNp09_DNa01_DNa02_s1_c10_7003,"('lf', 'TiTa', 'levator')",0.0,0.0
closed_G2_DNp09_DNa01_DNa02_s1_c10_7003,"('lf', 'TrF', 'reductor')",0.01743781818355988,0.0
closed_G2_DNp09_DNa01_DNa02_s1_c10_7003,"('lh', 'CTr', 'extensor')",0.016926697578678065,0.0
closed_G2_DNp09_DNa01_DNa02_s1_c10_7003,"('lh', 'CTr', 'flexor')",0.005131805038955976,0.0
closed_G2_DNp09_DNa01_DNa02_s1_c10_7003,"('lh', 'FTi', 'extensor')",0.0022674597419733377,0.0
closed_G2_DNp09_DNa01_DNa02_s1_c10_7003,"('lh', 'FTi', 'flexor')",0.0023518676575215677,0.0
closed_G2_DNp09_DNa01_DNa02_s1_c10_7003,"('lh', 'ThC', 'adductor')",0.0,0.0
closed_G2_DNp09_DNa01_DNa02_s1_c10_7003,"('lh', 'ThC', 'remotor')",0.0,0.0
closed_G2_DNp09_DNa01_DNa02_s1_c10_7003,"('lh', 'ThC', 'rotator_ant')",0.0,0.0
closed_G2_DNp09_DNa01_DNa02_s1_c10_7003,"('lh', 'ThC', 'rotator_post')",0.0011789029232800812,0.0
closed_G2_DNp09_DNa01_DNa02_s1_c10_7003,"('lh', 'TiTa', 'depressor')",0.0,0.0
closed_G2_DNp09_DNa01_DNa02_s1_c10_7003,"('lh', 'TiTa', 'levator')",0.0,0.0
closed_G2_DNp09_DNa01_DNa02_s1_c10_7003,"('lh', 'TrF', 'reductor')",0.0006666666666666657,0.0
closed_G2_DNp09_DNa01_DNa02_s1_c10_7003,"('lm', 'CTr', 'extensor')",0.002634730507583376,0.0
closed_G2_DNp09_DNa01_DNa02_s1_c10_7003,"('lm', 'CTr', 'flexor')",0.005175474352566466,0.0
closed_G2_DNp09_DNa01_DNa02_s1_c10_7003,"('lm', 'FTi', 'extensor')",0.001666666666666659,0.0
closed_G2_DNp09_DNa01_DNa02_s1_c10_7003,"('lm', 'FTi', 'flexor')",0.00108347740715117,0.0
closed_G2_DNp09_DNa01_DNa02_s1_c10_7003,"('lm', 'ThC', 'remotor')",0.0,0.0
closed_G2_DNp09_DNa01_DNa02_s1_c10_7003,"('lm', 'ThC', 'rotator_ant')",0.002657690364028622,0.0
closed_G2_DNp09_DNa01_DNa02_s1_c10_7003,"('lm', 'ThC', 'rotator_post')",0.02477921338083568,0.0
closed_G2_DNp09_DNa01_DNa02_s1_c10_7003,"('lm', 'TiTa', 'depressor')",0.0,0.0
closed_G2_DNp09_DNa01_DNa02_s1_c10_7003,"('lm', 'TiTa', 'levator')",0.0,0.0
closed_G2_DNp09_DNa01_DNa02_s1_c10_7003,"('lm', 'TrF', 'reductor')",0.0,0.0
closed_G2_DNp09_DNa01_DNa02_s1_c10_7003,"('rf', 'CTr', 'extensor')",0.1058676307918057,0.0
closed_G2_DNp09_DNa01_DNa02_s1_c10_7003,"('rf', 'CTr', 'flexor')",0.0,0.0
closed_G2_DNp09_DNa01_DNa02_s1_c10_7003,"('rf', 'FTi', 'extensor')",0.025071242738512276,0.0
closed_G2_DNp09_DNa01_DNa02_s1_c10_7003,"('rf', 'FTi', 'flexor')",0.0012444480666902206,0.0
closed_G2_DNp09_DNa01_DNa02_s1_c10_7003,"('rf', 'ThC', 'adductor')",0.0,0.0
closed_G2_DNp09_DNa01_DNa02_s1_c10_7003,"('rf', 'ThC', 'promotor')",0.00033333333333020014,0.0
closed_G2_DNp09_DNa01_DNa02_s1_c10_7003,"('rf', 'ThC', 'remotor')",0.08072190184911285,0.0
closed_G2_DNp09_DNa01_DNa02_s1_c10_7003,"('rf', 'ThC', 'rotator_ant')",0.0,0.0
closed_G2_DNp09_DNa01_DNa02_s1_c10_7003,"('rf', 'ThC', 'rotator_post')",0.07061821243656845,0.0
closed_G2_DNp09_DNa01_DNa02_s1_c10_7003,"('rf', 'TiTa', 'depressor')",0.0,0.0
closed_G2_DNp09_DNa01_DNa02_s1_c10_7003,"('rf', 'TiTa', 'levator')",0.0,0.0
closed_G2_DNp09_DNa01_DNa02_s1_c10_7003,"('rf', 'TrF', 'reductor')",0.00957212422513111,0.0
closed_G2_DNp09_DNa01_DNa02_s1_c10_7003,"('rh', 'CTr', 'extensor')",0.0004166781689106435,0.0
closed_G2_DNp09_DNa01_DNa02_s1_c10_7003,"('rh', 'CTr', 'flexor')",0.0001666667130755109,0.0
closed_G2_DNp09_DNa01_DNa02_s1_c10_7003,"('rh', 'FTi', 'extensor')",0.0010000000005011894,0.0
closed_G2_DNp09_DNa01_DNa02_s1_c10_7003,"('rh', 'FTi', 'flexor')",0.00027779074242983753,0.0
closed_G2_DNp09_DNa01_DNa02_s1_c10_7003,"('rh', 'ThC', 'adductor')",0.0,0.0
closed_G2_DNp09_DNa01_DNa02_s1_c10_7003,"('rh', 'ThC', 'remotor')",0.0,0.0
closed_G2_DNp09_DNa01_DNa02_s1_c10_7003,"('rh', 'ThC', 'rotator_ant')",0.0033333333333333275,0.0
closed_G2_DNp09_DNa01_DNa02_s1_c10_7003,"('rh', 'ThC', 'rotator_post')",0.006333562279742268,0.0
closed_G2_DNp09_DNa01_DNa02_s1_c10_7003,"('rh', 'TiTa', 'depressor')",0.0,0.0
closed_G2_DNp09_DNa01_DNa02_s1_c10_7003,"('rh', 'TiTa', 'levator')",0.0,0.0
closed_G2_DNp09_DNa01_DNa02_s1_c10_7003,"('rh', 'TrF', 'reductor')",0.0,0.0
closed_G2_DNp09_DNa01_DNa02_s1_c10_7003,"('rm', 'CTr', 'extensor')",0.00020833333333333337,0.0
closed_G2_DNp09_DNa01_DNa02_s1_c10_7003,"('rm', 'CTr', 'flexor')",0.0,0.0
closed_G2_DNp09_DNa01_DNa02_s1_c10_7003,"('rm', 'FTi', 'extensor')",0.010236436443433942,0.0
closed_G2_DNp09_DNa01_DNa02_s1_c10_7003,"('rm', 'FTi', 'flexor')",0.007254858055962574,0.0
closed_G2_DNp09_DNa01_DNa02_s1_c10_7003,"('rm', 'ThC', 'adductor')",0.0,0.0
closed_G2_DNp09_DNa01_DNa02_s1_c10_7003,"('rm', 'ThC', 'rotator_ant')",0.00033333436049517615,0.0
closed_G2_DNp09_DNa01_DNa02_s1_c10_7003,"('rm', 'ThC', 'rotator_post')",0.06653840892887869,0.0
closed_G2_DNp09_DNa01_DNa02_s1_c10_7003,"('rm', 'TiTa', 'depressor')",0.0,0.0
closed_G2_DNp09_DNa01_DNa02_s1_c10_7003,"('rm', 'TiTa', 'levator')",0.0,0.0
closed_G2_DNp09_DNa01_DNa02_s1_c10_7003,"('rm', 'TrF', 'reductor')",0.0003333333333333333,0.0
closed_G2_DNp09_DNa01_DNa02_s1_c10_7004,"('lf', 'CTr', 'extensor')",0.037151669683290374,0.0
closed_G2_DNp09_DNa01_DNa02_s1_c10_7004,"('lf', 'CTr', 'flexor')",0.0018228126736230979,0.0
closed_G2_DNp09_DNa01_DNa02_s1_c10_7004,"('lf', 'FTi', 'extensor')",0.0,0.0
closed_G2_DNp09_DNa01_DNa02_s1_c10_7004,"('lf', 'FTi', 'flexor')",0.0,0.0
closed_G2_DNp09_DNa01_DNa02_s1_c10_7004,"('lf', 'ThC', 'adductor')",0.0,0.0
closed_G2_DNp09_DNa01_DNa02_s1_c10_7004,"('lf', 'ThC', 'promotor')",0.0030002669684133687,0.0
closed_G2_DNp09_DNa01_DNa02_s1_c10_7004,"('lf', 'ThC', 'remotor')",0.00834573967854136,0.0
closed_G2_DNp09_DNa01_DNa02_s1_c10_7004,"('lf', 'ThC', 'rotator_ant')",1.5861516502750235e-09,0.0
closed_G2_DNp09_DNa01_DNa02_s1_c10_7004,"('lf', 'ThC', 'rotator_post')",0.001333337157169745,0.0
closed_G2_DNp09_DNa01_DNa02_s1_c10_7004,"('lf', 'TiTa', 'depressor')",0.0,0.0
closed_G2_DNp09_DNa01_DNa02_s1_c10_7004,"('lf', 'TiTa', 'levator')",0.0,0.0
closed_G2_DNp09_DNa01_DNa02_s1_c10_7004,"('lf', 'TrF', 'reductor')",0.017613056959811902,0.0
closed_G2_DNp09_DNa01_DNa02_s1_c10_7004,"('lh', 'CTr', 'extensor')",0.013486336648319996,0.0
closed_G2_DNp09_DNa01_DNa02_s1_c10_7004,"('lh', 'CTr', 'flexor')",0.007318563304692571,0.0
closed_G2_DNp09_DNa01_DNa02_s1_c10_7004,"('lh', 'FTi', 'extensor')",0.004410572254360663,0.0
closed_G2_DNp09_DNa01_DNa02_s1_c10_7004,"('lh', 'FTi', 'flexor')",0.0016665598499236382,0.0
closed_G2_DNp09_DNa01_DNa02_s1_c10_7004,"('lh', 'ThC', 'adductor')",0.0,0.0
closed_G2_DNp09_DNa01_DNa02_s1_c10_7004,"('lh', 'ThC', 'remotor')",0.0,0.0
closed_G2_DNp09_DNa01_DNa02_s1_c10_7004,"('lh', 'ThC', 'rotator_ant')",0.0,0.0
closed_G2_DNp09_DNa01_DNa02_s1_c10_7004,"('lh', 'ThC', 'rotator_post')",0.0006659945649800542,0.0
closed_G2_DNp09_DNa01_DNa02_s1_c10_7004,"('lh', 'TiTa', 'depressor')",0.0,0.0
closed_G2_DNp09_DNa01_DNa02_s1_c10_7004,"('lh', 'TiTa', 'levator')",0.0,0.0
closed_G2_DNp09_DNa01_DNa02_s1_c10_7004,"('lh', 'TrF', 'reductor')",0.002696581610643617,0.0
closed_G2_DNp09_DNa01_DNa02_s1_c10_7004,"('lm', 'CTr', 'extensor')",0.005542790538581253,0.0
closed_G2_DNp09_DNa01_DNa02_s1_c10_7004,"('lm', 'CTr', 'flexor')",0.007123633493293475,0.0
closed_G2_DNp09_DNa01_DNa02_s1_c10_7004,"('lm', 'FTi', 'extensor')",0.0009756340911623734,0.0
closed_G2_DNp09_DNa01_DNa02_s1_c10_7004,"('lm', 'FTi', 'flexor')",0.0023122758284917296,0.0
closed_G2_DNp09_DNa01_DNa02_s1_c10_7004,"('lm', 'ThC', 'remotor')",0.0,0.0
closed_G2_DNp09_DNa01_DNa02_s1_c10_7004,"('lm', 'ThC', 'rotator_ant')",0.0006666666675162426,0.0
closed_G2_DNp09_DNa01_DNa02_s1_c10_7004,"('lm', 'ThC', 'rotator_post')",0.05557069758251644,0.0
closed_G2_DNp09_DNa01_DNa02_s1_c10_7004,"('lm', 'TiTa', 'depressor')",0.0,0.0
closed_G2_DNp09_DNa01_DNa02_s1_c10_7004,"('lm', 'TiTa', 'levator')",0.0,0.0
closed_G2_DNp09_DNa01_DNa02_s1_c10_7004,"('lm', 'TrF', 'reductor')",0.0,0.0
closed_G2_DNp09_DNa01_DNa02_s1_c10_7004,"('rf', 'CTr', 'extensor')",0.08708943005774121,0.0
closed_G2_DNp09_DNa01_DNa02_s1_c10_7004,"('rf', 'CTr', 'flexor')",0.0,0.0
closed_G2_DNp09_DNa01_DNa02_s1_c10_7004,"('rf', 'FTi', 'extensor')",0.030440796119637716,0.0
closed_G2_DNp09_DNa01_DNa02_s1_c10_7004,"('rf', 'FTi', 'flexor')",0.0007281882378798896,0.0
closed_G2_DNp09_DNa01_DNa02_s1_c10_7004,"('rf', 'ThC', 'adductor')",0.0,0.0
closed_G2_DNp09_DNa01_DNa02_s1_c10_7004,"('rf', 'ThC', 'promotor')",0.0003333333333333333,0.0
closed_G2_DNp09_DNa01_DNa02_s1_c10_7004,"('rf', 'ThC', 'remotor')",0.07021582157370317,0.0
closed_G2_DNp09_DNa01_DNa02_s1_c10_7004,"('rf', 'ThC', 'rotator_ant')",0.0,0.0
closed_G2_DNp09_DNa01_DNa02_s1_c10_7004,"('rf', 'ThC', 'rotator_post')",0.05254755035560493,0.0
closed_G2_DNp09_DNa01_DNa02_s1_c10_7004,"('rf', 'TiTa', 'depressor')",0.0,0.0
closed_G2_DNp09_DNa01_DNa02_s1_c10_7004,"('rf', 'TiTa', 'levator')",0.0,0.0
closed_G2_DNp09_DNa01_DNa02_s1_c10_7004,"('rf', 'TrF', 'reductor')",0.00917890543733865,0.0
closed_G2_DNp09_DNa01_DNa02_s1_c10_7004,"('rh', 'CTr', 'extensor')",0.041214546782867754,0.0
closed_G2_DNp09_DNa01_DNa02_s1_c10_7004,"('rh', 'CTr', 'flexor')",0.0011666296395395554,0.0
closed_G2_DNp09_DNa01_DNa02_s1_c10_7004,"('rh', 'FTi', 'extensor')",2.5252710733545096e-11,0.0
closed_G2_DNp09_DNa01_DNa02_s1_c10_7004,"('rh', 'FTi', 'flexor')",0.0005555563275385042,0.0
closed_G2_DNp09_DNa01_DNa02_s1_c10_7004,"('rh', 'ThC', 'adductor')",0.0,0.0
closed_G2_DNp09_DNa01_DNa02_s1_c10_7004,"('rh', 'ThC', 'remotor')",0.0,0.0
closed_G2_DNp09_DNa01_DNa02_s1_c10_7004,"('rh', 'ThC', 'rotator_ant')",0.004598084967508178,0.0
closed_G2_DNp09_DNa01_DNa02_s1_c10_7004,"('rh', 'ThC', 'rotator_post')",0.03024796211617572,0.0
closed_G2_DNp09_DNa01_DNa02_s1_c10_7004,"('rh', 'TiTa', 'depressor')",0.0,0.0
closed_G2_DNp09_DNa01_DNa02_s1_c10_7004,"('rh', 'TiTa', 'levator')",0.0,0.0
closed_G2_DNp09_DNa01_DNa02_s1_c10_7004,"('rh', 'TrF', 'reductor')",0.0,0.0
closed_G2_DNp09_DNa01_DNa02_s1_c10_7004,"('rm', 'CTr', 'extensor')",8.328330599908176e-13,0.0
closed_G2_DNp09_DNa01_DNa02_s1_c10_7004,"('rm', 'CTr', 'flexor')",0.0,0.0
closed_G2_DNp09_DNa01_DNa02_s1_c10_7004,"('rm', 'FTi', 'extensor')",0.0175819332828073,0.0
closed_G2_DNp09_DNa01_DNa02_s1_c10_7004,"('rm', 'FTi', 'flexor')",0.005029697143919082,0.0
closed_G2_DNp09_DNa01_DNa02_s1_c10_7004,"('rm', 'ThC', 'adductor')",0.0,0.0
closed_G2_DNp09_DNa01_DNa02_s1_c10_7004,"('rm', 'ThC', 'rotator_ant')",0.0,0.0
closed_G2_DNp09_DNa01_DNa02_s1_c10_7004,"('rm', 'ThC', 'rotator_post')",0.14504482226272863,0.0
closed_G2_DNp09_DNa01_DNa02_s1_c10_7004,"('rm', 'TiTa', 'depressor')",0.0,0.0
closed_G2_DNp09_DNa01_DNa02_s1_c10_7004,"('rm', 'TiTa', 'levator')",0.0,0.0
closed_G2_DNp09_DNa01_DNa02_s1_c10_7004,"('rm', 'TrF', 'reductor')",0.0009444444444444428,0.0
closed_G2_DNp09_DNa01_DNa02_s1_c11_7000,"('lf', 'CTr', 'extensor')",0.01212395957396002,0.0
closed_G2_DNp09_DNa01_DNa02_s1_c11_7000,"('lf', 'CTr', 'flexor')",0.003333467792368025,0.0
closed_G2_DNp09_DNa01_DNa02_s1_c11_7000,"('lf', 'FTi', 'extensor')",0.0,0.0
closed_G2_DNp09_DNa01_DNa02_s1_c11_7000,"('lf', 'FTi', 'flexor')",0.0,0.0
closed_G2_DNp09_DNa01_DNa02_s1_c11_7000,"('lf', 'ThC', 'adductor')",0.0,0.0
closed_G2_DNp09_DNa01_DNa02_s1_c11_7000,"('lf', 'ThC', 'promotor')",0.006991688729879652,0.0
closed_G2_DNp09_DNa01_DNa02_s1_c11_7000,"('lf', 'ThC', 'remotor')",0.05884073271062629,0.0
closed_G2_DNp09_DNa01_DNa02_s1_c11_7000,"('lf', 'ThC', 'rotator_ant')",0.0,0.0
closed_G2_DNp09_DNa01_DNa02_s1_c11_7000,"('lf', 'ThC', 'rotator_post')",0.047112853204966956,0.0
closed_G2_DNp09_DNa01_DNa02_s1_c11_7000,"('lf', 'TiTa', 'depressor')",0.0,0.0
closed_G2_DNp09_DNa01_DNa02_s1_c11_7000,"('lf', 'TiTa', 'levator')",0.0,0.0
closed_G2_DNp09_DNa01_DNa02_s1_c11_7000,"('lf', 'TrF', 'reductor')",0.03517369992975758,0.0
closed_G2_DNp09_DNa01_DNa02_s1_c11_7000,"('lh', 'CTr', 'extensor')",0.0008333333324451838,0.0
closed_G2_DNp09_DNa01_DNa02_s1_c11_7000,"('lh', 'CTr', 'flexor')",0.013547435629757493,0.0
closed_G2_DNp09_DNa01_DNa02_s1_c11_7000,"('lh', 'FTi', 'extensor')",0.014519554191776914,0.0
closed_G2_DNp09_DNa01_DNa02_s1_c11_7000,"('lh', 'FTi', 'flexor')",0.002450943472443167,0.0
closed_G2_DNp09_DNa01_DNa02_s1_c11_7000,"('lh', 'ThC', 'adductor')",0.0,0.0
closed_G2_DNp09_DNa01_DNa02_s1_c11_7000,"('lh', 'ThC', 'remotor')",0.0,0.0
closed_G2_DNp09_DNa01_DNa02_s1_c11_7000,"('lh', 'ThC', 'rotator_ant')",0.0,0.0
closed_G2_DNp09_DNa01_DNa02_s1_c11_7000,"('lh', 'ThC', 'rotator_post')",0.0,0.0
closed_G2_DNp09_DNa01_DNa02_s1_c11_7000,"('lh', 'TiTa', 'depressor')",0.0,0.0
closed_G2_DNp09_DNa01_DNa02_s1_c11_7000,"('lh', 'TiTa', 'levator')",0.0,0.0
closed_G2_DNp09_DNa01_DNa02_s1_c11_7000,"('lh', 'TrF', 'reductor')",0.0013333333333333333,0.0
closed_G2_DNp09_DNa01_DNa02_s1_c11_7000,"('lm', 'CTr', 'extensor')",0.0024744336543719232,0.0
closed_G2_DNp09_DNa01_DNa02_s1_c11_7000,"('lm', 'CTr', 'flexor')",0.0041500580266345,0.0
closed_G2_DNp09_DNa01_DNa02_s1_c11_7000,"('lm', 'FTi', 'extensor')",0.0010000000003890844,0.0
closed_G2_DNp09_DNa01_DNa02_s1_c11_7000,"('lm', 'FTi', 'flexor')",0.0012648485105352157,0.0
closed_G2_DNp09_DNa01_DNa02_s1_c11_7000,"('lm', 'ThC', 'remotor')",0.0,0.0
closed_G2_DNp09_DNa01_DNa02_s1_c11_7000,"('lm', 'ThC', 'rotator_ant')",0.0009224668405447842,0.0
closed_G2_DNp09_DNa01_DNa02_s1_c11_7000,"('lm', 'ThC', 'rotator_post')",0.0153106234264324,0.0
closed_G2_DNp09_DNa01_DNa02_s1_c11_7000,"('lm', 'TiTa', 'depressor')",0.0,0.0
closed_G2_DNp09_DNa01_DNa02_s1_c11_7000,"('lm', 'TiTa', 'levator')",0.0,0.0
closed_G2_DNp09_DNa01_DNa02_s1_c11_7000,"('lm', 'TrF', 'reductor')",7.975368160151013e-08,0.0
closed_G2_DNp09_DNa01_DNa02_s1_c11_7000,"('rf', 'CTr', 'extensor')",0.03161292222631494,0.0
closed_G2_DNp09_DNa01_DNa02_s1_c11_7000,"('rf', 'CTr', 'flexor')",0.0006060611912442103,0.0
closed_G2_DNp09_DNa01_DNa02_s1_c11_7000,"('rf', 'FTi', 'extensor')",0.015676883014533863,0.0
closed_G2_DNp09_DNa01_DNa02_s1_c11_7000,"('rf', 'FTi', 'flexor')",0.0002124478222819206,0.0
closed_G2_DNp09_DNa01_DNa02_s1_c11_7000,"('rf', 'ThC', 'adductor')",0.0,0.0
closed_G2_DNp09_DNa01_DNa02_s1_c11_7000,"('rf', 'ThC', 'promotor')",0.0006666666666666657,0.0
closed_G2_DNp09_DNa01_DNa02_s1_c11_7000,"('rf', 'ThC', 'remotor')",0.06875691970207294,0.0
closed_G2_DNp09_DNa01_DNa02_s1_c11_7000,"('rf', 'ThC', 'rotator_ant')",0.0,0.0
closed_G2_DNp09_DNa01_DNa02_s1_c11_7000,"('rf', 'ThC', 'rotator_post')",0.04450978161260781,0.0
closed_G2_DNp09_DNa01_DNa02_s1_c11_7000,"('rf', 'TiTa', 'depressor')",0.0,0.0
closed_G2_DNp09_DNa01_DNa02_s1_c11_7000,"('rf', 'TiTa', 'levator')",0.0,0.0
closed_G2_DNp09_DNa01_DNa02_s1_c11_7000,"('rf', 'TrF', 'reductor')",0.028742306936622174,0.0
closed_G2_DNp09_DNa01_DNa02_s1_c11_7000,"('rh', 'CTr', 'extensor')",1.84066182534316e-10,0.0
closed_G2_DNp09_DNa01_DNa02_s1_c11_7000,"('rh', 'CTr', 'flexor')",0.0,0.0
closed_G2_DNp09_DNa01_DNa02_s1_c11_7000,"('rh', 'FTi', 'extensor')",5.474312824881918e-07,0.0
closed_G2_DNp09_DNa01_DNa02_s1_c11_7000,"('rh', 'FTi', 'flexor')",3.120525695790395e-08,0.0
closed_G2_DNp09_DNa01_DNa02_s1_c11_7000,"('rh', 'ThC', 'adductor')",0.00033333357727351155,0.0
closed_G2_DNp09_DNa01_DNa02_s1_c11_7000,"('rh', 'ThC', 'remotor')",0.0,0.0
closed_G2_DNp09_DNa01_DNa02_s1_c11_7000,"('rh', 'ThC', 'rotator_ant')",0.012838762103931806,0.0
closed_G2_DNp09_DNa01_DNa02_s1_c11_7000,"('rh', 'ThC', 'rotator_post')",0.0,0.0
closed_G2_DNp09_DNa01_DNa02_s1_c11_7000,"('rh', 'TiTa', 'depressor')",0.0,0.0
closed_G2_DNp09_DNa01_DNa02_s1_c11_7000,"('rh', 'TiTa', 'levator')",0.0,0.0
closed_G2_DNp09_DNa01_DNa02_s1_c11_7000,"('rh', 'TrF', 'reductor')",0.0,0.0
closed_G2_DNp09_DNa01_DNa02_s1_c11_7000,"('rm', 'CTr', 'extensor')",0.0006250000168966642,0.0
closed_G2_DNp09_DNa01_DNa02_s1_c11_7000,"('rm', 'CTr', 'flexor')",0.00016668538359656922,0.0
closed_G2_DNp09_DNa01_DNa02_s1_c11_7000,"('rm', 'FTi', 'extensor')",0.006290758932282301,0.0
closed_G2_DNp09_DNa01_DNa02_s1_c11_7000,"('rm', 'FTi', 'flexor')",0.005980265997292836,0.0
closed_G2_DNp09_DNa01_DNa02_s1_c11_7000,"('rm', 'ThC', 'adductor')",0.0,0.0
closed_G2_DNp09_DNa01_DNa02_s1_c11_7000,"('rm', 'ThC', 'rotator_ant')",0.0,0.0
closed_G2_DNp09_DNa01_DNa02_s1_c11_7000,"('rm', 'ThC', 'rotator_post')",0.012628221272517864,0.0
closed_G2_DNp09_DNa01_DNa02_s1_c11_7000,"('rm', 'TiTa', 'depressor')",0.0,0.0
closed_G2_DNp09_DNa01_DNa02_s1_c11_7000,"('rm', 'TiTa', 'levator')",0.0,0.0
closed_G2_DNp09_DNa01_DNa02_s1_c11_7000,"('rm', 'TrF', 'reductor')",0.001388888888888885,0.0
closed_G2_DNp09_DNa01_DNa02_s1_c11_7001,"('lf', 'CTr', 'extensor')",0.011013784404030676,0.0
closed_G2_DNp09_DNa01_DNa02_s1_c11_7001,"('lf', 'CTr', 'flexor')",0.0034246645727043917,0.0
closed_G2_DNp09_DNa01_DNa02_s1_c11_7001,"('lf', 'FTi', 'extensor')",0.0,0.0
closed_G2_DNp09_DNa01_DNa02_s1_c11_7001,"('lf', 'FTi', 'flexor')",0.0,0.0
closed_G2_DNp09_DNa01_DNa02_s1_c11_7001,"('lf', 'ThC', 'adductor')",0.0,0.0
closed_G2_DNp09_DNa01_DNa02_s1_c11_7001,"('lf', 'ThC', 'promotor')",0.009236000101287712,0.0
closed_G2_DNp09_DNa01_DNa02_s1_c11_7001,"('lf', 'ThC', 'remotor')",0.00373850602678287,0.0
closed_G2_DNp09_DNa01_DNa02_s1_c11_7001,"('lf', 'ThC', 'rotator_ant')",0.0,0.0
closed_G2_DNp09_DNa01_DNa02_s1_c11_7001,"('lf', 'ThC', 'rotator_post')",0.00040357310659630313,0.0
closed_G2_DNp09_DNa01_DNa02_s1_c11_7001,"('lf', 'TiTa', 'depressor')",0.0,0.0
closed_G2_DNp09_DNa01_DNa02_s1_c11_7001,"('lf', 'TiTa', 'levator')",0.0,0.0
closed_G2_DNp09_DNa01_DNa02_s1_c11_7001,"('lf', 'TrF', 'reductor')",0.023536112111151402,0.0
closed_G2_DNp09_DNa01_DNa02_s1_c11_7001,"('lh', 'CTr', 'extensor')",0.008164987728240565,0.0
closed_G2_DNp09_DNa01_DNa02_s1_c11_7001,"('lh', 'CTr', 'flexor')",0.00011668292390188793,0.0
closed_G2_DNp09_DNa01_DNa02_s1_c11_7001,"('lh', 'FTi', 'extensor')",0.0033320845593452107,0.0
closed_G2_DNp09_DNa01_DNa02_s1_c11_7001,"('lh', 'FTi', 'flexor')",0.00039204651979115896,0.0
closed_G2_DNp09_DNa01_DNa02_s1_c11_7001,"('lh', 'ThC', 'adductor')",0.0,0.0
closed_G2_DNp09_DNa01_DNa02_s1_c11_7001,"('lh', 'ThC', 'remotor')",0.0,0.0
closed_G2_DNp09_DNa01_DNa02_s1_c11_7001,"('lh', 'ThC', 'rotator_ant')",0.0,0.0
closed_G2_DNp09_DNa01_DNa02_s1_c11_7001,"('lh', 'ThC', 'rotator_post')",0.00035533563286562424,0.0
closed_G2_DNp09_DNa01_DNa02_s1_c11_7001,"('lh', 'TiTa', 'depressor')",0.00013888888888888864,0.0
closed_G2_DNp09_DNa01_DNa02_s1_c11_7001,"('lh', 'TiTa', 'levator')",0.0,0.0
closed_G2_DNp09_DNa01_DNa02_s1_c11_7001,"('lh', 'TrF', 'reductor')",0.0022719790640020653,0.0
closed_G2_DNp09_DNa01_DNa02_s1_c11_7001,"('lm', 'CTr', 'extensor')",0.008225589893754388,0.0
closed_G2_DNp09_DNa01_DNa02_s1_c11_7001,"('lm', 'CTr', 'flexor')",0.007662824821750841,0.0
closed_G2_DNp09_DNa01_DNa02_s1_c11_7001,"('lm', 'FTi', 'extensor')",0.00333339752126124,0.0
closed_G2_DNp09_DNa01_DNa02_s1_c11_7001,"('lm', 'FTi', 'flexor')",0.001110501794051285,0.0
closed_G2_DNp09_DNa01_DNa02_s1_c11_7001,"('lm', 'ThC', 'remotor')",0.0,0.0
closed_G2_DNp09_DNa01_DNa02_s1_c11_7001,"('lm', 'ThC', 'rotator_ant')",0.00010245228929999467,0.0
closed_G2_DNp09_DNa01_DNa02_s1_c11_7001,"('lm', 'ThC', 'rotator_post')",0.09265695077931817,0.0
closed_G2_DNp09_DNa01_DNa02_s1_c11_7001,"('lm', 'TiTa', 'depressor')",0.0,0.0
closed_G2_DNp09_DNa01_DNa02_s1_c11_7001,"('lm', 'TiTa', 'levator')",0.0,0.0
closed_G2_DNp09_DNa01_DNa02_s1_c11_7001,"('lm', 'TrF', 'reductor')",0.0,0.0
closed_G2_DNp09_DNa01_DNa02_s1_c11_7001,"('rf', 'CTr', 'extensor')",0.020089659500486478,0.0
closed_G2_DNp09_DNa01_DNa02_s1_c11_7001,"('rf', 'CTr', 'flexor')",0.00030303030303030303,0.0
closed_G2_DNp09_DNa01_DNa02_s1_c11_7001,"('rf', 'FTi', 'extensor')",0.013331510861905331,0.0
closed_G2_DNp09_DNa01_DNa02_s1_c11_7001,"('rf', 'FTi', 'flexor')",0.0009355890745510586,0.0
closed_G2_DNp09_DNa01_DNa02_s1_c11_7001,"('rf', 'ThC', 'adductor')",0.0,0.0
closed_G2_DNp09_DNa01_DNa02_s1_c11_7001,"('rf', 'ThC', 'promotor')",0.000999999228774149,0.0
closed_G2_DNp09_DNa01_DNa02_s1_c11_7001,"('rf', 'ThC', 'remotor')",0.0013333331990243685,0.0
closed_G2_DNp09_DNa01_DNa02_s1_c11_7001,"('rf', 'ThC', 'rotator_ant')",6.802163175794364e-14,0.0
closed_G2_DNp09_DNa01_DNa02_s1_c11_7001,"('rf', 'ThC', 'rotator_post')",1.258820429395068e-13,0.0
closed_G2_DNp09_DNa01_DNa02_s1_c11_7001,"('rf', 'TiTa', 'depressor')",0.0,0.0
closed_G2_DNp09_DNa01_DNa02_s1_c11_7001,"('rf', 'TiTa', 'levator')",0.0,0.0
closed_G2_DNp09_DNa01_DNa02_s1_c11_7001,"('rf', 'TrF', 'reductor')",0.006411782680011209,0.0
closed_G2_DNp09_DNa01_DNa02_s1_c11_7001,"('rh', 'CTr', 'extensor')",7.847231087953602e-06,0.0
closed_G2_DNp09_DNa01_DNa02_s1_c11_7001,"('rh', 'CTr', 'flexor')",9.905497199400678e-09,0.0
closed_G2_DNp09_DNa01_DNa02_s1_c11_7001,"('rh', 'FTi', 'extensor')",6.349246594765145e-08,0.0
closed_G2_DNp09_DNa01_DNa02_s1_c11_7001,"('rh', 'FTi', 'flexor')",6.967033905824353e-10,0.0
closed_G2_DNp09_DNa01_DNa02_s1_c11_7001,"('rh', 'ThC', 'adductor')",0.0,0.0
closed_G2_DNp09_DNa01_DNa02_s1_c11_7001,"('rh', 'ThC', 'remotor')",0.0,0.0
closed_G2_DNp09_DNa01_DNa02_s1_c11_7001,"('rh', 'ThC', 'rotator_ant')",0.005025155943070077,0.0
closed_G2_DNp09_DNa01_DNa02_s1_c11_7001,"('rh', 'ThC', 'rotator_post')",2.409389930687478e-07,0.0
closed_G2_DNp09_DNa01_DNa02_s1_c11_7001,"('rh', 'TiTa', 'depressor')",0.0,0.0
closed_G2_DNp09_DNa01_DNa02_s1_c11_7001,"('rh', 'TiTa', 'levator')",0.0,0.0
closed_G2_DNp09_DNa01_DNa02_s1_c11_7001,"('rh', 'TrF', 'reductor')",0.0,0.0
closed_G2_DNp09_DNa01_DNa02_s1_c11_7001,"('rm', 'CTr', 'extensor')",0.0003558357921100679,0.0
closed_G2_DNp09_DNa01_DNa02_s1_c11_7001,"('rm', 'CTr', 'flexor')",0.00016666666666666666,0.0
closed_G2_DNp09_DNa01_DNa02_s1_c11_7001,"('rm', 'FTi', 'extensor')",0.009895506965161173,0.0
closed_G2_DNp09_DNa01_DNa02_s1_c11_7001,"('rm', 'FTi', 'flexor')",0.006840212057213265,0.0
closed_G2_DNp09_DNa01_DNa02_s1_c11_7001,"('rm', 'ThC', 'adductor')",0.0,0.0
closed_G2_DNp09_DNa01_DNa02_s1_c11_7001,"('rm', 'ThC', 'rotator_ant')",0.0,0.0
closed_G2_DNp09_DNa01_DNa02_s1_c11_7001,"('rm', 'ThC', 'rotator_post')",0.16715093445816548,0.0
closed_G2_DNp09_DNa01_DNa02_s1_c11_7001,"('rm', 'TiTa', 'depressor')",0.0,0.0
closed_G2_DNp09_DNa01_DNa02_s1_c11_7001,"('rm', 'TiTa', 'levator')",0.0,0.0
closed_G2_DNp09_DNa01_DNa02_s1_c11_7001,"('rm', 'TrF', 'reductor')",0.001722222222222221,0.0
closed_G2_DNp09_DNa01_DNa02_s1_c11_7002,"('lf', 'CTr', 'extensor')",0.11274997997400267,0.0
closed_G2_DNp09_DNa01_DNa02_s1_c11_7002,"('lf', 'CTr', 'flexor')",0.0,0.0
closed_G2_DNp09_DNa01_DNa02_s1_c11_7002,"('lf', 'FTi', 'extensor')",0.0,0.0
closed_G2_DNp09_DNa01_DNa02_s1_c11_7002,"('lf', 'FTi', 'flexor')",0.0,0.0
closed_G2_DNp09_DNa01_DNa02_s1_c11_7002,"('lf', 'ThC', 'adductor')",0.0,0.0
closed_G2_DNp09_DNa01_DNa02_s1_c11_7002,"('lf', 'ThC', 'promotor')",0.0003333333333333333,0.0
closed_G2_DNp09_DNa01_DNa02_s1_c11_7002,"('lf', 'ThC', 'remotor')",0.11852807977621044,0.0
closed_G2_DNp09_DNa01_DNa02_s1_c11_7002,"('lf', 'ThC', 'rotator_ant')",0.0,0.0
closed_G2_DNp09_DNa01_DNa02_s1_c11_7002,"('lf', 'ThC', 'rotator_post')",0.11489637465576391,0.0
closed_G2_DNp09_DNa01_DNa02_s1_c11_7002,"('lf', 'TiTa', 'depressor')",0.0,0.0
closed_G2_DNp09_DNa01_DNa02_s1_c11_7002,"('lf', 'TiTa', 'levator')",0.0,0.0
closed_G2_DNp09_DNa01_DNa02_s1_c11_7002,"('lf', 'TrF', 'reductor')",0.020834885557727865,0.0
closed_G2_DNp09_DNa01_DNa02_s1_c11_7002,"('lh', 'CTr', 'extensor')",0.019249714911925318,0.0
closed_G2_DNp09_DNa01_DNa02_s1_c11_7002,"('lh', 'CTr', 'flexor')",0.005181286409318606,0.0
closed_G2_DNp09_DNa01_DNa02_s1_c11_7002,"('lh', 'FTi', 'extensor')",0.0013642591683438589,0.0
closed_G2_DNp09_DNa01_DNa02_s1_c11_7002,"('lh', 'FTi', 'flexor')",0.001490582495538067,0.0
closed_G2_DNp09_DNa01_DNa02_s1_c11_7002,"('lh', 'ThC', 'adductor')",0.0,0.0
closed_G2_DNp09_DNa01_DNa02_s1_c11_7002,"('lh', 'ThC', 'remotor')",0.0,0.0
closed_G2_DNp09_DNa01_DNa02_s1_c11_7002,"('lh', 'ThC', 'rotator_ant')",0.0,0.0
closed_G2_DNp09_DNa01_DNa02_s1_c11_7002,"('lh', 'ThC', 'rotator_post')",0.004732430567660874,0.0
closed_G2_DNp09_DNa01_DNa02_s1_c11_7002,"('lh', 'TiTa', 'depressor')",0.0,0.0
closed_G2_DNp09_DNa01_DNa02_s1_c11_7002,"('lh', 'TiTa', 'levator')",0.0,0.0
closed_G2_DNp09_DNa01_DNa02_s1_c11_7002,"('lh', 'TrF', 'reductor')",0.003329488899083318,0.0
closed_G2_DNp09_DNa01_DNa02_s1_c11_7002,"('lm', 'CTr', 'extensor')",0.0012029081901978411,0.0
closed_G2_DNp09_DNa01_DNa02_s1_c11_7002,"('lm', 'CTr', 'flexor')",0.010420166759326123,0.0
closed_G2_DNp09_DNa01_DNa02_s1_c11_7002,"('lm', 'FTi', 'extensor')",0.001,0.0
closed_G2_DNp09_DNa01_DNa02_s1_c11_7002,"('lm', 'FTi', 'flexor')",0.0015607018470942908,0.0
closed_G2_DNp09_DNa01_DNa02_s1_c11_7002,"('lm', 'ThC', 'remotor')",0.0,0.0
closed_G2_DNp09_DNa01_DNa02_s1_c11_7002,"('lm', 'ThC', 'rotator_ant')",1.355162031342308e-09,0.0
closed_G2_DNp09_DNa01_DNa02_s1_c11_7002,"('lm', 'ThC', 'rotator_post')",0.019641623247016606,0.0
closed_G2_DNp09_DNa01_DNa02_s1_c11_7002,"('lm', 'TiTa', 'depressor')",0.0,0.0
closed_G2_DNp09_DNa01_DNa02_s1_c11_7002,"('lm', 'TiTa', 'levator')",0.0,0.0
closed_G2_DNp09_DNa01_DNa02_s1_c11_7002,"('lm', 'TrF', 'reductor')",0.0,0.0
closed_G2_DNp09_DNa01_DNa02_s1_c11_7002,"('rf', 'CTr', 'extensor')",0.14110157623905178,0.0
closed_G2_DNp09_DNa01_DNa02_s1_c11_7002,"('rf', 'CTr', 'flexor')",0.0,0.0
closed_G2_DNp09_DNa01_DNa02_s1_c11_7002,"('rf', 'FTi', 'extensor')",0.007300241480456797,0.0
closed_G2_DNp09_DNa01_DNa02_s1_c11_7002,"('rf', 'FTi', 'flexor')",0.00010416666666666669,0.0
closed_G2_DNp09_DNa01_DNa02_s1_c11_7002,"('rf', 'ThC', 'adductor')",0.0,0.0
closed_G2_DNp09_DNa01_DNa02_s1_c11_7002,"('rf', 'ThC', 'promotor')",0.0,0.0
closed_G2_DNp09_DNa01_DNa02_s1_c11_7002,"('rf', 'ThC', 'remotor')",0.12967718278973467,0.0
closed_G2_DNp09_DNa01_DNa02_s1_c11_7002,"('rf', 'ThC', 'rotator_ant')",0.0,0.0
closed_G2_DNp09_DNa01_DNa02_s1_c11_7002,"('rf', 'ThC', 'rotator_post')",0.13866766451562257,0.0
closed_G2_DNp09_DNa01_DNa02_s1_c11_7002,"('rf', 'TiTa', 'depressor')",0.0,0.0
closed_G2_DNp09_DNa01_DNa02_s1_c11_7002,"('rf', 'TiTa', 'levator')",0.0,0.0
closed_G2_DNp09_DNa01_DNa02_s1_c11_7002,"('rf', 'TrF', 'reductor')",0.005911897345031903,0.0
closed_G2_DNp09_DNa01_DNa02_s1_c11_7002,"('rh', 'CTr', 'extensor')",0.0025000038235780332,0.0
closed_G2_DNp09_DNa01_DNa02_s1_c11_7002,"('rh', 'CTr', 'flexor')",0.0,0.0
closed_G2_DNp09_DNa01_DNa02_s1_c11_7002,"('rh', 'FTi', 'extensor')",0.0010000000031001397,0.0
closed_G2_DNp09_DNa01_DNa02_s1_c11_7002,"('rh', 'FTi', 'flexor')",0.0002790888768054937,0.0
closed_G2_DNp09_DNa01_DNa02_s1_c11_7002,"('rh', 'ThC', 'adductor')",0.0,0.0
closed_G2_DNp09_DNa01_DNa02_s1_c11_7002,"('rh', 'ThC', 'remotor')",0.0,0.0
closed_G2_DNp09_DNa01_DNa02_s1_c11_7002,"('rh', 'ThC', 'rotator_ant')",0.003332661231646752,0.0
closed_G2_DNp09_DNa01_DNa02_s1_c11_7002,"('rh', 'ThC', 'rotator_post')",0.0032683331234238332,0.0
closed_G2_DNp09_DNa01_DNa02_s1_c11_7002,"('rh', 'TiTa', 'depressor')",0.0,0.0
closed_G2_DNp09_DNa01_DNa02_s1_c11_7002,"('rh', 'TiTa', 'levator')",0.0,0.0
closed_G2_DNp09_DNa01_DNa02_s1_c11_7002,"('rh', 'TrF', 'reductor')",0.0,0.0
closed_G2_DNp09_DNa01_DNa02_s1_c11_7002,"('rm', 'CTr', 'extensor')",3.521557390422973e-11,0.0
closed_G2_DNp09_DNa01_DNa02_s1_c11_7002,"('rm', 'CTr', 'flexor')",0.00016666595342349237,0.0
closed_G2_DNp09_DNa01_DNa02_s1_c11_7002,"('rm', 'FTi', 'extensor')",0.007205928443856827,0.0
closed_G2_DNp09_DNa01_DNa02_s1_c11_7002,"('rm', 'FTi', 'flexor')",0.0047057952915791675,0.0
closed_G2_DNp09_DNa01_DNa02_s1_c11_7002,"('rm', 'ThC', 'adductor')",0.0,0.0
closed_G2_DNp09_DNa01_DNa02_s1_c11_7002,"('rm', 'ThC', 'rotator_ant')",0.0,0.0
closed_G2_DNp09_DNa01_DNa02_s1_c11_7002,"('rm', 'ThC', 'rotator_post')",0.04193720939650093,0.0
closed_G2_DNp09_DNa01_DNa02_s1_c11_7002,"('rm', 'TiTa', 'depressor')",0.0,0.0
closed_G2_DNp09_DNa01_DNa02_s1_c11_7002,"('rm', 'TiTa', 'levator')",0.0,0.0
closed_G2_DNp09_DNa01_DNa02_s1_c11_7002,"('rm', 'TrF', 'reductor')",0.0,0.0
closed_G2_DNp09_DNa01_DNa02_s1_c11_7003,"('lf', 'CTr', 'extensor')",0.04119500324145834,0.0
closed_G2_DNp09_DNa01_DNa02_s1_c11_7003,"('lf', 'CTr', 'flexor')",0.001969696946777385,0.0
closed_G2_DNp09_DNa01_DNa02_s1_c11_7003,"('lf', 'FTi', 'extensor')",0.0,0.0
closed_G2_DNp09_DNa01_DNa02_s1_c11_7003,"('lf', 'FTi', 'flexor')",0.0,0.0
closed_G2_DNp09_DNa01_DNa02_s1_c11_7003,"('lf', 'ThC', 'adductor')",0.0,0.0
closed_G2_DNp09_DNa01_DNa02_s1_c11_7003,"('lf', 'ThC', 'promotor')",0.0023333333333333314,0.0
closed_G2_DNp09_DNa01_DNa02_s1_c11_7003,"('lf', 'ThC', 'remotor')",0.01100262766267233,0.0
closed_G2_DNp09_DNa01_DNa02_s1_c11_7003,"('lf', 'ThC', 'rotator_ant')",2.1261957884975132e-11,0.0
closed_G2_DNp09_DNa01_DNa02_s1_c11_7003,"('lf', 'ThC', 'rotator_post')",0.003990819809480677,0.0
closed_G2_DNp09_DNa01_DNa02_s1_c11_7003,"('lf', 'TiTa', 'depressor')",0.0,0.0
closed_G2_DNp09_DNa01_DNa02_s1_c11_7003,"('lf', 'TiTa', 'levator')",0.0,0.0
closed_G2_DNp09_DNa01_DNa02_s1_c11_7003,"('lf', 'TrF', 'reductor')",0.01696338690843135,0.0
closed_G2_DNp09_DNa01_DNa02_s1_c11_7003,"('lh', 'CTr', 'extensor')",0.011453510197377377,0.0
closed_G2_DNp09_DNa01_DNa02_s1_c11_7003,"('lh', 'CTr', 'flexor')",0.007160608126556196,0.0
closed_G2_DNp09_DNa01_DNa02_s1_c11_7003,"('lh', 'FTi', 'extensor')",0.0015904132539961773,0.0
closed_G2_DNp09_DNa01_DNa02_s1_c11_7003,"('lh', 'FTi', 'flexor')",0.0016666618110658497,0.0
closed_G2_DNp09_DNa01_DNa02_s1_c11_7003,"('lh', 'ThC', 'adductor')",0.0,0.0
closed_G2_DNp09_DNa01_DNa02_s1_c11_7003,"('lh', 'ThC', 'remotor')",0.0,0.0
closed_G2_DNp09_DNa01_DNa02_s1_c11_7003,"('lh', 'ThC', 'rotator_ant')",3.9347757857071084e-11,0.0
closed_G2_DNp09_DNa01_DNa02_s1_c11_7003,"('lh', 'ThC', 'rotator_post')",0.0005408821318041859,0.0
closed_G2_DNp09_DNa01_DNa02_s1_c11_7003,"('lh', 'TiTa', 'depressor')",0.0,0.0
closed_G2_DNp09_DNa01_DNa02_s1_c11_7003,"('lh', 'TiTa', 'levator')",0.0,0.0
closed_G2_DNp09_DNa01_DNa02_s1_c11_7003,"('lh', 'TrF', 'reductor')",0.0001622193055734983,0.0
closed_G2_DNp09_DNa01_DNa02_s1_c11_7003,"('lm', 'CTr', 'extensor')",0.0020960439633304533,0.0
closed_G2_DNp09_DNa01_DNa02_s1_c11_7003,"('lm', 'CTr', 'flexor')",0.006153660915656447,0.0
closed_G2_DNp09_DNa01_DNa02_s1_c11_7003,"('lm', 'FTi', 'extensor')",0.0006666666665033341,0.0
closed_G2_DNp09_DNa01_DNa02_s1_c11_7003,"('lm', 'FTi', 'flexor')",0.0012736269260451875,0.0
closed_G2_DNp09_DNa01_DNa02_s1_c11_7003,"('lm', 'ThC', 'remotor')",0.0,0.0
closed_G2_DNp09_DNa01_DNa02_s1_c11_7003,"('lm', 'ThC', 'rotator_ant')",0.0012717557034527445,0.0
closed_G2_DNp09_DNa01_DNa02_s1_c11_7003,"('lm', 'ThC', 'rotator_post')",0.018317896932595144,0.0
closed_G2_DNp09_DNa01_DNa02_s1_c11_7003,"('lm', 'TiTa', 'depressor')",0.0,0.0
closed_G2_DNp09_DNa01_DNa02_s1_c11_7003,"('lm', 'TiTa', 'levator')",0.0,0.0
closed_G2_DNp09_DNa01_DNa02_s1_c11_7003,"('lm', 'TrF', 'reductor')",0.0,0.0
closed_G2_DNp09_DNa01_DNa02_s1_c11_7003,"('rf', 'CTr', 'extensor')",0.09871960944703576,0.0
closed_G2_DNp09_DNa01_DNa02_s1_c11_7003,"('rf', 'CTr', 'flexor')",0.0,0.0
closed_G2_DNp09_DNa01_DNa02_s1_c11_7003,"('rf', 'FTi', 'extensor')",0.017806596839967492,0.0
closed_G2_DNp09_DNa01_DNa02_s1_c11_7003,"('rf', 'FTi', 'flexor')",0.0007291666666405672,0.0
closed_G2_DNp09_DNa01_DNa02_s1_c11_7003,"('rf', 'ThC', 'adductor')",0.0,0.0
closed_G2_DNp09_DNa01_DNa02_s1_c11_7003,"('rf', 'ThC', 'promotor')",0.0,0.0
closed_G2_DNp09_DNa01_DNa02_s1_c11_7003,"('rf', 'ThC', 'remotor')",0.08046759364829094,0.0
closed_G2_DNp09_DNa01_DNa02_s1_c11_7003,"('rf', 'ThC', 'rotator_ant')",0.0,0.0
closed_G2_DNp09_DNa01_DNa02_s1_c11_7003,"('rf', 'ThC', 'rotator_post')",0.07404906097616261,0.0
closed_G2_DNp09_DNa01_DNa02_s1_c11_7003,"('rf', 'TiTa', 'depressor')",0.0,0.0
closed_G2_DNp09_DNa01_DNa02_s1_c11_7003,"('rf', 'TiTa', 'levator')",0.0,0.0
closed_G2_DNp09_DNa01_DNa02_s1_c11_7003,"('rf', 'TrF', 'reductor')",0.008808620022408427,0.0
closed_G2_DNp09_DNa01_DNa02_s1_c11_7003,"('rh', 'CTr', 'extensor')",1.886187864916729e-08,0.0
closed_G2_DNp09_DNa01_DNa02_s1_c11_7003,"('rh', 'CTr', 'flexor')",5.667433271193894e-11,0.0
closed_G2_DNp09_DNa01_DNa02_s1_c11_7003,"('rh', 'FTi', 'extensor')",0.00033333333430087507,0.0
closed_G2_DNp09_DNa01_DNa02_s1_c11_7003,"('rh', 'FTi', 'flexor')",0.00035319502317520486,0.0
closed_G2_DNp09_DNa01_DNa02_s1_c11_7003,"('rh', 'ThC', 'adductor')",0.0,0.0
closed_G2_DNp09_DNa01_DNa02_s1_c11_7003,"('rh', 'ThC', 'remotor')",0.0,0.0
closed_G2_DNp09_DNa01_DNa02_s1_c11_7003,"('rh', 'ThC', 'rotator_ant')",0.003336984599238944,0.0
closed_G2_DNp09_DNa01_DNa02_s1_c11_7003,"('rh', 'ThC', 'rotator_post')",0.0076673251207422105,0.0
closed_G2_DNp09_DNa01_DNa02_s1_c11_7003,"('rh', 'TiTa', 'depressor')",0.0,0.0
closed_G2_DNp09_DNa01_DNa02_s1_c11_7003,"('rh', 'TiTa', 'levator')",0.0,0.0
closed_G2_DNp09_DNa01_DNa02_s1_c11_7003,"('rh', 'TrF', 'reductor')",0.0,0.0
closed_G2_DNp09_DNa01_DNa02_s1_c11_7003,"('rm', 'CTr', 'extensor')",0.00041666666666666653,0.0
closed_G2_DNp09_DNa01_DNa02_s1_c11_7003,"('rm', 'CTr', 'flexor')",0.0,0.0
closed_G2_DNp09_DNa01_DNa02_s1_c11_7003,"('rm', 'FTi', 'extensor')",0.008524703069952117,0.0
closed_G2_DNp09_DNa01_DNa02_s1_c11_7003,"('rm', 'FTi', 'flexor')",0.006764598930620462,0.0
closed_G2_DNp09_DNa01_DNa02_s1_c11_7003,"('rm', 'ThC', 'adductor')",0.0,0.0
closed_G2_DNp09_DNa01_DNa02_s1_c11_7003,"('rm', 'ThC', 'rotator_ant')",2.478930590967761e-09,0.0
closed_G2_DNp09_DNa01_DNa02_s1_c11_7003,"('rm', 'ThC', 'rotator_post')",0.01802546041335575,0.0
closed_G2_DNp09_DNa01_DNa02_s1_c11_7003,"('rm', 'TiTa', 'depressor')",0.0,0.0
closed_G2_DNp09_DNa01_DNa02_s1_c11_7003,"('rm', 'TiTa', 'levator')",0.0,0.0
closed_G2_DNp09_DNa01_DNa02_s1_c11_7003,"('rm', 'TrF', 'reductor')",0.0,0.0
closed_G2_DNp09_DNa01_DNa02_s1_c11_7004,"('lf', 'CTr', 'extensor')",0.043942335586552354,0.0
closed_G2_DNp09_DNa01_DNa02_s1_c11_7004,"('lf', 'CTr', 'flexor')",0.002272727272727268,0.0
closed_G2_DNp09_DNa01_DNa02_s1_c11_7004,"('lf', 'FTi', 'extensor')",0.0,0.0
closed_G2_DNp09_DNa01_DNa02_s1_c11_7004,"('lf', 'FTi', 'flexor')",0.0,0.0
closed_G2_DNp09_DNa01_DNa02_s1_c11_7004,"('lf', 'ThC', 'adductor')",0.0,0.0
closed_G2_DNp09_DNa01_DNa02_s1_c11_7004,"('lf', 'ThC', 'promotor')",0.0036878384070135393,0.0
closed_G2_DNp09_DNa01_DNa02_s1_c11_7004,"('lf', 'ThC', 'remotor')",0.006999279384289122,0.0
closed_G2_DNp09_DNa01_DNa02_s1_c11_7004,"('lf', 'ThC', 'rotator_ant')",1.5137498050085162e-09,0.0
closed_G2_DNp09_DNa01_DNa02_s1_c11_7004,"('lf', 'ThC', 'rotator_post')",0.002000022802502315,0.0
closed_G2_DNp09_DNa01_DNa02_s1_c11_7004,"('lf', 'TiTa', 'depressor')",0.0,0.0
closed_G2_DNp09_DNa01_DNa02_s1_c11_7004,"('lf', 'TiTa', 'levator')",0.0,0.0
closed_G2_DNp09_DNa01_DNa02_s1_c11_7004,"('lf', 'TrF', 'reductor')",0.017900724750814823,0.0
closed_G2_DNp09_DNa01_DNa02_s1_c11_7004,"('lh', 'CTr', 'extensor')",0.019055738859260492,0.0
closed_G2_DNp09_DNa01_DNa02_s1_c11_7004,"('lh', 'CTr', 'flexor')",0.004718597201362024,0.0
closed_G2_DNp09_DNa01_DNa02_s1_c11_7004,"('lh', 'FTi', 'extensor')",0.004089064513730293,0.0
closed_G2_DNp09_DNa01_DNa02_s1_c11_7004,"('lh', 'FTi', 'flexor')",0.002647060394875552,0.0
closed_G2_DNp09_DNa01_DNa02_s1_c11_7004,"('lh', 'ThC', 'adductor')",0.0,0.0
closed_G2_DNp09_DNa01_DNa02_s1_c11_7004,"('lh', 'ThC', 'remotor')",0.0,0.0
closed_G2_DNp09_DNa01_DNa02_s1_c11_7004,"('lh', 'ThC', 'rotator_ant')",0.0,0.0
closed_G2_DNp09_DNa01_DNa02_s1_c11_7004,"('lh', 'ThC', 'rotator_post')",0.002332150462386159,0.0
closed_G2_DNp09_DNa01_DNa02_s1_c11_7004,"('lh', 'TiTa', 'depressor')",0.0,0.0
closed_G2_DNp09_DNa01_DNa02_s1_c11_7004,"('lh', 'TiTa', 'levator')",0.0,0.0
closed_G2_DNp09_DNa01_DNa02_s1_c11_7004,"('lh', 'TrF', 'reductor')",0.0029999999999999983,0.0
closed_G2_DNp09_DNa01_DNa02_s1_c11_7004,"('lm', 'CTr', 'extensor')",0.004631032232199494,0.0
closed_G2_DNp09_DNa01_DNa02_s1_c11_7004,"('lm', 'CTr', 'flexor')",0.009886459510089339,0.0
closed_G2_DNp09_DNa01_DNa02_s1_c11_7004,"('lm', 'FTi', 'extensor')",0.0013333333333333318,0.0
closed_G2_DNp09_DNa01_DNa02_s1_c11_7004,"('lm', 'FTi', 'flexor')",0.001890117697956079,0.0
closed_G2_DNp09_DNa01_DNa02_s1_c11_7004,"('lm', 'ThC', 'remotor')",0.0,0.0
closed_G2_DNp09_DNa01_DNa02_s1_c11_7004,"('lm', 'ThC', 'rotator_ant')",8.495766465280311e-13,0.0
closed_G2_DNp09_DNa01_DNa02_s1_c11_7004,"('lm', 'ThC', 'rotator_post')",0.059406952771986606,0.0
closed_G2_DNp09_DNa01_DNa02_s1_c11_7004,"('lm', 'TiTa', 'depressor')",0.0,0.0
closed_G2_DNp09_DNa01_DNa02_s1_c11_7004,"('lm', 'TiTa', 'levator')",0.0,0.0
closed_G2_DNp09_DNa01_DNa02_s1_c11_7004,"('lm', 'TrF', 'reductor')",0.0,0.0
closed_G2_DNp09_DNa01_DNa02_s1_c11_7004,"('rf', 'CTr', 'extensor')",0.09435035173571196,0.0
closed_G2_DNp09_DNa01_DNa02_s1_c11_7004,"('rf', 'CTr', 'flexor')",0.0,0.0
closed_G2_DNp09_DNa01_DNa02_s1_c11_7004,"('rf', 'FTi', 'extensor')",0.025038166418400603,0.0
closed_G2_DNp09_DNa01_DNa02_s1_c11_7004,"('rf', 'FTi', 'flexor')",0.0007280824161502552,0.0
closed_G2_DNp09_DNa01_DNa02_s1_c11_7004,"('rf', 'ThC', 'adductor')",0.0,0.0
closed_G2_DNp09_DNa01_DNa02_s1_c11_7004,"('rf', 'ThC', 'promotor')",0.0003333333333333333,0.0
closed_G2_DNp09_DNa01_DNa02_s1_c11_7004,"('rf', 'ThC', 'remotor')",0.06253473877352636,0.0
closed_G2_DNp09_DNa01_DNa02_s1_c11_7004,"('rf', 'ThC', 'rotator_ant')",0.0,0.0
closed_G2_DNp09_DNa01_DNa02_s1_c11_7004,"('rf', 'ThC', 'rotator_post')",0.044612332389398775,0.0
closed_G2_DNp09_DNa01_DNa02_s1_c11_7004,"('rf', 'TiTa', 'depressor')",0.0,0.0
closed_G2_DNp09_DNa01_DNa02_s1_c11_7004,"('rf', 'TiTa', 'levator')",0.0,0.0
closed_G2_DNp09_DNa01_DNa02_s1_c11_7004,"('rf', 'TrF', 'reductor')",0.0071469622195475075,0.0
closed_G2_DNp09_DNa01_DNa02_s1_c11_7004,"('rh', 'CTr', 'extensor')",0.03779762024441929,0.0
closed_G2_DNp09_DNa01_DNa02_s1_c11_7004,"('rh', 'CTr', 'flexor')",0.0009999999999999976,0.0
closed_G2_DNp09_DNa01_DNa02_s1_c11_7004,"('rh', 'FTi', 'extensor')",2.4012765675374752e-11,0.0
closed_G2_DNp09_DNa01_DNa02_s1_c11_7004,"('rh', 'FTi', 'flexor')",0.0006481480132422358,0.0
closed_G2_DNp09_DNa01_DNa02_s1_c11_7004,"('rh', 'ThC', 'adductor')",0.0,0.0
closed_G2_DNp09_DNa01_DNa02_s1_c11_7004,"('rh', 'ThC', 'remotor')",0.0,0.0
closed_G2_DNp09_DNa01_DNa02_s1_c11_7004,"('rh', 'ThC', 'rotator_ant')",0.00259507229044911,0.0
closed_G2_DNp09_DNa01_DNa02_s1_c11_7004,"('rh', 'ThC', 'rotator_post')",0.02792985457145773,0.0
closed_G2_DNp09_DNa01_DNa02_s1_c11_7004,"('rh', 'TiTa', 'depressor')",0.0,0.0
closed_G2_DNp09_DNa01_DNa02_s1_c11_7004,"('rh', 'TiTa', 'levator')",0.0,0.0
closed_G2_DNp09_DNa01_DNa02_s1_c11_7004,"('rh', 'TrF', 'reductor')",0.0,0.0
closed_G2_DNp09_DNa01_DNa02_s1_c11_7004,"('rm', 'CTr', 'extensor')",7.516318366417127e-13,0.0
closed_G2_DNp09_DNa01_DNa02_s1_c11_7004,"('rm', 'CTr', 'flexor')",0.0,0.0
closed_G2_DNp09_DNa01_DNa02_s1_c11_7004,"('rm', 'FTi', 'extensor')",0.024451224786357167,0.0
closed_G2_DNp09_DNa01_DNa02_s1_c11_7004,"('rm', 'FTi', 'flexor')",0.005037559571679667,0.0
closed_G2_DNp09_DNa01_DNa02_s1_c11_7004,"('rm', 'ThC', 'adductor')",0.0,0.0
closed_G2_DNp09_DNa01_DNa02_s1_c11_7004,"('rm', 'ThC', 'rotator_ant')",0.0,0.0
closed_G2_DNp09_DNa01_DNa02_s1_c11_7004,"('rm', 'ThC', 'rotator_post')",0.14860337010000854,0.0
closed_G2_DNp09_DNa01_DNa02_s1_c11_7004,"('rm', 'TiTa', 'depressor')",0.0,0.0
closed_G2_DNp09_DNa01_DNa02_s1_c11_7004,"('rm', 'TiTa', 'levator')",0.0,0.0
closed_G2_DNp09_DNa01_DNa02_s1_c11_7004,"('rm', 'TrF', 'reductor')",0.0013629909333641172,0.0
closed_G2_DNp09_DNa01_DNa02_s2_c00_7000,"('lf', 'CTr', 'extensor')",0.21316703656994695,0.0
closed_G2_DNp09_DNa01_DNa02_s2_c00_7000,"('lf', 'CTr', 'flexor')",2.6509112058394063e-14,0.0
closed_G2_DNp09_DNa01_DNa02_s2_c00_7000,"('lf', 'FTi', 'extensor')",0.0003333334792532222,0.0
closed_G2_DNp09_DNa01_DNa02_s2_c00_7000,"('lf', 'FTi', 'flexor')",0.017157481288145395,0.0
closed_G2_DNp09_DNa01_DNa02_s2_c00_7000,"('lf', 'ThC', 'adductor')",0.0,0.0
closed_G2_DNp09_DNa01_DNa02_s2_c00_7000,"('lf', 'ThC', 'promotor')",0.00033341810321615517,0.0
closed_G2_DNp09_DNa01_DNa02_s2_c00_7000,"('lf', 'ThC', 'remotor')",0.17281141170724001,0.0
closed_G2_DNp09_DNa01_DNa02_s2_c00_7000,"('lf', 'ThC', 'rotator_ant')",0.0,0.0
closed_G2_DNp09_DNa01_DNa02_s2_c00_7000,"('lf', 'ThC', 'rotator_post')",0.18941892089750945,0.0
closed_G2_DNp09_DNa01_DNa02_s2_c00_7000,"('lf', 'TiTa', 'depressor')",0.0,0.0
closed_G2_DNp09_DNa01_DNa02_s2_c00_7000,"('lf', 'TiTa', 'levator')",0.0,0.0
closed_G2_DNp09_DNa01_DNa02_s2_c00_7000,"('lf', 'TrF', 'reductor')",0.028855671047555022,0.0
closed_G2_DNp09_DNa01_DNa02_s2_c00_7000,"('lh', 'CTr', 'extensor')",3.2503764491182115e-07,0.0
closed_G2_DNp09_DNa01_DNa02_s2_c00_7000,"('lh', 'CTr', 'flexor')",0.07307066711775985,0.0
closed_G2_DNp09_DNa01_DNa02_s2_c00_7000,"('lh', 'FTi', 'extensor')",0.10897038927748678,0.0
closed_G2_DNp09_DNa01_DNa02_s2_c00_7000,"('lh', 'FTi', 'flexor')",0.00019606110038155534,0.0
closed_G2_DNp09_DNa01_DNa02_s2_c00_7000,"('lh', 'ThC', 'adductor')",0.0,0.0
closed_G2_DNp09_DNa01_DNa02_s2_c00_7000,"('lh', 'ThC', 'remotor')",0.0,0.0
closed_G2_DNp09_DNa01_DNa02_s2_c00_7000,"('lh', 'ThC', 'rotator_ant')",0.0,0.0
closed_G2_DNp09_DNa01_DNa02_s2_c00_7000,"('lh', 'ThC', 'rotator_post')",0.00633444778805796,0.0
closed_G2_DNp09_DNa01_DNa02_s2_c00_7000,"('lh', 'TiTa', 'depressor')",4.0585468833394535e-14,0.0
closed_G2_DNp09_DNa01_DNa02_s2_c00_7000,"('lh', 'TiTa', 'levator')",0.0,0.0
closed_G2_DNp09_DNa01_DNa02_s2_c00_7000,"('lh', 'TrF', 'reductor')",0.030654071405033616,0.0
closed_G2_DNp09_DNa01_DNa02_s2_c00_7000,"('lm', 'CTr', 'extensor')",0.0033320031410915356,0.0
closed_G2_DNp09_DNa01_DNa02_s2_c00_7000,"('lm', 'CTr', 'flexor')",0.018871559506118702,0.0
closed_G2_DNp09_DNa01_DNa02_s2_c00_7000,"('lm', 'FTi', 'extensor')",0.040966264892822624,0.0
closed_G2_DNp09_DNa01_DNa02_s2_c00_7000,"('lm', 'FTi', 'flexor')",0.0,0.0
closed_G2_DNp09_DNa01_DNa02_s2_c00_7000,"('lm', 'ThC', 'remotor')",0.0,0.0
closed_G2_DNp09_DNa01_DNa02_s2_c00_7000,"('lm', 'ThC', 'rotator_ant')",0.0023335434480651635,0.0
closed_G2_DNp09_DNa01_DNa02_s2_c00_7000,"('lm', 'ThC', 'rotator_post')",0.040176105592230366,0.0
closed_G2_DNp09_DNa01_DNa02_s2_c00_7000,"('lm', 'TiTa', 'depressor')",0.0,0.0
closed_G2_DNp09_DNa01_DNa02_s2_c00_7000,"('lm', 'TiTa', 'levator')",0.0,0.0
closed_G2_DNp09_DNa01_DNa02_s2_c00_7000,"('lm', 'TrF', 'reductor')",0.0002777777777777773,0.0
closed_G2_DNp09_DNa01_DNa02_s2_c00_7000,"('rf', 'CTr', 'extensor')",0.020869935709855247,0.0
closed_G2_DNp09_DNa01_DNa02_s2_c00_7000,"('rf', 'CTr', 'flexor')",0.014180619716265887,0.0
closed_G2_DNp09_DNa01_DNa02_s2_c00_7000,"('rf', 'FTi', 'extensor')",0.08516855948161693,0.0
closed_G2_DNp09_DNa01_DNa02_s2_c00_7000,"('rf', 'FTi', 'flexor')",6.241677947113804e-14,0.0
closed_G2_DNp09_DNa01_DNa02_s2_c00_7000,"('rf', 'ThC', 'adductor')",0.0,0.0
closed_G2_DNp09_DNa01_DNa02_s2_c00_7000,"('rf', 'ThC', 'promotor')",0.0009999994617102372,0.0
closed_G2_DNp09_DNa01_DNa02_s2_c00_7000,"('rf', 'ThC', 'remotor')",0.16528563302360194,0.0
closed_G2_DNp09_DNa01_DNa02_s2_c00_7000,"('rf', 'ThC', 'rotator_ant')",0.0,0.0
closed_G2_DNp09_DNa01_DNa02_s2_c00_7000,"('rf', 'ThC', 'rotator_post')",0.11566675139736927,0.0
closed_G2_DNp09_DNa01_DNa02_s2_c00_7000,"('rf', 'TiTa', 'depressor')",1.1909072923034337e-08,0.0
closed_G2_DNp09_DNa01_DNa02_s2_c00_7000,"('rf', 'TiTa', 'levator')",0.0,0.0
closed_G2_DNp09_DNa01_DNa02_s2_c00_7000,"('rf', 'TrF', 'reductor')",0.03569661827003525,0.0
closed_G2_DNp09_DNa01_DNa02_s2_c00_7000,"('rh', 'CTr', 'extensor')",0.0006250007420841526,0.0
closed_G2_DNp09_DNa01_DNa02_s2_c00_7000,"('rh', 'CTr', 'flexor')",0.05309452608069907,0.0
closed_G2_DNp09_DNa01_DNa02_s2_c00_7000,"('rh', 'FTi', 'extensor')",0.11768181547362455,0.0
closed_G2_DNp09_DNa01_DNa02_s2_c00_7000,"('rh', 'FTi', 'flexor')",2.3637116785154097e-11,0.0
closed_G2_DNp09_DNa01_DNa02_s2_c00_7000,"('rh', 'ThC', 'adductor')",2.9127959667588446e-13,0.0
closed_G2_DNp09_DNa01_DNa02_s2_c00_7000,"('rh', 'ThC', 'remotor')",0.0,0.0
closed_G2_DNp09_DNa01_DNa02_s2_c00_7000,"('rh', 'ThC', 'rotator_ant')",0.001982984377276711,0.0
closed_G2_DNp09_DNa01_DNa02_s2_c00_7000,"('rh', 'ThC', 'rotator_post')",0.12045381554652963,0.0
closed_G2_DNp09_DNa01_DNa02_s2_c00_7000,"('rh', 'TiTa', 'depressor')",0.0,0.0
closed_G2_DNp09_DNa01_DNa02_s2_c00_7000,"('rh', 'TiTa', 'levator')",0.0,0.0
closed_G2_DNp09_DNa01_DNa02_s2_c00_7000,"('rh', 'TrF', 'reductor')",0.024177510592045436,0.0
closed_G2_DNp09_DNa01_DNa02_s2_c00_7000,"('rm', 'CTr', 'extensor')",5.219544951154749e-14,0.0
closed_G2_DNp09_DNa01_DNa02_s2_c00_7000,"('rm', 'CTr', 'flexor')",0.0011168813199177036,0.0
closed_G2_DNp09_DNa01_DNa02_s2_c00_7000,"('rm', 'FTi', 'extensor')",0.12803039272349592,0.0
closed_G2_DNp09_DNa01_DNa02_s2_c00_7000,"('rm', 'FTi', 'flexor')",0.0,0.0
closed_G2_DNp09_DNa01_DNa02_s2_c00_7000,"('rm', 'ThC', 'adductor')",0.0,0.0
closed_G2_DNp09_DNa01_DNa02_s2_c00_7000,"('rm', 'ThC', 'rotator_ant')",3.5110495603870046e-09,0.0
closed_G2_DNp09_DNa01_DNa02_s2_c00_7000,"('rm', 'ThC', 'rotator_post')",0.03189566234580371,0.0
closed_G2_DNp09_DNa01_DNa02_s2_c00_7000,"('rm', 'TiTa', 'depressor')",0.0,0.0
closed_G2_DNp09_DNa01_DNa02_s2_c00_7000,"('rm', 'TiTa', 'levator')",0.0,0.0
closed_G2_DNp09_DNa01_DNa02_s2_c00_7000,"('rm', 'TrF', 'reductor')",0.028953949162342157,0.0
closed_G2_DNp09_DNa01_DNa02_s2_c00_7001,"('lf', 'CTr', 'extensor')",0.12508516270341538,0.0
closed_G2_DNp09_DNa01_DNa02_s2_c00_7001,"('lf', 'CTr', 'flexor')",1.997172274050001e-10,0.0
closed_G2_DNp09_DNa01_DNa02_s2_c00_7001,"('lf', 'FTi', 'extensor')",1.645209770532158e-11,0.0
closed_G2_DNp09_DNa01_DNa02_s2_c00_7001,"('lf', 'FTi', 'flexor')",0.03471447505677456,0.0
closed_G2_DNp09_DNa01_DNa02_s2_c00_7001,"('lf', 'ThC', 'adductor')",0.0,0.0
closed_G2_DNp09_DNa01_DNa02_s2_c00_7001,"('lf', 'ThC', 'promotor')",5.198608465550637e-10,0.0
closed_G2_DNp09_DNa01_DNa02_s2_c00_7001,"('lf', 'ThC', 'remotor')",0.02993171375912054,0.0
closed_G2_DNp09_DNa01_DNa02_s2_c00_7001,"('lf', 'ThC', 'rotator_ant')",0.000999999999999998,0.0
closed_G2_DNp09_DNa01_DNa02_s2_c00_7001,"('lf', 'ThC', 'rotator_post')",0.007204842377965302,0.0
closed_G2_DNp09_DNa01_DNa02_s2_c00_7001,"('lf', 'TiTa', 'depressor')",0.0,0.0
closed_G2_DNp09_DNa01_DNa02_s2_c00_7001,"('lf', 'TiTa', 'levator')",0.0,0.0
closed_G2_DNp09_DNa01_DNa02_s2_c00_7001,"('lf', 'TrF', 'reductor')",0.020997184991855707,0.0
closed_G2_DNp09_DNa01_DNa02_s2_c00_7001,"('lh', 'CTr', 'extensor')",0.00883061119323443,0.0
closed_G2_DNp09_DNa01_DNa02_s2_c00_7001,"('lh', 'CTr', 'flexor')",0.04122213444943889,0.0
closed_G2_DNp09_DNa01_DNa02_s2_c00_7001,"('lh', 'FTi', 'extensor')",0.06104881640681139,0.0
closed_G2_DNp09_DNa01_DNa02_s2_c00_7001,"('lh', 'FTi', 'flexor')",0.0012787536439691834,0.0
closed_G2_DNp09_DNa01_DNa02_s2_c00_7001,"('lh', 'ThC', 'adductor')",0.0,0.0
closed_G2_DNp09_DNa01_DNa02_s2_c00_7001,"('lh', 'ThC', 'remotor')",0.0,0.0
closed_G2_DNp09_DNa01_DNa02_s2_c00_7001,"('lh', 'ThC', 'rotator_ant')",2.0773786738014107e-06,0.0
closed_G2_DNp09_DNa01_DNa02_s2_c00_7001,"('lh', 'ThC', 'rotator_post')",0.015086744206576384,0.0
closed_G2_DNp09_DNa01_DNa02_s2_c00_7001,"('lh', 'TiTa', 'depressor')",0.00013888888888888864,0.0
closed_G2_DNp09_DNa01_DNa02_s2_c00_7001,"('lh', 'TiTa', 'levator')",0.0,0.0
closed_G2_DNp09_DNa01_DNa02_s2_c00_7001,"('lh', 'TrF', 'reductor')",0.0026666666666666635,0.0
closed_G2_DNp09_DNa01_DNa02_s2_c00_7001,"('lm', 'CTr', 'extensor')",0.003953652690106198,0.0
closed_G2_DNp09_DNa01_DNa02_s2_c00_7001,"('lm', 'CTr', 'flexor')",0.025942657254538464,0.0
closed_G2_DNp09_DNa01_DNa02_s2_c00_7001,"('lm', 'FTi', 'extensor')",0.04967475275581692,0.0
closed_G2_DNp09_DNa01_DNa02_s2_c00_7001,"('lm', 'FTi', 'flexor')",2.891714654379361e-14,0.0
closed_G2_DNp09_DNa01_DNa02_s2_c00_7001,"('lm', 'ThC', 'remotor')",1.4764907434740177e-12,0.0
closed_G2_DNp09_DNa01_DNa02_s2_c00_7001,"('lm', 'ThC', 'rotator_ant')",1.944739891323428e-13,0.0
closed_G2_DNp09_DNa01_DNa02_s2_c00_7001,"('lm', 'ThC', 'rotator_post')",0.1443186691307907,0.0
closed_G2_DNp09_DNa01_DNa02_s2_c00_7001,"('lm', 'TiTa', 'depressor')",0.0,0.0
closed_G2_DNp09_DNa01_DNa02_s2_c00_7001,"('lm', 'TiTa', 'levator')",0.0,0.0
closed_G2_DNp09_DNa01_DNa02_s2_c00_7001,"('lm', 'TrF', 'reductor')",0.0013888962869804918,0.0
closed_G2_DNp09_DNa01_DNa02_s2_c00_7001,"('rf', 'CTr', 'extensor')",0.023082609053703764,0.0
closed_G2_DNp09_DNa01_DNa02_s2_c00_7001,"('rf', 'CTr', 'flexor')",0.01816342963184309,0.0
closed_G2_DNp09_DNa01_DNa02_s2_c00_7001,"('rf', 'FTi', 'extensor')",0.07102159657100458,0.0
closed_G2_DNp09_DNa01_DNa02_s2_c00_7001,"('rf', 'FTi', 'flexor')",1.2158905631189663e-13,0.0
closed_G2_DNp09_DNa01_DNa02_s2_c00_7001,"('rf', 'ThC', 'adductor')",0.0,0.0
closed_G2_DNp09_DNa01_DNa02_s2_c00_7001,"('rf', 'ThC', 'promotor')",0.003992874147386957,0.0
closed_G2_DNp09_DNa01_DNa02_s2_c00_7001,"('rf', 'ThC', 'remotor')",0.09244070525791685,0.0
closed_G2_DNp09_DNa01_DNa02_s2_c00_7001,"('rf', 'ThC', 'rotator_ant')",5.540404420204357e-14,0.0
closed_G2_DNp09_DNa01_DNa02_s2_c00_7001,"('rf', 'ThC', 'rotator_post')",0.02328475174375458,0.0
closed_G2_DNp09_DNa01_DNa02_s2_c00_7001,"('rf', 'TiTa', 'depressor')",0.0,0.0
closed_G2_DNp09_DNa01_DNa02_s2_c00_7001,"('rf', 'TiTa', 'levator')",0.0,0.0
closed_G2_DNp09_DNa01_DNa02_s2_c00_7001,"('rf', 'TrF', 'reductor')",0.0617982691018403,0.0
closed_G2_DNp09_DNa01_DNa02_s2_c00_7001,"('rh', 'CTr', 'extensor')",0.00521141536750781,0.0
closed_G2_DNp09_DNa01_DNa02_s2_c00_7001,"('rh', 'CTr', 'flexor')",0.04679295758115713,0.0
closed_G2_DNp09_DNa01_DNa02_s2_c00_7001,"('rh', 'FTi', 'extensor')",0.1246059414450777,0.0
closed_G2_DNp09_DNa01_DNa02_s2_c00_7001,"('rh', 'FTi', 'flexor')",9.259285547042251e-05,0.0
closed_G2_DNp09_DNa01_DNa02_s2_c00_7001,"('rh', 'ThC', 'adductor')",0.0,0.0
closed_G2_DNp09_DNa01_DNa02_s2_c00_7001,"('rh', 'ThC', 'remotor')",0.0,0.0
closed_G2_DNp09_DNa01_DNa02_s2_c00_7001,"('rh', 'ThC', 'rotator_ant')",0.0033166666683887755,0.0
closed_G2_DNp09_DNa01_DNa02_s2_c00_7001,"('rh', 'ThC', 'rotator_post')",0.08547698697576778,0.0
closed_G2_DNp09_DNa01_DNa02_s2_c00_7001,"('rh', 'TiTa', 'depressor')",0.0,0.0
closed_G2_DNp09_DNa01_DNa02_s2_c00_7001,"('rh', 'TiTa', 'levator')",0.0,0.0
closed_G2_DNp09_DNa01_DNa02_s2_c00_7001,"('rh', 'TrF', 'reductor')",0.0256989160087984,0.0
closed_G2_DNp09_DNa01_DNa02_s2_c00_7001,"('rm', 'CTr', 'extensor')",5.504546865675812e-10,0.0
closed_G2_DNp09_DNa01_DNa02_s2_c00_7001,"('rm', 'CTr', 'flexor')",0.00016666666666666666,0.0
closed_G2_DNp09_DNa01_DNa02_s2_c00_7001,"('rm', 'FTi', 'extensor')",0.14609074883529083,0.0
closed_G2_DNp09_DNa01_DNa02_s2_c00_7001,"('rm', 'FTi', 'flexor')",9.803922997463833e-05,0.0
closed_G2_DNp09_DNa01_DNa02_s2_c00_7001,"('rm', 'ThC', 'adductor')",0.0,0.0
closed_G2_DNp09_DNa01_DNa02_s2_c00_7001,"('rm', 'ThC', 'rotator_ant')",0.0,0.0
closed_G2_DNp09_DNa01_DNa02_s2_c00_7001,"('rm', 'ThC', 'rotator_post')",0.12961926953662212,0.0
closed_G2_DNp09_DNa01_DNa02_s2_c00_7001,"('rm', 'TiTa', 'depressor')",0.000303030303121091,0.0
closed_G2_DNp09_DNa01_DNa02_s2_c00_7001,"('rm', 'TiTa', 'levator')",0.0,0.0
closed_G2_DNp09_DNa01_DNa02_s2_c00_7001,"('rm', 'TrF', 'reductor')",0.024058653623066893,0.0
closed_G2_DNp09_DNa01_DNa02_s2_c00_7002,"('lf', 'CTr', 'extensor')",0.2814238168556844,0.0
closed_G2_DNp09_DNa01_DNa02_s2_c00_7002,"('lf', 'CTr', 'flexor')",4.206130406369962e-14,0.0
closed_G2_DNp09_DNa01_DNa02_s2_c00_7002,"('lf', 'FTi', 'extensor')",1.7558249622632572e-09,0.0
closed_G2_DNp09_DNa01_DNa02_s2_c00_7002,"('lf', 'FTi', 'flexor')",0.007633557229777927,0.0
closed_G2_DNp09_DNa01_DNa02_s2_c00_7002,"('lf', 'ThC', 'adductor')",3.738036996421753e-11,0.0
closed_G2_DNp09_DNa01_DNa02_s2_c00_7002,"('lf', 'ThC', 'promotor')",1.8329834565993395e-13,0.0
closed_G2_DNp09_DNa01_DNa02_s2_c00_7002,"('lf', 'ThC', 'remotor')",0.1842821327522517,0.0
closed_G2_DNp09_DNa01_DNa02_s2_c00_7002,"('lf', 'ThC', 'rotator_ant')",0.0,0.0
closed_G2_DNp09_DNa01_DNa02_s2_c00_7002,"('lf', 'ThC', 'rotator_post')",0.21301237981563395,0.0
closed_G2_DNp09_DNa01_DNa02_s2_c00_7002,"('lf', 'TiTa', 'depressor')",0.0,0.0
closed_G2_DNp09_DNa01_DNa02_s2_c00_7002,"('lf', 'TiTa', 'levator')",0.0,0.0
closed_G2_DNp09_DNa01_DNa02_s2_c00_7002,"('lf', 'TrF', 'reductor')",0.01006185816734473,0.0
closed_G2_DNp09_DNa01_DNa02_s2_c00_7002,"('lh', 'CTr', 'extensor')",0.001861932710550878,0.0
closed_G2_DNp09_DNa01_DNa02_s2_c00_7002,"('lh', 'CTr', 'flexor')",0.03367951592220996,0.0
closed_G2_DNp09_DNa01_DNa02_s2_c00_7002,"('lh', 'FTi', 'extensor')",0.0710100978484555,0.0
closed_G2_DNp09_DNa01_DNa02_s2_c00_7002,"('lh', 'FTi', 'flexor')",0.0009963754548421508,0.0
closed_G2_DNp09_DNa01_DNa02_s2_c00_7002,"('lh', 'ThC', 'adductor')",0.0,0.0
closed_G2_DNp09_DNa01_DNa02_s2_c00_7002,"('lh', 'ThC', 'remotor')",0.0,0.0
closed_G2_DNp09_DNa01_DNa02_s2_c00_7002,"('lh', 'ThC', 'rotator_ant')",0.0,0.0
closed_G2_DNp09_DNa01_DNa02_s2_c00_7002,"('lh', 'ThC', 'rotator_post')",0.007950249368914057,0.0
closed_G2_DNp09_DNa01_DNa02_s2_c00_7002,"('lh', 'TiTa', 'depressor')",0.0,0.0
closed_G2_DNp09_DNa01_DNa02_s2_c00_7002,"('lh', 'TiTa', 'levator')",0.0,0.0
closed_G2_DNp09_DNa01_DNa02_s2_c00_7002,"('lh', 'TrF', 'reductor')",0.0046666666667746,0.0
closed_G2_DNp09_DNa01_DNa02_s2_c00_7002,"('lm', 'CTr', 'extensor')",0.001250000000101677,0.0
closed_G2_DNp09_DNa01_DNa02_s2_c00_7002,"('lm', 'CTr', 'flexor')",0.023071212696482546,0.0
closed_G2_DNp09_DNa01_DNa02_s2_c00_7002,"('lm', 'FTi', 'extensor')",0.06306771061583674,0.0
closed_G2_DNp09_DNa01_DNa02_s2_c00_7002,"('lm', 'FTi', 'flexor')",0.0,0.0
closed_G2_DNp09_DNa01_DNa02_s2_c00_7002,"('lm', 'ThC', 'remotor')",0.0,0.0
closed_G2_DNp09_DNa01_DNa02_s2_c00_7002,"('lm', 'ThC', 'rotator_ant')",1.0803788619398479e-13,0.0
closed_G2_DNp09_DNa01_DNa02_s2_c00_7002,"('lm', 'ThC', 'rotator_post')",0.10555450839619138,0.0
closed_G2_DNp09_DNa01_DNa02_s2_c00_7002,"('lm', 'TiTa', 'depressor')",0.0,0.0
closed_G2_DNp09_DNa01_DNa02_s2_c00_7002,"('lm', 'TiTa', 'levator')",0.0,0.0
closed_G2_DNp09_DNa01_DNa02_s2_c00_7002,"('lm', 'TrF', 'reductor')",0.0005555555555555543,0.0
closed_G2_DNp09_DNa01_DNa02_s2_c00_7002,"('rf', 'CTr', 'extensor')",0.1226258903508272,0.0
closed_G2_DNp09_DNa01_DNa02_s2_c00_7002,"('rf', 'CTr', 'flexor')",0.005675784433346239,0.0
closed_G2_DNp09_DNa01_DNa02_s2_c00_7002,"('rf', 'FTi', 'extensor')",0.06569535937048342,0.0
closed_G2_DNp09_DNa01_DNa02_s2_c00_7002,"('rf', 'FTi', 'flexor')",0.0001014370306338608,0.0
closed_G2_DNp09_DNa01_DNa02_s2_c00_7002,"('rf', 'ThC', 'adductor')",0.0,0.0
closed_G2_DNp09_DNa01_DNa02_s2_c00_7002,"('rf', 'ThC', 'promotor')",0.0,0.0
closed_G2_DNp09_DNa01_DNa02_s2_c00_7002,"('rf', 'ThC', 'remotor')",0.21128377972467896,0.0
closed_G2_DNp09_DNa01_DNa02_s2_c00_7002,"('rf', 'ThC', 'rotator_ant')",0.0,0.0
closed_G2_DNp09_DNa01_DNa02_s2_c00_7002,"('rf', 'ThC', 'rotator_post')",0.22242361458642382,0.0
closed_G2_DNp09_DNa01_DNa02_s2_c00_7002,"('rf', 'TiTa', 'depressor')",0.0,0.0
closed_G2_DNp09_DNa01_DNa02_s2_c00_7002,"('rf', 'TiTa', 'levator')",0.0,0.0
closed_G2_DNp09_DNa01_DNa02_s2_c00_7002,"('rf', 'TrF', 'reductor')",0.0014444444444444411,0.0
closed_G2_DNp09_DNa01_DNa02_s2_c00_7002,"('rh', 'CTr', 'extensor')",0.0014583348611350428,0.0
closed_G2_DNp09_DNa01_DNa02_s2_c00_7002,"('rh', 'CTr', 'flexor')",0.04787787346610721,0.0
closed_G2_DNp09_DNa01_DNa02_s2_c00_7002,"('rh', 'FTi', 'extensor')",0.11884728239549198,0.0
closed_G2_DNp09_DNa01_DNa02_s2_c00_7002,"('rh', 'FTi', 'flexor')",9.692161435146819e-06,0.0
closed_G2_DNp09_DNa01_DNa02_s2_c00_7002,"('rh', 'ThC', 'adductor')",0.0,0.0
closed_G2_DNp09_DNa01_DNa02_s2_c00_7002,"('rh', 'ThC', 'remotor')",0.0,0.0
closed_G2_DNp09_DNa01_DNa02_s2_c00_7002,"('rh', 'ThC', 'rotator_ant')",0.00699221697887943,0.0
closed_G2_DNp09_DNa01_DNa02_s2_c00_7002,"('rh', 'ThC', 'rotator_post')",0.08107387460364641,0.0
closed_G2_DNp09_DNa01_DNa02_s2_c00_7002,"('rh', 'TiTa', 'depressor')",0.0,0.0
closed_G2_DNp09_DNa01_DNa02_s2_c00_7002,"('rh', 'TiTa', 'levator')",0.0,0.0
closed_G2_DNp09_DNa01_DNa02_s2_c00_7002,"('rh', 'TrF', 'reductor')",0.0169414757796389,0.0
closed_G2_DNp09_DNa01_DNa02_s2_c00_7002,"('rm', 'CTr', 'extensor')",0.0002077001548324825,0.0
closed_G2_DNp09_DNa01_DNa02_s2_c00_7002,"('rm', 'CTr', 'flexor')",0.00033333338556823256,0.0
closed_G2_DNp09_DNa01_DNa02_s2_c00_7002,"('rm', 'FTi', 'extensor')",0.145321036258368,0.0
closed_G2_DNp09_DNa01_DNa02_s2_c00_7002,"('rm', 'FTi', 'flexor')",0.00019573090268082586,0.0
closed_G2_DNp09_DNa01_DNa02_s2_c00_7002,"('rm', 'ThC', 'adductor')",0.0,0.0
closed_G2_DNp09_DNa01_DNa02_s2_c00_7002,"('rm', 'ThC', 'rotator_ant')",2.9568669889045535e-12,0.0
closed_G2_DNp09_DNa01_DNa02_s2_c00_7002,"('rm', 'ThC', 'rotator_post')",0.13537351950823562,0.0
closed_G2_DNp09_DNa01_DNa02_s2_c00_7002,"('rm', 'TiTa', 'depressor')",4.4524278446811085e-13,0.0
closed_G2_DNp09_DNa01_DNa02_s2_c00_7002,"('rm', 'TiTa', 'levator')",0.0,0.0
closed_G2_DNp09_DNa01_DNa02_s2_c00_7002,"('rm', 'TrF', 'reductor')",0.02492762853896467,0.0
closed_G2_DNp09_DNa01_DNa02_s2_c00_7003,"('lf', 'CTr', 'extensor')",0.17300233432553003,0.0
closed_G2_DNp09_DNa01_DNa02_s2_c00_7003,"('lf', 'CTr', 'flexor')",0.001363636363612996,0.0
closed_G2_DNp09_DNa01_DNa02_s2_c00_7003,"('lf', 'FTi', 'extensor')",2.860132137075881e-13,0.0
closed_G2_DNp09_DNa01_DNa02_s2_c00_7003,"('lf', 'FTi', 'flexor')",0.03017702923046685,0.0
closed_G2_DNp09_DNa01_DNa02_s2_c00_7003,"('lf', 'ThC', 'adductor')",0.0,0.0
closed_G2_DNp09_DNa01_DNa02_s2_c00_7003,"('lf', 'ThC', 'promotor')",4.0956313705059856e-13,0.0
closed_G2_DNp09_DNa01_DNa02_s2_c00_7003,"('lf', 'ThC', 'remotor')",0.041455349847164036,0.0
closed_G2_DNp09_DNa01_DNa02_s2_c00_7003,"('lf', 'ThC', 'rotator_ant')",0.007005157083790854,0.0
closed_G2_DNp09_DNa01_DNa02_s2_c00_7003,"('lf', 'ThC', 'rotator_post')",0.036363246196222526,0.0
closed_G2_DNp09_DNa01_DNa02_s2_c00_7003,"('lf', 'TiTa', 'depressor')",0.0,0.0
closed_G2_DNp09_DNa01_DNa02_s2_c00_7003,"('lf', 'TiTa', 'levator')",0.0,0.0
closed_G2_DNp09_DNa01_DNa02_s2_c00_7003,"('lf', 'TrF', 'reductor')",0.009770669438393517,0.0
closed_G2_DNp09_DNa01_DNa02_s2_c00_7003,"('lh', 'CTr', 'extensor')",0.0004994930895152631,0.0
closed_G2_DNp09_DNa01_DNa02_s2_c00_7003,"('lh', 'CTr', 'flexor')",0.052583270938719076,0.0
closed_G2_DNp09_DNa01_DNa02_s2_c00_7003,"('lh', 'FTi', 'extensor')",0.07364542231671312,0.0
closed_G2_DNp09_DNa01_DNa02_s2_c00_7003,"('lh', 'FTi', 'flexor')",0.0007255692337201682,0.0
closed_G2_DNp09_DNa01_DNa02_s2_c00_7003,"('lh', 'ThC', 'adductor')",0.0,0.0
closed_G2_DNp09_DNa01_DNa02_s2_c00_7003,"('lh', 'ThC', 'remotor')",0.0,0.0
closed_G2_DNp09_DNa01_DNa02_s2_c00_7003,"('lh', 'ThC', 'rotator_ant')",2.715397713108941e-09,0.0
closed_G2_DNp09_DNa01_DNa02_s2_c00_7003,"('lh', 'ThC', 'rotator_post')",0.0034675886986396246,0.0
closed_G2_DNp09_DNa01_DNa02_s2_c00_7003,"('lh', 'TiTa', 'depressor')",0.0,0.0
closed_G2_DNp09_DNa01_DNa02_s2_c00_7003,"('lh', 'TiTa', 'levator')",0.0,0.0
closed_G2_DNp09_DNa01_DNa02_s2_c00_7003,"('lh', 'TrF', 'reductor')",0.016326686796971066,0.0
closed_G2_DNp09_DNa01_DNa02_s2_c00_7003,"('lm', 'CTr', 'extensor')",0.0027038867221154455,0.0
closed_G2_DNp09_DNa01_DNa02_s2_c00_7003,"('lm', 'CTr', 'flexor')",0.023570908407148882,0.0
closed_G2_DNp09_DNa01_DNa02_s2_c00_7003,"('lm', 'FTi', 'extensor')",0.044581924360646175,0.0
closed_G2_DNp09_DNa01_DNa02_s2_c00_7003,"('lm', 'FTi', 'flexor')",0.0,0.0
closed_G2_DNp09_DNa01_DNa02_s2_c00_7003,"('lm', 'ThC', 'remotor')",0.0,0.0
closed_G2_DNp09_DNa01_DNa02_s2_c00_7003,"('lm', 'ThC', 'rotator_ant')",0.0010000000000500013,0.0
closed_G2_DNp09_DNa01_DNa02_s2_c00_7003,"('lm', 'ThC', 'rotator_post')",0.07401596381840266,0.0
closed_G2_DNp09_DNa01_DNa02_s2_c00_7003,"('lm', 'TiTa', 'depressor')",0.0,0.0
closed_G2_DNp09_DNa01_DNa02_s2_c00_7003,"('lm', 'TiTa', 'levator')",0.0,0.0
closed_G2_DNp09_DNa01_DNa02_s2_c00_7003,"('lm', 'TrF', 'reductor')",0.0008789866854859532,0.0
closed_G2_DNp09_DNa01_DNa02_s2_c00_7003,"('rf', 'CTr', 'extensor')",0.11921311551851971,0.0
closed_G2_DNp09_DNa01_DNa02_s2_c00_7003,"('rf', 'CTr', 'flexor')",0.001967855656781533,0.0
closed_G2_DNp09_DNa01_DNa02_s2_c00_7003,"('rf', 'FTi', 'extensor')",0.09178649329728146,0.0
closed_G2_DNp09_DNa01_DNa02_s2_c00_7003,"('rf', 'FTi', 'flexor')",2.03075922568872e-13,0.0
closed_G2_DNp09_DNa01_DNa02_s2_c00_7003,"('rf', 'ThC', 'adductor')",8.840295485614345e-13,0.0
closed_G2_DNp09_DNa01_DNa02_s2_c00_7003,"('rf', 'ThC', 'promotor')",0.0,0.0
closed_G2_DNp09_DNa01_DNa02_s2_c00_7003,"('rf', 'ThC', 'remotor')",0.16694995114913455,0.0
closed_G2_DNp09_DNa01_DNa02_s2_c00_7003,"('rf', 'ThC', 'rotator_ant')",0.0,0.0
closed_G2_DNp09_DNa01_DNa02_s2_c00_7003,"('rf', 'ThC', 'rotator_post')",0.12739436444505903,0.0
closed_G2_DNp09_DNa01_DNa02_s2_c00_7003,"('rf', 'TiTa', 'depressor')",0.0,0.0
closed_G2_DNp09_DNa01_DNa02_s2_c00_7003,"('rf', 'TiTa', 'levator')",0.0,0.0
closed_G2_DNp09_DNa01_DNa02_s2_c00_7003,"('rf', 'TrF', 'reductor')",0.01244210171191975,0.0
closed_G2_DNp09_DNa01_DNa02_s2_c00_7003,"('rh', 'CTr', 'extensor')",0.0011430531100447023,0.0
closed_G2_DNp09_DNa01_DNa02_s2_c00_7003,"('rh', 'CTr', 'flexor')",0.039591412554842616,0.0
closed_G2_DNp09_DNa01_DNa02_s2_c00_7003,"('rh', 'FTi', 'extensor')",0.11040692901229002,0.0
closed_G2_DNp09_DNa01_DNa02_s2_c00_7003,"('rh', 'FTi', 'flexor')",3.32188724423698e-14,0.0
closed_G2_DNp09_DNa01_DNa02_s2_c00_7003,"('rh', 'ThC', 'adductor')",0.0,0.0
closed_G2_DNp09_DNa01_DNa02_s2_c00_7003,"('rh', 'ThC', 'remotor')",0.0,0.0
closed_G2_DNp09_DNa01_DNa02_s2_c00_7003,"('rh', 'ThC', 'rotator_ant')",0.003666470420350954,0.0
closed_G2_DNp09_DNa01_DNa02_s2_c00_7003,"('rh', 'ThC', 'rotator_post')",0.10728791287875314,0.0
closed_G2_DNp09_DNa01_DNa02_s2_c00_7003,"('rh', 'TiTa', 'depressor')",0.0,0.0
closed_G2_DNp09_DNa01_DNa02_s2_c00_7003,"('rh', 'TiTa', 'levator')",0.0,0.0
closed_G2_DNp09_DNa01_DNa02_s2_c00_7003,"('rh', 'TrF', 'reductor')",0.01899858416418774,0.0
closed_G2_DNp09_DNa01_DNa02_s2_c00_7003,"('rm', 'CTr', 'extensor')",0.0,0.0
closed_G2_DNp09_DNa01_DNa02_s2_c00_7003,"('rm', 'CTr', 'flexor')",0.00016666666666666666,0.0
closed_G2_DNp09_DNa01_DNa02_s2_c00_7003,"('rm', 'FTi', 'extensor')",0.15006503406523916,0.0
closed_G2_DNp09_DNa01_DNa02_s2_c00_7003,"('rm', 'FTi', 'flexor')",9.803921585876965e-05,0.0
closed_G2_DNp09_DNa01_DNa02_s2_c00_7003,"('rm', 'ThC', 'adductor')",0.0,0.0
closed_G2_DNp09_DNa01_DNa02_s2_c00_7003,"('rm', 'ThC', 'rotator_ant')",2.501702642186491e-10,0.0
closed_G2_DNp09_DNa01_DNa02_s2_c00_7003,"('rm', 'ThC', 'rotator_post')",0.10667969095062035,0.0
closed_G2_DNp09_DNa01_DNa02_s2_c00_7003,"('rm', 'TiTa', 'depressor')",9.267548636508462e-12,0.0
closed_G2_DNp09_DNa01_DNa02_s2_c00_7003,"('rm', 'TiTa', 'levator')",0.0,0.0
closed_G2_DNp09_DNa01_DNa02_s2_c00_7003,"('rm', 'TrF', 'reductor')",0.020810773877414916,0.0
closed_G2_DNp09_DNa01_DNa02_s2_c00_7004,"('lf', 'CTr', 'extensor')",0.1611733789131786,0.0
closed_G2_DNp09_DNa01_DNa02_s2_c00_7004,"('lf', 'CTr', 'flexor')",0.0037878794543943595,0.0
closed_G2_DNp09_DNa01_DNa02_s2_c00_7004,"('lf', 'FTi', 'extensor')",0.0,0.0
closed_G2_DNp09_DNa01_DNa02_s2_c00_7004,"('lf', 'FTi', 'flexor')",0.037268610112959885,0.0
closed_G2_DNp09_DNa01_DNa02_s2_c00_7004,"('lf', 'ThC', 'adductor')",0.0003333333333333333,0.0
closed_G2_DNp09_DNa01_DNa02_s2_c00_7004,"('lf', 'ThC', 'promotor')",1.525286756631788e-13,0.0
closed_G2_DNp09_DNa01_DNa02_s2_c00_7004,"('lf', 'ThC', 'remotor')",0.032734763819318585,0.0
closed_G2_DNp09_DNa01_DNa02_s2_c00_7004,"('lf', 'ThC', 'rotator_ant')",0.015333311338131421,0.0
closed_G2_DNp09_DNa01_DNa02_s2_c00_7004,"('lf', 'ThC', 'rotator_post')",0.023058892232982443,0.0
closed_G2_DNp09_DNa01_DNa02_s2_c00_7004,"('lf', 'TiTa', 'depressor')",0.00015151515151515152,0.0
closed_G2_DNp09_DNa01_DNa02_s2_c00_7004,"('lf', 'TiTa', 'levator')",0.0,0.0
closed_G2_DNp09_DNa01_DNa02_s2_c00_7004,"('lf', 'TrF', 'reductor')",0.008127866782792101,0.0
closed_G2_DNp09_DNa01_DNa02_s2_c00_7004,"('lh', 'CTr', 'extensor')",0.00020861716295722817,0.0
closed_G2_DNp09_DNa01_DNa02_s2_c00_7004,"('lh', 'CTr', 'flexor')",0.05845729483665095,0.0
closed_G2_DNp09_DNa01_DNa02_s2_c00_7004,"('lh', 'FTi', 'extensor')",0.08081237982259623,0.0
closed_G2_DNp09_DNa01_DNa02_s2_c00_7004,"('lh', 'FTi', 'flexor')",0.00019990109502430648,0.0
closed_G2_DNp09_DNa01_DNa02_s2_c00_7004,"('lh', 'ThC', 'adductor')",0.0,0.0
closed_G2_DNp09_DNa01_DNa02_s2_c00_7004,"('lh', 'ThC', 'remotor')",0.0,0.0
closed_G2_DNp09_DNa01_DNa02_s2_c00_7004,"('lh', 'ThC', 'rotator_ant')",0.0,0.0
closed_G2_DNp09_DNa01_DNa02_s2_c00_7004,"('lh', 'ThC', 'rotator_post')",0.0009994799343185986,0.0
closed_G2_DNp09_DNa01_DNa02_s2_c00_7004,"('lh', 'TiTa', 'depressor')",0.0,0.0
closed_G2_DNp09_DNa01_DNa02_s2_c00_7004,"('lh', 'TiTa', 'levator')",0.0,0.0
closed_G2_DNp09_DNa01_DNa02_s2_c00_7004,"('lh', 'TrF', 'reductor')",0.02000279434906003,0.0
closed_G2_DNp09_DNa01_DNa02_s2_c00_7004,"('lm', 'CTr', 'extensor')",0.0,0.0
closed_G2_DNp09_DNa01_DNa02_s2_c00_7004,"('lm', 'CTr', 'flexor')",0.045252549862771316,0.0
closed_G2_DNp09_DNa01_DNa02_s2_c00_7004,"('lm', 'FTi', 'extensor')",0.027185862132057644,0.0
closed_G2_DNp09_DNa01_DNa02_s2_c00_7004,"('lm', 'FTi', 'flexor')",0.0,0.0
closed_G2_DNp09_DNa01_DNa02_s2_c00_7004,"('lm', 'ThC', 'remotor')",0.0,0.0
closed_G2_DNp09_DNa01_DNa02_s2_c00_7004,"('lm', 'ThC', 'rotator_ant')",7.933708325755201e-14,0.0
closed_G2_DNp09_DNa01_DNa02_s2_c00_7004,"('lm', 'ThC', 'rotator_post')",0.1103202443204281,0.0
closed_G2_DNp09_DNa01_DNa02_s2_c00_7004,"('lm', 'TiTa', 'depressor')",0.0,0.0
closed_G2_DNp09_DNa01_DNa02_s2_c00_7004,"('lm', 'TiTa', 'levator')",0.0,0.0
closed_G2_DNp09_DNa01_DNa02_s2_c00_7004,"('lm', 'TrF', 'reductor')",0.0,0.0
closed_G2_DNp09_DNa01_DNa02_s2_c00_7004,"('rf', 'CTr', 'extensor')",0.10479019136296353,0.0
closed_G2_DNp09_DNa01_DNa02_s2_c00_7004,"('rf', 'CTr', 'flexor')",0.002121186716461122,0.0
closed_G2_DNp09_DNa01_DNa02_s2_c00_7004,"('rf', 'FTi', 'extensor')",0.09024129811395215,0.0
closed_G2_DNp09_DNa01_DNa02_s2_c00_7004,"('rf', 'FTi', 'flexor')",0.0,0.0
closed_G2_DNp09_DNa01_DNa02_s2_c00_7004,"('rf', 'ThC', 'adductor')",3.186960268954144e-12,0.0
closed_G2_DNp09_DNa01_DNa02_s2_c00_7004,"('rf', 'ThC', 'promotor')",0.0,0.0
closed_G2_DNp09_DNa01_DNa02_s2_c00_7004,"('rf', 'ThC', 'remotor')",0.16127025967101785,0.0
closed_G2_DNp09_DNa01_DNa02_s2_c00_7004,"('rf', 'ThC', 'rotator_ant')",0.0,0.0
closed_G2_DNp09_DNa01_DNa02_s2_c00_7004,"('rf', 'ThC', 'rotator_post')",0.11207585723301251,0.0
closed_G2_DNp09_DNa01_DNa02_s2_c00_7004,"('rf', 'TiTa', 'depressor')",0.0,0.0
closed_G2_DNp09_DNa01_DNa02_s2_c00_7004,"('rf', 'TiTa', 'levator')",0.0,0.0
closed_G2_DNp09_DNa01_DNa02_s2_c00_7004,"('rf', 'TrF', 'reductor')",0.016338080744343633,0.0
closed_G2_DNp09_DNa01_DNa02_s2_c00_7004,"('rh', 'CTr', 'extensor')",1.8630256393089406e-09,0.0
closed_G2_DNp09_DNa01_DNa02_s2_c00_7004,"('rh', 'CTr', 'flexor')",0.026563026392089583,0.0
closed_G2_DNp09_DNa01_DNa02_s2_c00_7004,"('rh', 'FTi', 'extensor')",0.11373821423933964,0.0
closed_G2_DNp09_DNa01_DNa02_s2_c00_7004,"('rh', 'FTi', 'flexor')",2.3197977560687684e-14,0.0
closed_G2_DNp09_DNa01_DNa02_s2_c00_7004,"('rh', 'ThC', 'adductor')",0.0,0.0
closed_G2_DNp09_DNa01_DNa02_s2_c00_7004,"('rh', 'ThC', 'remotor')",0.0,0.0
closed_G2_DNp09_DNa01_DNa02_s2_c00_7004,"('rh', 'ThC', 'rotator_ant')",0.014909636321823733,0.0
closed_G2_DNp09_DNa01_DNa02_s2_c00_7004,"('rh', 'ThC', 'rotator_post')",0.04591032178375417,0.0
closed_G2_DNp09_DNa01_DNa02_s2_c00_7004,"('rh', 'TiTa', 'depressor')",0.0,0.0
closed_G2_DNp09_DNa01_DNa02_s2_c00_7004,"('rh', 'TiTa', 'levator')",0.0,0.0
closed_G2_DNp09_DNa01_DNa02_s2_c00_7004,"('rh', 'TrF', 'reductor')",0.014157524579562883,0.0
closed_G2_DNp09_DNa01_DNa02_s2_c00_7004,"('rm', 'CTr', 'extensor')",7.919960980186003e-13,0.0
closed_G2_DNp09_DNa01_DNa02_s2_c00_7004,"('rm', 'CTr', 'flexor')",0.0003333334787684842,0.0
closed_G2_DNp09_DNa01_DNa02_s2_c00_7004,"('rm', 'FTi', 'extensor')",0.14855517452537517,0.0
closed_G2_DNp09_DNa01_DNa02_s2_c00_7004,"('rm', 'FTi', 'flexor')",4.641898399080274e-11,0.0
closed_G2_DNp09_DNa01_DNa02_s2_c00_7004,"('rm', 'ThC', 'adductor')",0.0,0.0
closed_G2_DNp09_DNa01_DNa02_s2_c00_7004,"('rm', 'ThC', 'rotator_ant')",0.0,0.0
closed_G2_DNp09_DNa01_DNa02_s2_c00_7004,"('rm', 'ThC', 'rotator_post')",0.11263304780680328,0.0
closed_G2_DNp09_DNa01_DNa02_s2_c00_7004,"('rm', 'TiTa', 'depressor')",1.3761873888665558e-12,0.0
closed_G2_DNp09_DNa01_DNa02_s2_c00_7004,"('rm', 'TiTa', 'levator')",0.0,0.0
closed_G2_DNp09_DNa01_DNa02_s2_c00_7004,"('rm', 'TrF', 'reductor')",0.02551854706489177,0.0
closed_G2_DNp09_DNa01_DNa02_s2_c01_7000,"('lf', 'CTr', 'extensor')",0.2340104203365435,0.0
closed_G2_DNp09_DNa01_DNa02_s2_c01_7000,"('lf', 'CTr', 'flexor')",2.6509112058394063e-14,0.0
closed_G2_DNp09_DNa01_DNa02_s2_c01_7000,"('lf', 'FTi', 'extensor')",1.4281587922547223e-10,0.0
closed_G2_DNp09_DNa01_DNa02_s2_c01_7000,"('lf', 'FTi', 'flexor')",0.021374340437555466,0.0
closed_G2_DNp09_DNa01_DNa02_s2_c01_7000,"('lf', 'ThC', 'adductor')",0.0,0.0
closed_G2_DNp09_DNa01_DNa02_s2_c01_7000,"('lf', 'ThC', 'promotor')",0.00033334335123089815,0.0
closed_G2_DNp09_DNa01_DNa02_s2_c01_7000,"('lf', 'ThC', 'remotor')",0.1692537308022585,0.0
closed_G2_DNp09_DNa01_DNa02_s2_c01_7000,"('lf', 'ThC', 'rotator_ant')",0.0,0.0
closed_G2_DNp09_DNa01_DNa02_s2_c01_7000,"('lf', 'ThC', 'rotator_post')",0.1899771248974937,0.0
closed_G2_DNp09_DNa01_DNa02_s2_c01_7000,"('lf', 'TiTa', 'depressor')",0.0,0.0
closed_G2_DNp09_DNa01_DNa02_s2_c01_7000,"('lf', 'TiTa', 'levator')",0.0,0.0
closed_G2_DNp09_DNa01_DNa02_s2_c01_7000,"('lf', 'TrF', 'reductor')",0.019216593956771288,0.0
closed_G2_DNp09_DNa01_DNa02_s2_c01_7000,"('lh', 'CTr', 'extensor')",0.00020833330779798352,0.0
closed_G2_DNp09_DNa01_DNa02_s2_c01_7000,"('lh', 'CTr', 'flexor')",0.07055320249121365,0.0
closed_G2_DNp09_DNa01_DNa02_s2_c01_7000,"('lh', 'FTi', 'extensor')",0.14318516001222406,0.0
closed_G2_DNp09_DNa01_DNa02_s2_c01_7000,"('lh', 'FTi', 'flexor')",0.00019607843139471688,0.0
closed_G2_DNp09_DNa01_DNa02_s2_c01_7000,"('lh', 'ThC', 'adductor')",0.0,0.0
closed_G2_DNp09_DNa01_DNa02_s2_c01_7000,"('lh', 'ThC', 'remotor')",0.0,0.0
closed_G2_DNp09_DNa01_DNa02_s2_c01_7000,"('lh', 'ThC', 'rotator_ant')",0.0,0.0
closed_G2_DNp09_DNa01_DNa02_s2_c01_7000,"('lh', 'ThC', 'rotator_post')",0.003333295318168044,0.0
closed_G2_DNp09_DNa01_DNa02_s2_c01_7000,"('lh', 'TiTa', 'depressor')",4.0585468833394535e-14,0.0
closed_G2_DNp09_DNa01_DNa02_s2_c01_7000,"('lh', 'TiTa', 'levator')",0.0,0.0
closed_G2_DNp09_DNa01_DNa02_s2_c01_7000,"('lh', 'TrF', 'reductor')",0.029008051609909075,0.0
closed_G2_DNp09_DNa01_DNa02_s2_c01_7000,"('lm', 'CTr', 'extensor')",0.002719715644246123,0.0
closed_G2_DNp09_DNa01_DNa02_s2_c01_7000,"('lm', 'CTr', 'flexor')",0.01606785550420077,0.0
closed_G2_DNp09_DNa01_DNa02_s2_c01_7000,"('lm', 'FTi', 'extensor')",0.04934293601500815,0.0
closed_G2_DNp09_DNa01_DNa02_s2_c01_7000,"('lm', 'FTi', 'flexor')",0.0,0.0
closed_G2_DNp09_DNa01_DNa02_s2_c01_7000,"('lm', 'ThC', 'remotor')",0.0,0.0
closed_G2_DNp09_DNa01_DNa02_s2_c01_7000,"('lm', 'ThC', 'rotator_ant')",0.0010000015317827592,0.0
closed_G2_DNp09_DNa01_DNa02_s2_c01_7000,"('lm', 'ThC', 'rotator_post')",0.04069406041306668,0.0
closed_G2_DNp09_DNa01_DNa02_s2_c01_7000,"('lm', 'TiTa', 'depressor')",0.0,0.0
closed_G2_DNp09_DNa01_DNa02_s2_c01_7000,"('lm', 'TiTa', 'levator')",0.0,0.0
closed_G2_DNp09_DNa01_DNa02_s2_c01_7000,"('lm', 'TrF', 'reductor')",0.0008333333333333292,0.0
closed_G2_DNp09_DNa01_DNa02_s2_c01_7000,"('rf', 'CTr', 'extensor')",0.019989260814602165,0.0
closed_G2_DNp09_DNa01_DNa02_s2_c01_7000,"('rf', 'CTr', 'flexor')",0.014768036551611616,0.0
closed_G2_DNp09_DNa01_DNa02_s2_c01_7000,"('rf', 'FTi', 'extensor')",0.06860398527885117,0.0
closed_G2_DNp09_DNa01_DNa02_s2_c01_7000,"('rf', 'FTi', 'flexor')",0.00010416666714100552,0.0
closed_G2_DNp09_DNa01_DNa02_s2_c01_7000,"('rf', 'ThC', 'adductor')",0.0,0.0
closed_G2_DNp09_DNa01_DNa02_s2_c01_7000,"('rf', 'ThC', 'promotor')",0.0,0.0
closed_G2_DNp09_DNa01_DNa02_s2_c01_7000,"('rf', 'ThC', 'remotor')",0.16449046783800486,0.0
closed_G2_DNp09_DNa01_DNa02_s2_c01_7000,"('rf', 'ThC', 'rotator_ant')",0.0,0.0
closed_G2_DNp09_DNa01_DNa02_s2_c01_7000,"('rf', 'ThC', 'rotator_post')",0.1197008542356755,0.0
closed_G2_DNp09_DNa01_DNa02_s2_c01_7000,"('rf', 'TiTa', 'depressor')",0.0,0.0
closed_G2_DNp09_DNa01_DNa02_s2_c01_7000,"('rf', 'TiTa', 'levator')",0.0,0.0
closed_G2_DNp09_DNa01_DNa02_s2_c01_7000,"('rf', 'TrF', 'reductor')",0.034786775700333776,0.0
closed_G2_DNp09_DNa01_DNa02_s2_c01_7000,"('rh', 'CTr', 'extensor')",0.0,0.0
closed_G2_DNp09_DNa01_DNa02_s2_c01_7000,"('rh', 'CTr', 'flexor')",0.05066704680605153,0.0
closed_G2_DNp09_DNa01_DNa02_s2_c01_7000,"('rh', 'FTi', 'extensor')",0.10884453978533164,0.0
closed_G2_DNp09_DNa01_DNa02_s2_c01_7000,"('rh', 'FTi', 'flexor')",4.51900950969899e-14,0.0
closed_G2_DNp09_DNa01_DNa02_s2_c01_7000,"('rh', 'ThC', 'adductor')",2.9127959667588446e-13,0.0
closed_G2_DNp09_DNa01_DNa02_s2_c01_7000,"('rh', 'ThC', 'remotor')",0.0,0.0
closed_G2_DNp09_DNa01_DNa02_s2_c01_7000,"('rh', 'ThC', 'rotator_ant')",0.0023332853790495917,0.0
closed_G2_DNp09_DNa01_DNa02_s2_c01_7000,"('rh', 'ThC', 'rotator_post')",0.12190014625784447,0.0
closed_G2_DNp09_DNa01_DNa02_s2_c01_7000,"('rh', 'TiTa', 'depressor')",0.0,0.0
closed_G2_DNp09_DNa01_DNa02_s2_c01_7000,"('rh', 'TiTa', 'levator')",0.0,0.0
closed_G2_DNp09_DNa01_DNa02_s2_c01_7000,"('rh', 'TrF', 'reductor')",0.023575067146735445,0.0
closed_G2_DNp09_DNa01_DNa02_s2_c01_7000,"('rm', 'CTr', 'extensor')",5.219544951154749e-14,0.0
closed_G2_DNp09_DNa01_DNa02_s2_c01_7000,"('rm', 'CTr', 'flexor')",0.005368299428205174,0.0
closed_G2_DNp09_DNa01_DNa02_s2_c01_7000,"('rm', 'FTi', 'extensor')",0.1317738414730919,0.0
closed_G2_DNp09_DNa01_DNa02_s2_c01_7000,"('rm', 'FTi', 'flexor')",0.0,0.0
closed_G2_DNp09_DNa01_DNa02_s2_c01_7000,"('rm', 'ThC', 'adductor')",0.0,0.0
closed_G2_DNp09_DNa01_DNa02_s2_c01_7000,"('rm', 'ThC', 'rotator_ant')",0.00033333333381543715,0.0
closed_G2_DNp09_DNa01_DNa02_s2_c01_7000,"('rm', 'ThC', 'rotator_post')",0.017179305287371213,0.0
closed_G2_DNp09_DNa01_DNa02_s2_c01_7000,"('rm', 'TiTa', 'depressor')",0.0,0.0
closed_G2_DNp09_DNa01_DNa02_s2_c01_7000,"('rm', 'TiTa', 'levator')",0.0,0.0
closed_G2_DNp09_DNa01_DNa02_s2_c01_7000,"('rm', 'TrF', 'reductor')",0.024359613652427253,0.0
closed_G2_DNp09_DNa01_DNa02_s2_c01_7001,"('lf', 'CTr', 'extensor')",0.09611143270565534,0.0
closed_G2_DNp09_DNa01_DNa02_s2_c01_7001,"('lf', 'CTr', 'flexor')",5.420704336510469e-11,0.0
closed_G2_DNp09_DNa01_DNa02_s2_c01_7001,"('lf', 'FTi', 'extensor')",1.9188916991190067e-11,0.0
closed_G2_DNp09_DNa01_DNa02_s2_c01_7001,"('lf', 'FTi', 'flexor')",0.03654193935782393,0.0
closed_G2_DNp09_DNa01_DNa02_s2_c01_7001,"('lf', 'ThC', 'adductor')",0.0,0.0
closed_G2_DNp09_DNa01_DNa02_s2_c01_7001,"('lf', 'ThC', 'promotor')",3.1855184357600495e-13,0.0
closed_G2_DNp09_DNa01_DNa02_s2_c01_7001,"('lf', 'ThC', 'remotor')",0.03492301319894365,0.0
closed_G2_DNp09_DNa01_DNa02_s2_c01_7001,"('lf', 'ThC', 'rotator_ant')",0.0,0.0
closed_G2_DNp09_DNa01_DNa02_s2_c01_7001,"('lf', 'ThC', 'rotator_post')",0.010688210605296821,0.0
closed_G2_DNp09_DNa01_DNa02_s2_c01_7001,"('lf', 'TiTa', 'depressor')",0.0,0.0
closed_G2_DNp09_DNa01_DNa02_s2_c01_7001,"('lf', 'TiTa', 'levator')",0.0,0.0
closed_G2_DNp09_DNa01_DNa02_s2_c01_7001,"('lf', 'TrF', 'reductor')",0.0205184352367621,0.0
closed_G2_DNp09_DNa01_DNa02_s2_c01_7001,"('lh', 'CTr', 'extensor')",0.006665696514078597,0.0
closed_G2_DNp09_DNa01_DNa02_s2_c01_7001,"('lh', 'CTr', 'flexor')",0.04840456230575315,0.0
closed_G2_DNp09_DNa01_DNa02_s2_c01_7001,"('lh', 'FTi', 'extensor')",0.10123221259758634,0.0
closed_G2_DNp09_DNa01_DNa02_s2_c01_7001,"('lh', 'FTi', 'flexor')",0.00019607843139060458,0.0
closed_G2_DNp09_DNa01_DNa02_s2_c01_7001,"('lh', 'ThC', 'adductor')",0.0,0.0
closed_G2_DNp09_DNa01_DNa02_s2_c01_7001,"('lh', 'ThC', 'remotor')",0.0,0.0
closed_G2_DNp09_DNa01_DNa02_s2_c01_7001,"('lh', 'ThC', 'rotator_ant')",0.000666666666666666,0.0
closed_G2_DNp09_DNa01_DNa02_s2_c01_7001,"('lh', 'ThC', 'rotator_post')",0.011431415478046051,0.0
closed_G2_DNp09_DNa01_DNa02_s2_c01_7001,"('lh', 'TiTa', 'depressor')",0.0,0.0
closed_G2_DNp09_DNa01_DNa02_s2_c01_7001,"('lh', 'TiTa', 'levator')",0.0,0.0
closed_G2_DNp09_DNa01_DNa02_s2_c01_7001,"('lh', 'TrF', 'reductor')",0.002373967327321316,0.0
closed_G2_DNp09_DNa01_DNa02_s2_c01_7001,"('lm', 'CTr', 'extensor')",0.002479634021693749,0.0
closed_G2_DNp09_DNa01_DNa02_s2_c01_7001,"('lm', 'CTr', 'flexor')",0.02584846232957806,0.0
closed_G2_DNp09_DNa01_DNa02_s2_c01_7001,"('lm', 'FTi', 'extensor')",0.046387176808819174,0.0
closed_G2_DNp09_DNa01_DNa02_s2_c01_7001,"('lm', 'FTi', 'flexor')",3.863053857746869e-13,0.0
closed_G2_DNp09_DNa01_DNa02_s2_c01_7001,"('lm', 'ThC', 'remotor')",1.4026662063003166e-12,0.0
closed_G2_DNp09_DNa01_DNa02_s2_c01_7001,"('lm', 'ThC', 'rotator_ant')",1.944739891323428e-13,0.0
closed_G2_DNp09_DNa01_DNa02_s2_c01_7001,"('lm', 'ThC', 'rotator_post')",0.1336372803075961,0.0
closed_G2_DNp09_DNa01_DNa02_s2_c01_7001,"('lm', 'TiTa', 'depressor')",0.0,0.0
closed_G2_DNp09_DNa01_DNa02_s2_c01_7001,"('lm', 'TiTa', 'levator')",0.0,0.0
closed_G2_DNp09_DNa01_DNa02_s2_c01_7001,"('lm', 'TrF', 'reductor')",0.0002777777811735521,0.0
closed_G2_DNp09_DNa01_DNa02_s2_c01_7001,"('rf', 'CTr', 'extensor')",0.020193273371645698,0.0
closed_G2_DNp09_DNa01_DNa02_s2_c01_7001,"('rf', 'CTr', 'flexor')",0.016354056758964848,0.0
closed_G2_DNp09_DNa01_DNa02_s2_c01_7001,"('rf', 'FTi', 'extensor')",0.062721463043336,0.0
closed_G2_DNp09_DNa01_DNa02_s2_c01_7001,"('rf', 'FTi', 'flexor')",3.230465255861902e-12,0.0
closed_G2_DNp09_DNa01_DNa02_s2_c01_7001,"('rf', 'ThC', 'adductor')",0.0,0.0
closed_G2_DNp09_DNa01_DNa02_s2_c01_7001,"('rf', 'ThC', 'promotor')",0.00560564522182045,0.0
closed_G2_DNp09_DNa01_DNa02_s2_c01_7001,"('rf', 'ThC', 'remotor')",0.10098957770661664,0.0
closed_G2_DNp09_DNa01_DNa02_s2_c01_7001,"('rf', 'ThC', 'rotator_ant')",4.5327476444941805e-09,0.0
closed_G2_DNp09_DNa01_DNa02_s2_c01_7001,"('rf', 'ThC', 'rotator_post')",0.023329353404187948,0.0
closed_G2_DNp09_DNa01_DNa02_s2_c01_7001,"('rf', 'TiTa', 'depressor')",6.735965447596569e-10,0.0
closed_G2_DNp09_DNa01_DNa02_s2_c01_7001,"('rf', 'TiTa', 'levator')",0.0,0.0
closed_G2_DNp09_DNa01_DNa02_s2_c01_7001,"('rf', 'TrF', 'reductor')",0.053049482917678525,0.0
closed_G2_DNp09_DNa01_DNa02_s2_c01_7001,"('rh', 'CTr', 'extensor')",0.005630780915956579,0.0
closed_G2_DNp09_DNa01_DNa02_s2_c01_7001,"('rh', 'CTr', 'flexor')",0.05142408770889611,0.0
closed_G2_DNp09_DNa01_DNa02_s2_c01_7001,"('rh', 'FTi', 'extensor')",0.12056996989477925,0.0
closed_G2_DNp09_DNa01_DNa02_s2_c01_7001,"('rh', 'FTi', 'flexor')",0.0,0.0
closed_G2_DNp09_DNa01_DNa02_s2_c01_7001,"('rh', 'ThC', 'adductor')",0.0,0.0
closed_G2_DNp09_DNa01_DNa02_s2_c01_7001,"('rh', 'ThC', 'remotor')",0.0,0.0
closed_G2_DNp09_DNa01_DNa02_s2_c01_7001,"('rh', 'ThC', 'rotator_ant')",0.0003333333333333333,0.0
closed_G2_DNp09_DNa01_DNa02_s2_c01_7001,"('rh', 'ThC', 'rotator_post')",0.10235703655563416,0.0
closed_G2_DNp09_DNa01_DNa02_s2_c01_7001,"('rh', 'TiTa', 'depressor')",0.0,0.0
closed_G2_DNp09_DNa01_DNa02_s2_c01_7001,"('rh', 'TiTa', 'levator')",0.0,0.0
closed_G2_DNp09_DNa01_DNa02_s2_c01_7001,"('rh', 'TrF', 'reductor')",0.02276287876935178,0.0
closed_G2_DNp09_DNa01_DNa02_s2_c01_7001,"('rm', 'CTr', 'extensor')",0.00020833360231087554,0.0
closed_G2_DNp09_DNa01_DNa02_s2_c01_7001,"('rm', 'CTr', 'flexor')",0.0011666680830568685,0.0
closed_G2_DNp09_DNa01_DNa02_s2_c01_7001,"('rm', 'FTi', 'extensor')",0.14680594975051045,0.0
closed_G2_DNp09_DNa01_DNa02_s2_c01_7001,"('rm', 'FTi', 'flexor')",9.803921576619002e-05,0.0
closed_G2_DNp09_DNa01_DNa02_s2_c01_7001,"('rm', 'ThC', 'adductor')",0.0,0.0
closed_G2_DNp09_DNa01_DNa02_s2_c01_7001,"('rm', 'ThC', 'rotator_ant')",0.0,0.0
closed_G2_DNp09_DNa01_DNa02_s2_c01_7001,"('rm', 'ThC', 'rotator_post')",0.11379806161854662,0.0
closed_G2_DNp09_DNa01_DNa02_s2_c01_7001,"('rm', 'TiTa', 'depressor')",0.00030303044567407157,0.0
closed_G2_DNp09_DNa01_DNa02_s2_c01_7001,"('rm', 'TiTa', 'levator')",0.0,0.0
closed_G2_DNp09_DNa01_DNa02_s2_c01_7001,"('rm', 'TrF', 'reductor')",0.020888406826801206,0.0
closed_G2_DNp09_DNa01_DNa02_s2_c01_7002,"('lf', 'CTr', 'extensor')",0.28338862451278896,0.0
closed_G2_DNp09_DNa01_DNa02_s2_c01_7002,"('lf', 'CTr', 'flexor')",4.206130406369962e-14,0.0
closed_G2_DNp09_DNa01_DNa02_s2_c01_7002,"('lf', 'FTi', 'extensor')",2.0434789484380346e-09,0.0
closed_G2_DNp09_DNa01_DNa02_s2_c01_7002,"('lf', 'FTi', 'flexor')",0.00915977949373499,0.0
closed_G2_DNp09_DNa01_DNa02_s2_c01_7002,"('lf', 'ThC', 'adductor')",0.0003333333333333333,0.0
closed_G2_DNp09_DNa01_DNa02_s2_c01_7002,"('lf', 'ThC', 'promotor')",1.94958169887206e-13,0.0
closed_G2_DNp09_DNa01_DNa02_s2_c01_7002,"('lf', 'ThC', 'remotor')",0.17589307308391908,0.0
closed_G2_DNp09_DNa01_DNa02_s2_c01_7002,"('lf', 'ThC', 'rotator_ant')",0.000666666666666666,0.0
closed_G2_DNp09_DNa01_DNa02_s2_c01_7002,"('lf', 'ThC', 'rotator_post')",0.19829818941927407,0.0
closed_G2_DNp09_DNa01_DNa02_s2_c01_7002,"('lf', 'TiTa', 'depressor')",0.0,0.0
closed_G2_DNp09_DNa01_DNa02_s2_c01_7002,"('lf', 'TiTa', 'levator')",0.0,0.0
closed_G2_DNp09_DNa01_DNa02_s2_c01_7002,"('lf', 'TrF', 'reductor')",0.009528776327647644,0.0
closed_G2_DNp09_DNa01_DNa02_s2_c01_7002,"('lh', 'CTr', 'extensor')",0.0004167482121301721,0.0
closed_G2_DNp09_DNa01_DNa02_s2_c01_7002,"('lh', 'CTr', 'flexor')",0.03403441983026676,0.0
closed_G2_DNp09_DNa01_DNa02_s2_c01_7002,"('lh', 'FTi', 'extensor')",0.12328036130351885,0.0
closed_G2_DNp09_DNa01_DNa02_s2_c01_7002,"('lh', 'FTi', 'flexor')",0.0003921617837707843,0.0
closed_G2_DNp09_DNa01_DNa02_s2_c01_7002,"('lh', 'ThC', 'adductor')",0.0,0.0
closed_G2_DNp09_DNa01_DNa02_s2_c01_7002,"('lh', 'ThC', 'remotor')",0.0,0.0
closed_G2_DNp09_DNa01_DNa02_s2_c01_7002,"('lh', 'ThC', 'rotator_ant')",0.0,0.0
closed_G2_DNp09_DNa01_DNa02_s2_c01_7002,"('lh', 'ThC', 'rotator_post')",0.009117147482549538,0.0
closed_G2_DNp09_DNa01_DNa02_s2_c01_7002,"('lh', 'TiTa', 'depressor')",0.0,0.0
closed_G2_DNp09_DNa01_DNa02_s2_c01_7002,"('lh', 'TiTa', 'levator')",0.0,0.0
closed_G2_DNp09_DNa01_DNa02_s2_c01_7002,"('lh', 'TrF', 'reductor')",0.008666666666743065,0.0
closed_G2_DNp09_DNa01_DNa02_s2_c01_7002,"('lm', 'CTr', 'extensor')",0.0004166666667632598,0.0
closed_G2_DNp09_DNa01_DNa02_s2_c01_7002,"('lm', 'CTr', 'flexor')",0.02550310201156455,0.0
closed_G2_DNp09_DNa01_DNa02_s2_c01_7002,"('lm', 'FTi', 'extensor')",0.0547988493236493,0.0
closed_G2_DNp09_DNa01_DNa02_s2_c01_7002,"('lm', 'FTi', 'flexor')",0.0,0.0
closed_G2_DNp09_DNa01_DNa02_s2_c01_7002,"('lm', 'ThC', 'remotor')",0.0,0.0
closed_G2_DNp09_DNa01_DNa02_s2_c01_7002,"('lm', 'ThC', 'rotator_ant')",1.0803788619398479e-13,0.0
closed_G2_DNp09_DNa01_DNa02_s2_c01_7002,"('lm', 'ThC', 'rotator_post')",0.10133488057021242,0.0
closed_G2_DNp09_DNa01_DNa02_s2_c01_7002,"('lm', 'TiTa', 'depressor')",0.0,0.0
closed_G2_DNp09_DNa01_DNa02_s2_c01_7002,"('lm', 'TiTa', 'levator')",0.0,0.0
closed_G2_DNp09_DNa01_DNa02_s2_c01_7002,"('lm', 'TrF', 'reductor')",0.0008437567053364211,0.0
closed_G2_DNp09_DNa01_DNa02_s2_c01_7002,"('rf', 'CTr', 'extensor')",0.1456030912845974,0.0
closed_G2_DNp09_DNa01_DNa02_s2_c01_7002,"('rf', 'CTr', 'flexor')",0.00518285186201136,0.0
closed_G2_DNp09_DNa01_DNa02_s2_c01_7002,"('rf', 'FTi', 'extensor')",0.06370606138437673,0.0
closed_G2_DNp09_DNa01_DNa02_s2_c01_7002,"('rf', 'FTi', 'flexor')",5.0838856984113615e-14,0.0
closed_G2_DNp09_DNa01_DNa02_s2_c01_7002,"('rf', 'ThC', 'adductor')",0.0,0.0
closed_G2_DNp09_DNa01_DNa02_s2_c01_7002,"('rf', 'ThC', 'promotor')",0.0,0.0
closed_G2_DNp09_DNa01_DNa02_s2_c01_7002,"('rf', 'ThC', 'remotor')",0.2224141970369938,0.0
closed_G2_DNp09_DNa01_DNa02_s2_c01_7002,"('rf', 'ThC', 'rotator_ant')",0.0,0.0
closed_G2_DNp09_DNa01_DNa02_s2_c01_7002,"('rf', 'ThC', 'rotator_post')",0.23482570059556448,0.0
closed_G2_DNp09_DNa01_DNa02_s2_c01_7002,"('rf', 'TiTa', 'depressor')",0.0,0.0
closed_G2_DNp09_DNa01_DNa02_s2_c01_7002,"('rf', 'TiTa', 'levator')",0.0,0.0
closed_G2_DNp09_DNa01_DNa02_s2_c01_7002,"('rf', 'TrF', 'reductor')",0.0,0.0
closed_G2_DNp09_DNa01_DNa02_s2_c01_7002,"('rh', 'CTr', 'extensor')",9.82341891353183e-11,0.0
closed_G2_DNp09_DNa01_DNa02_s2_c01_7002,"('rh', 'CTr', 'flexor')",0.040642361052265326,0.0
closed_G2_DNp09_DNa01_DNa02_s2_c01_7002,"('rh', 'FTi', 'extensor')",0.11239413393388788,0.0
closed_G2_DNp09_DNa01_DNa02_s2_c01_7002,"('rh', 'FTi', 'flexor')",0.0,0.0
closed_G2_DNp09_DNa01_DNa02_s2_c01_7002,"('rh', 'ThC', 'adductor')",0.0,0.0
closed_G2_DNp09_DNa01_DNa02_s2_c01_7002,"('rh', 'ThC', 'remotor')",0.0,0.0
closed_G2_DNp09_DNa01_DNa02_s2_c01_7002,"('rh', 'ThC', 'rotator_ant')",0.007999974481536887,0.0
closed_G2_DNp09_DNa01_DNa02_s2_c01_7002,"('rh', 'ThC', 'rotator_post')",0.07727717374482991,0.0
closed_G2_DNp09_DNa01_DNa02_s2_c01_7002,"('rh', 'TiTa', 'depressor')",0.0,0.0
closed_G2_DNp09_DNa01_DNa02_s2_c01_7002,"('rh', 'TiTa', 'levator')",0.0,0.0
closed_G2_DNp09_DNa01_DNa02_s2_c01_7002,"('rh', 'TrF', 'reductor')",0.013000086332549645,0.0
closed_G2_DNp09_DNa01_DNa02_s2_c01_7002,"('rm', 'CTr', 'extensor')",1.255362392702584e-12,0.0
closed_G2_DNp09_DNa01_DNa02_s2_c01_7002,"('rm', 'CTr', 'flexor')",0.007623424028562418,0.0
closed_G2_DNp09_DNa01_DNa02_s2_c01_7002,"('rm', 'FTi', 'extensor')",0.13553893004781964,0.0
closed_G2_DNp09_DNa01_DNa02_s2_c01_7002,"('rm', 'FTi', 'flexor')",0.0,0.0
closed_G2_DNp09_DNa01_DNa02_s2_c01_7002,"('rm', 'ThC', 'adductor')",0.0,0.0
closed_G2_DNp09_DNa01_DNa02_s2_c01_7002,"('rm', 'ThC', 'rotator_ant')",1.7221061303093963e-12,0.0
closed_G2_DNp09_DNa01_DNa02_s2_c01_7002,"('rm', 'ThC', 'rotator_post')",0.028431887568421056,0.0
closed_G2_DNp09_DNa01_DNa02_s2_c01_7002,"('rm', 'TiTa', 'depressor')",6.821864161073357e-12,0.0
closed_G2_DNp09_DNa01_DNa02_s2_c01_7002,"('rm', 'TiTa', 'levator')",0.0,0.0
closed_G2_DNp09_DNa01_DNa02_s2_c01_7002,"('rm', 'TrF', 'reductor')",0.01884528806041395,0.0
closed_G2_DNp09_DNa01_DNa02_s2_c01_7003,"('lf', 'CTr', 'extensor')",0.1606442055188696,0.0
closed_G2_DNp09_DNa01_DNa02_s2_c01_7003,"('lf', 'CTr', 'flexor')",0.0037878787826369055,0.0
closed_G2_DNp09_DNa01_DNa02_s2_c01_7003,"('lf', 'FTi', 'extensor')",2.860132137075881e-13,0.0
closed_G2_DNp09_DNa01_DNa02_s2_c01_7003,"('lf', 'FTi', 'flexor')",0.03164322319769885,0.0
closed_G2_DNp09_DNa01_DNa02_s2_c01_7003,"('lf', 'ThC', 'adductor')",0.0,0.0
closed_G2_DNp09_DNa01_DNa02_s2_c01_7003,"('lf', 'ThC', 'promotor')",4.0956313705059856e-13,0.0
closed_G2_DNp09_DNa01_DNa02_s2_c01_7003,"('lf', 'ThC', 'remotor')",0.031059692883541105,0.0
closed_G2_DNp09_DNa01_DNa02_s2_c01_7003,"('lf', 'ThC', 'rotator_ant')",0.0033333343819318757,0.0
closed_G2_DNp09_DNa01_DNa02_s2_c01_7003,"('lf', 'ThC', 'rotator_post')",0.02274673715475404,0.0
closed_G2_DNp09_DNa01_DNa02_s2_c01_7003,"('lf', 'TiTa', 'depressor')",0.0,0.0
closed_G2_DNp09_DNa01_DNa02_s2_c01_7003,"('lf', 'TiTa', 'levator')",0.0,0.0
closed_G2_DNp09_DNa01_DNa02_s2_c01_7003,"('lf', 'TrF', 'reductor')",0.010460676002539969,0.0
closed_G2_DNp09_DNa01_DNa02_s2_c01_7003,"('lh', 'CTr', 'extensor')",0.0012488386626684522,0.0
closed_G2_DNp09_DNa01_DNa02_s2_c01_7003,"('lh', 'CTr', 'flexor')",0.03521289475806477,0.0
closed_G2_DNp09_DNa01_DNa02_s2_c01_7003,"('lh', 'FTi', 'extensor')",0.1048459303092262,0.0
closed_G2_DNp09_DNa01_DNa02_s2_c01_7003,"('lh', 'FTi', 'flexor')",0.00039218649261611385,0.0
closed_G2_DNp09_DNa01_DNa02_s2_c01_7003,"('lh', 'ThC', 'adductor')",0.0,0.0
closed_G2_DNp09_DNa01_DNa02_s2_c01_7003,"('lh', 'ThC', 'remotor')",0.0,0.0
closed_G2_DNp09_DNa01_DNa02_s2_c01_7003,"('lh', 'ThC', 'rotator_ant')",1.3750291523009734e-08,0.0
closed_G2_DNp09_DNa01_DNa02_s2_c01_7003,"('lh', 'ThC', 'rotator_post')",0.002000281019382498,0.0
closed_G2_DNp09_DNa01_DNa02_s2_c01_7003,"('lh', 'TiTa', 'depressor')",0.0,0.0
closed_G2_DNp09_DNa01_DNa02_s2_c01_7003,"('lh', 'TiTa', 'levator')",0.0,0.0
closed_G2_DNp09_DNa01_DNa02_s2_c01_7003,"('lh', 'TrF', 'reductor')",0.009028917785418008,0.0
closed_G2_DNp09_DNa01_DNa02_s2_c01_7003,"('lm', 'CTr', 'extensor')",0.0,0.0
closed_G2_DNp09_DNa01_DNa02_s2_c01_7003,"('lm', 'CTr', 'flexor')",0.04736066166278858,0.0
closed_G2_DNp09_DNa01_DNa02_s2_c01_7003,"('lm', 'FTi', 'extensor')",0.05482848572046972,0.0
closed_G2_DNp09_DNa01_DNa02_s2_c01_7003,"('lm', 'FTi', 'flexor')",0.0,0.0
closed_G2_DNp09_DNa01_DNa02_s2_c01_7003,"('lm', 'ThC', 'remotor')",0.0,0.0
closed_G2_DNp09_DNa01_DNa02_s2_c01_7003,"('lm', 'ThC', 'rotator_ant')",0.00033333334901282775,0.0
closed_G2_DNp09_DNa01_DNa02_s2_c01_7003,"('lm', 'ThC', 'rotator_post')",0.10212733792766729,0.0
closed_G2_DNp09_DNa01_DNa02_s2_c01_7003,"('lm', 'TiTa', 'depressor')",0.0,0.0
closed_G2_DNp09_DNa01_DNa02_s2_c01_7003,"('lm', 'TiTa', 'levator')",0.0,0.0
closed_G2_DNp09_DNa01_DNa02_s2_c01_7003,"('lm', 'TrF', 'reductor')",0.0,0.0
closed_G2_DNp09_DNa01_DNa02_s2_c01_7003,"('rf', 'CTr', 'extensor')",0.1425546873464001,0.0
closed_G2_DNp09_DNa01_DNa02_s2_c01_7003,"('rf', 'CTr', 'flexor')",0.0023751718119242337,0.0
closed_G2_DNp09_DNa01_DNa02_s2_c01_7003,"('rf', 'FTi', 'extensor')",0.06738035507836834,0.0
closed_G2_DNp09_DNa01_DNa02_s2_c01_7003,"('rf', 'FTi', 'flexor')",0.0,0.0
closed_G2_DNp09_DNa01_DNa02_s2_c01_7003,"('rf', 'ThC', 'adductor')",0.0,0.0
closed_G2_DNp09_DNa01_DNa02_s2_c01_7003,"('rf', 'ThC', 'promotor')",0.0,0.0
closed_G2_DNp09_DNa01_DNa02_s2_c01_7003,"('rf', 'ThC', 'remotor')",0.16836959086256859,0.0
closed_G2_DNp09_DNa01_DNa02_s2_c01_7003,"('rf', 'ThC', 'rotator_ant')",0.0,0.0
closed_G2_DNp09_DNa01_DNa02_s2_c01_7003,"('rf', 'ThC', 'rotator_post')",0.13010861592185477,0.0
closed_G2_DNp09_DNa01_DNa02_s2_c01_7003,"('rf', 'TiTa', 'depressor')",0.0,0.0
closed_G2_DNp09_DNa01_DNa02_s2_c01_7003,"('rf', 'TiTa', 'levator')",0.0,0.0
closed_G2_DNp09_DNa01_DNa02_s2_c01_7003,"('rf', 'TrF', 'reductor')",0.011083510143048838,0.0
closed_G2_DNp09_DNa01_DNa02_s2_c01_7003,"('rh', 'CTr', 'extensor')",0.0004166666666666666,0.0
closed_G2_DNp09_DNa01_DNa02_s2_c01_7003,"('rh', 'CTr', 'flexor')",0.03143660698332021,0.0
closed_G2_DNp09_DNa01_DNa02_s2_c01_7003,"('rh', 'FTi', 'extensor')",0.10149320231565735,0.0
closed_G2_DNp09_DNa01_DNa02_s2_c01_7003,"('rh', 'FTi', 'flexor')",3.32188724423698e-14,0.0
closed_G2_DNp09_DNa01_DNa02_s2_c01_7003,"('rh', 'ThC', 'adductor')",0.0,0.0
closed_G2_DNp09_DNa01_DNa02_s2_c01_7003,"('rh', 'ThC', 'remotor')",0.0,0.0
closed_G2_DNp09_DNa01_DNa02_s2_c01_7003,"('rh', 'ThC', 'rotator_ant')",0.010332930286302175,0.0
closed_G2_DNp09_DNa01_DNa02_s2_c01_7003,"('rh', 'ThC', 'rotator_post')",0.06386223264950305,0.0
closed_G2_DNp09_DNa01_DNa02_s2_c01_7003,"('rh', 'TiTa', 'depressor')",0.0,0.0
closed_G2_DNp09_DNa01_DNa02_s2_c01_7003,"('rh', 'TiTa', 'levator')",0.0,0.0
closed_G2_DNp09_DNa01_DNa02_s2_c01_7003,"('rh', 'TrF', 'reductor')",0.009994410172135317,0.0
closed_G2_DNp09_DNa01_DNa02_s2_c01_7003,"('rm', 'CTr', 'extensor')",0.0,0.0
closed_G2_DNp09_DNa01_DNa02_s2_c01_7003,"('rm', 'CTr', 'flexor')",0.0008276833367844943,0.0
closed_G2_DNp09_DNa01_DNa02_s2_c01_7003,"('rm', 'FTi', 'extensor')",0.16175205694396533,0.0
closed_G2_DNp09_DNa01_DNa02_s2_c01_7003,"('rm', 'FTi', 'flexor')",9.803921585876965e-05,0.0
closed_G2_DNp09_DNa01_DNa02_s2_c01_7003,"('rm', 'ThC', 'adductor')",0.0,0.0
closed_G2_DNp09_DNa01_DNa02_s2_c01_7003,"('rm', 'ThC', 'rotator_ant')",1.6729396874654103e-09,0.0
closed_G2_DNp09_DNa01_DNa02_s2_c01_7003,"('rm', 'ThC', 'rotator_post')",0.11294362402235353,0.0
closed_G2_DNp09_DNa01_DNa02_s2_c01_7003,"('rm', 'TiTa', 'depressor')",4.656982217869539e-05,0.0
closed_G2_DNp09_DNa01_DNa02_s2_c01_7003,"('rm', 'TiTa', 'levator')",0.0,0.0
closed_G2_DNp09_DNa01_DNa02_s2_c01_7003,"('rm', 'TrF', 'reductor')",0.021750378381471897,0.0
closed_G2_DNp09_DNa01_DNa02_s2_c01_7004,"('lf', 'CTr', 'extensor')",0.15271973282868304,0.0
closed_G2_DNp09_DNa01_DNa02_s2_c01_7004,"('lf', 'CTr', 'flexor')",0.0010606060606719065,0.0
closed_G2_DNp09_DNa01_DNa02_s2_c01_7004,"('lf', 'FTi', 'extensor')",0.0,0.0
closed_G2_DNp09_DNa01_DNa02_s2_c01_7004,"('lf', 'FTi', 'flexor')",0.04518460116256044,0.0
closed_G2_DNp09_DNa01_DNa02_s2_c01_7004,"('lf', 'ThC', 'adductor')",3.738036996421753e-11,0.0
closed_G2_DNp09_DNa01_DNa02_s2_c01_7004,"('lf', 'ThC', 'promotor')",1.525286756631788e-13,0.0
closed_G2_DNp09_DNa01_DNa02_s2_c01_7004,"('lf', 'ThC', 'remotor')",0.04066317841510541,0.0
closed_G2_DNp09_DNa01_DNa02_s2_c01_7004,"('lf', 'ThC', 'rotator_ant')",0.0070000000528794015,0.0
closed_G2_DNp09_DNa01_DNa02_s2_c01_7004,"('lf', 'ThC', 'rotator_post')",0.035636997303139795,0.0
closed_G2_DNp09_DNa01_DNa02_s2_c01_7004,"('lf', 'TiTa', 'depressor')",0.00015151515151515152,0.0
closed_G2_DNp09_DNa01_DNa02_s2_c01_7004,"('lf', 'TiTa', 'levator')",0.0,0.0
closed_G2_DNp09_DNa01_DNa02_s2_c01_7004,"('lf', 'TrF', 'reductor')",0.008676245793004847,0.0
closed_G2_DNp09_DNa01_DNa02_s2_c01_7004,"('lh', 'CTr', 'extensor')",0.00020833333361076412,0.0
closed_G2_DNp09_DNa01_DNa02_s2_c01_7004,"('lh', 'CTr', 'flexor')",0.06535199232825169,0.0
closed_G2_DNp09_DNa01_DNa02_s2_c01_7004,"('lh', 'FTi', 'extensor')",0.11217649174755301,0.0
closed_G2_DNp09_DNa01_DNa02_s2_c01_7004,"('lh', 'FTi', 'flexor')",3.598890100364174e-06,0.0
closed_G2_DNp09_DNa01_DNa02_s2_c01_7004,"('lh', 'ThC', 'adductor')",0.0,0.0
closed_G2_DNp09_DNa01_DNa02_s2_c01_7004,"('lh', 'ThC', 'remotor')",0.0,0.0
closed_G2_DNp09_DNa01_DNa02_s2_c01_7004,"('lh', 'ThC', 'rotator_ant')",0.0,0.0
closed_G2_DNp09_DNa01_DNa02_s2_c01_7004,"('lh', 'ThC', 'rotator_post')",0.0037886406384752373,0.0
closed_G2_DNp09_DNa01_DNa02_s2_c01_7004,"('lh', 'TiTa', 'depressor')",0.0,0.0
closed_G2_DNp09_DNa01_DNa02_s2_c01_7004,"('lh', 'TiTa', 'levator')",0.0,0.0
closed_G2_DNp09_DNa01_DNa02_s2_c01_7004,"('lh', 'TrF', 'reductor')",0.026736277254923047,0.0
closed_G2_DNp09_DNa01_DNa02_s2_c01_7004,"('lm', 'CTr', 'extensor')",0.005583333328318785,0.0
closed_G2_DNp09_DNa01_DNa02_s2_c01_7004,"('lm', 'CTr', 'flexor')",0.0138712328010805,0.0
closed_G2_DNp09_DNa01_DNa02_s2_c01_7004,"('lm', 'FTi', 'extensor')",0.03265281690847671,0.0
closed_G2_DNp09_DNa01_DNa02_s2_c01_7004,"('lm', 'FTi', 'flexor')",0.0,0.0
closed_G2_DNp09_DNa01_DNa02_s2_c01_7004,"('lm', 'ThC', 'remotor')",0.0,0.0
closed_G2_DNp09_DNa01_DNa02_s2_c01_7004,"('lm', 'ThC', 'rotator_ant')",7.933708325755201e-14,0.0
closed_G2_DNp09_DNa01_DNa02_s2_c01_7004,"('lm', 'ThC', 'rotator_post')",0.06708391939217846,0.0
closed_G2_DNp09_DNa01_DNa02_s2_c01_7004,"('lm', 'TiTa', 'depressor')",0.0,0.0
closed_G2_DNp09_DNa01_DNa02_s2_c01_7004,"('lm', 'TiTa', 'levator')",0.0,0.0
closed_G2_DNp09_DNa01_DNa02_s2_c01_7004,"('lm', 'TrF', 'reductor')",0.0,0.0
closed_G2_DNp09_DNa01_DNa02_s2_c01_7004,"('rf', 'CTr', 'extensor')",0.13924219172607064,0.0
closed_G2_DNp09_DNa01_DNa02_s2_c01_7004,"('rf', 'CTr', 'flexor')",0.0021515399206275287,0.0
closed_G2_DNp09_DNa01_DNa02_s2_c01_7004,"('rf', 'FTi', 'extensor')",0.06855870403666665,0.0
closed_G2_DNp09_DNa01_DNa02_s2_c01_7004,"('rf', 'FTi', 'flexor')",0.00041666666666666474,0.0
closed_G2_DNp09_DNa01_DNa02_s2_c01_7004,"('rf', 'ThC', 'adductor')",3.392568051899264e-10,0.0
closed_G2_DNp09_DNa01_DNa02_s2_c01_7004,"('rf', 'ThC', 'promotor')",0.0,0.0
closed_G2_DNp09_DNa01_DNa02_s2_c01_7004,"('rf', 'ThC', 'remotor')",0.16141332803263717,0.0
closed_G2_DNp09_DNa01_DNa02_s2_c01_7004,"('rf', 'ThC', 'rotator_ant')",0.0,0.0
closed_G2_DNp09_DNa01_DNa02_s2_c01_7004,"('rf', 'ThC', 'rotator_post')",0.13764439704523454,0.0
closed_G2_DNp09_DNa01_DNa02_s2_c01_7004,"('rf', 'TiTa', 'depressor')",0.0,0.0
closed_G2_DNp09_DNa01_DNa02_s2_c01_7004,"('rf', 'TiTa', 'levator')",0.0,0.0
closed_G2_DNp09_DNa01_DNa02_s2_c01_7004,"('rf', 'TrF', 'reductor')",0.012982496029245555,0.0
closed_G2_DNp09_DNa01_DNa02_s2_c01_7004,"('rh', 'CTr', 'extensor')",0.0006250000226741811,0.0
closed_G2_DNp09_DNa01_DNa02_s2_c01_7004,"('rh', 'CTr', 'flexor')",0.03310259724748329,0.0
closed_G2_DNp09_DNa01_DNa02_s2_c01_7004,"('rh', 'FTi', 'extensor')",0.10598930588286908,0.0
closed_G2_DNp09_DNa01_DNa02_s2_c01_7004,"('rh', 'FTi', 'flexor')",2.3197977560687684e-14,0.0
closed_G2_DNp09_DNa01_DNa02_s2_c01_7004,"('rh', 'ThC', 'adductor')",0.0,0.0
closed_G2_DNp09_DNa01_DNa02_s2_c01_7004,"('rh', 'ThC', 'remotor')",0.0,0.0
closed_G2_DNp09_DNa01_DNa02_s2_c01_7004,"('rh', 'ThC', 'rotator_ant')",0.003003296117941646,0.0
closed_G2_DNp09_DNa01_DNa02_s2_c01_7004,"('rh', 'ThC', 'rotator_post')",0.11050961932714591,0.0
closed_G2_DNp09_DNa01_DNa02_s2_c01_7004,"('rh', 'TiTa', 'depressor')",0.0,0.0
closed_G2_DNp09_DNa01_DNa02_s2_c01_7004,"('rh', 'TiTa', 'levator')",0.0,0.0
closed_G2_DNp09_DNa01_DNa02_s2_c01_7004,"('rh', 'TrF', 'reductor')",0.031952970319564976,0.0
closed_G2_DNp09_DNa01_DNa02_s2_c01_7004,"('rm', 'CTr', 'extensor')",0.0004166667161029798,0.0
closed_G2_DNp09_DNa01_DNa02_s2_c01_7004,"('rm', 'CTr', 'flexor')",0.002472430727674291,0.0
closed_G2_DNp09_DNa01_DNa02_s2_c01_7004,"('rm', 'FTi', 'extensor')",0.14057001028332414,0.0
closed_G2_DNp09_DNa01_DNa02_s2_c01_7004,"('rm', 'FTi', 'flexor')",0.0002941190123012811,0.0
closed_G2_DNp09_DNa01_DNa02_s2_c01_7004,"('rm', 'ThC', 'adductor')",0.0,0.0
closed_G2_DNp09_DNa01_DNa02_s2_c01_7004,"('rm', 'ThC', 'rotator_ant')",0.0,0.0
closed_G2_DNp09_DNa01_DNa02_s2_c01_7004,"('rm', 'ThC', 'rotator_post')",0.0634192908917301,0.0
closed_G2_DNp09_DNa01_DNa02_s2_c01_7004,"('rm', 'TiTa', 'depressor')",6.797516904181497e-12,0.0
closed_G2_DNp09_DNa01_DNa02_s2_c01_7004,"('rm', 'TiTa', 'levator')",0.0,0.0
closed_G2_DNp09_DNa01_DNa02_s2_c01_7004,"('rm', 'TrF', 'reductor')",0.027732094257399625,0.0
closed_G2_DNp09_DNa01_DNa02_s2_c10_7000,"('lf', 'CTr', 'extensor')",0.09062370522818276,0.0
closed_G2_DNp09_DNa01_DNa02_s2_c10_7000,"('lf', 'CTr', 'flexor')",0.0,0.0
closed_G2_DNp09_DNa01_DNa02_s2_c10_7000,"('lf', 'FTi', 'extensor')",0.010031652635415845,0.0
closed_G2_DNp09_DNa01_DNa02_s2_c10_7000,"('lf', 'FTi', 'flexor')",0.005018049405686878,0.0
closed_G2_DNp09_DNa01_DNa02_s2_c10_7000,"('lf', 'ThC', 'adductor')",0.0,0.0
closed_G2_DNp09_DNa01_DNa02_s2_c10_7000,"('lf', 'ThC', 'promotor')",0.008061337379712537,0.0
closed_G2_DNp09_DNa01_DNa02_s2_c10_7000,"('lf', 'ThC', 'remotor')",0.19517500560230922,0.0
closed_G2_DNp09_DNa01_DNa02_s2_c10_7000,"('lf', 'ThC', 'rotator_ant')",0.0,0.0
closed_G2_DNp09_DNa01_DNa02_s2_c10_7000,"('lf', 'ThC', 'rotator_post')",0.19880818910766143,0.0
closed_G2_DNp09_DNa01_DNa02_s2_c10_7000,"('lf', 'TiTa', 'depressor')",0.0,0.0
closed_G2_DNp09_DNa01_DNa02_s2_c10_7000,"('lf', 'TiTa', 'levator')",0.0,0.0
closed_G2_DNp09_DNa01_DNa02_s2_c10_7000,"('lf', 'TrF', 'reductor')",0.06598299201250894,0.0
closed_G2_DNp09_DNa01_DNa02_s2_c10_7000,"('lh', 'CTr', 'extensor')",0.008791195559576193,0.0
closed_G2_DNp09_DNa01_DNa02_s2_c10_7000,"('lh', 'CTr', 'flexor')",0.03981108407535815,0.0
closed_G2_DNp09_DNa01_DNa02_s2_c10_7000,"('lh', 'FTi', 'extensor')",0.06074407487182993,0.0
closed_G2_DNp09_DNa01_DNa02_s2_c10_7000,"('lh', 'FTi', 'flexor')",0.004605925517839042,0.0
closed_G2_DNp09_DNa01_DNa02_s2_c10_7000,"('lh', 'ThC', 'adductor')",0.0,0.0
closed_G2_DNp09_DNa01_DNa02_s2_c10_7000,"('lh', 'ThC', 'remotor')",0.0,0.0
closed_G2_DNp09_DNa01_DNa02_s2_c10_7000,"('lh', 'ThC', 'rotator_ant')",0.0,0.0
closed_G2_DNp09_DNa01_DNa02_s2_c10_7000,"('lh', 'ThC', 'rotator_post')",0.0056391192329373376,0.0
closed_G2_DNp09_DNa01_DNa02_s2_c10_7000,"('lh', 'TiTa', 'depressor')",0.0,0.0
closed_G2_DNp09_DNa01_DNa02_s2_c10_7000,"('lh', 'TiTa', 'levator')",0.0,0.0
closed_G2_DNp09_DNa01_DNa02_s2_c10_7000,"('lh', 'TrF', 'reductor')",0.03827869891737819,0.0
closed_G2_DNp09_DNa01_DNa02_s2_c10_7000,"('lm', 'CTr', 'extensor')",0.01344748264291106,0.0
closed_G2_DNp09_DNa01_DNa02_s2_c10_7000,"('lm', 'CTr', 'flexor')",0.012927348699313142,0.0
closed_G2_DNp09_DNa01_DNa02_s2_c10_7000,"('lm', 'FTi', 'extensor')",0.006000044209937433,0.0
closed_G2_DNp09_DNa01_DNa02_s2_c10_7000,"('lm', 'FTi', 'flexor')",0.007013133070530248,0.0
closed_G2_DNp09_DNa01_DNa02_s2_c10_7000,"('lm', 'ThC', 'remotor')",0.0,0.0
closed_G2_DNp09_DNa01_DNa02_s2_c10_7000,"('lm', 'ThC', 'rotator_ant')",0.0010000000001712456,0.0
closed_G2_DNp09_DNa01_DNa02_s2_c10_7000,"('lm', 'ThC', 'rotator_post')",0.07024499425858752,0.0
closed_G2_DNp09_DNa01_DNa02_s2_c10_7000,"('lm', 'TiTa', 'depressor')",0.0,0.0
closed_G2_DNp09_DNa01_DNa02_s2_c10_7000,"('lm', 'TiTa', 'levator')",0.0,0.0
closed_G2_DNp09_DNa01_DNa02_s2_c10_7000,"('lm', 'TrF', 'reductor')",0.0025555555554281966,0.0
closed_G2_DNp09_DNa01_DNa02_s2_c10_7000,"('rf', 'CTr', 'extensor')",0.040494607260798086,0.0
closed_G2_DNp09_DNa01_DNa02_s2_c10_7000,"('rf', 'CTr', 'flexor')",0.0037910685425497016,0.0
closed_G2_DNp09_DNa01_DNa02_s2_c10_7000,"('rf', 'FTi', 'extensor')",0.060302135827916666,0.0
closed_G2_DNp09_DNa01_DNa02_s2_c10_7000,"('rf', 'FTi', 'flexor')",0.0015618368887784968,0.0
closed_G2_DNp09_DNa01_DNa02_s2_c10_7000,"('rf', 'ThC', 'adductor')",0.0,0.0
closed_G2_DNp09_DNa01_DNa02_s2_c10_7000,"('rf', 'ThC', 'promotor')",0.0006667087892109952,0.0
closed_G2_DNp09_DNa01_DNa02_s2_c10_7000,"('rf', 'ThC', 'remotor')",0.15472054114579228,0.0
closed_G2_DNp09_DNa01_DNa02_s2_c10_7000,"('rf', 'ThC', 'rotator_ant')",0.0,0.0
closed_G2_DNp09_DNa01_DNa02_s2_c10_7000,"('rf', 'ThC', 'rotator_post')",0.1232115886796173,0.0
closed_G2_DNp09_DNa01_DNa02_s2_c10_7000,"('rf', 'TiTa', 'depressor')",0.00012758688358291417,0.0
closed_G2_DNp09_DNa01_DNa02_s2_c10_7000,"('rf', 'TiTa', 'levator')",0.0,0.0
closed_G2_DNp09_DNa01_DNa02_s2_c10_7000,"('rf', 'TrF', 'reductor')",0.02760766841469206,0.0
closed_G2_DNp09_DNa01_DNa02_s2_c10_7000,"('rh', 'CTr', 'extensor')",0.0038547927545969645,0.0
closed_G2_DNp09_DNa01_DNa02_s2_c10_7000,"('rh', 'CTr', 'flexor')",0.0015000000009881042,0.0
closed_G2_DNp09_DNa01_DNa02_s2_c10_7000,"('rh', 'FTi', 'extensor')",0.027976861519371208,0.0
closed_G2_DNp09_DNa01_DNa02_s2_c10_7000,"('rh', 'FTi', 'flexor')",0.0011111110910825238,0.0
closed_G2_DNp09_DNa01_DNa02_s2_c10_7000,"('rh', 'ThC', 'adductor')",2.976751261575195e-13,0.0
closed_G2_DNp09_DNa01_DNa02_s2_c10_7000,"('rh', 'ThC', 'remotor')",0.0,0.0
closed_G2_DNp09_DNa01_DNa02_s2_c10_7000,"('rh', 'ThC', 'rotator_ant')",0.009234391037735093,0.0
closed_G2_DNp09_DNa01_DNa02_s2_c10_7000,"('rh', 'ThC', 'rotator_post')",0.07493406593935101,0.0
closed_G2_DNp09_DNa01_DNa02_s2_c10_7000,"('rh', 'TiTa', 'depressor')",0.00015151529068754545,0.0
closed_G2_DNp09_DNa01_DNa02_s2_c10_7000,"('rh', 'TiTa', 'levator')",0.0,0.0
closed_G2_DNp09_DNa01_DNa02_s2_c10_7000,"('rh', 'TrF', 'reductor')",0.03222223805723647,0.0
closed_G2_DNp09_DNa01_DNa02_s2_c10_7000,"('rm', 'CTr', 'extensor')",0.002147780127872373,0.0
closed_G2_DNp09_DNa01_DNa02_s2_c10_7000,"('rm', 'CTr', 'flexor')",0.00016666667125074397,0.0
closed_G2_DNp09_DNa01_DNa02_s2_c10_7000,"('rm', 'FTi', 'extensor')",0.043840545381338754,0.0
closed_G2_DNp09_DNa01_DNa02_s2_c10_7000,"('rm', 'FTi', 'flexor')",0.0043056773587150194,0.0
closed_G2_DNp09_DNa01_DNa02_s2_c10_7000,"('rm', 'ThC', 'adductor')",0.0,0.0
closed_G2_DNp09_DNa01_DNa02_s2_c10_7000,"('rm', 'ThC', 'rotator_ant')",3.236264978264151e-10,0.0
closed_G2_DNp09_DNa01_DNa02_s2_c10_7000,"('rm', 'ThC', 'rotator_post')",0.08816795240914724,0.0
closed_G2_DNp09_DNa01_DNa02_s2_c10_7000,"('rm', 'TiTa', 'depressor')",3.1798978942376195e-09,0.0
closed_G2_DNp09_DNa01_DNa02_s2_c10_7000,"('rm', 'TiTa', 'levator')",0.0,0.0
closed_G2_DNp09_DNa01_DNa02_s2_c10_7000,"('rm', 'TrF', 'reductor')",0.04096012675849905,0.0
closed_G2_DNp09_DNa01_DNa02_s2_c10_7001,"('lf', 'CTr', 'extensor')",0.0316099698591646,0.0
closed_G2_DNp09_DNa01_DNa02_s2_c10_7001,"('lf', 'CTr', 'flexor')",0.006049741199324769,0.0
closed_G2_DNp09_DNa01_DNa02_s2_c10_7001,"('lf', 'FTi', 'extensor')",0.0066220351561155815,0.0
closed_G2_DNp09_DNa01_DNa02_s2_c10_7001,"('lf', 'FTi', 'flexor')",0.005894453446940441,0.0
closed_G2_DNp09_DNa01_DNa02_s2_c10_7001,"('lf', 'ThC', 'adductor')",0.0,0.0
closed_G2_DNp09_DNa01_DNa02_s2_c10_7001,"('lf', 'ThC', 'promotor')",0.01753460098074035,0.0
closed_G2_DNp09_DNa01_DNa02_s2_c10_7001,"('lf', 'ThC', 'remotor')",0.06704424812915376,0.0
closed_G2_DNp09_DNa01_DNa02_s2_c10_7001,"('lf', 'ThC', 'rotator_ant')",0.0,0.0
closed_G2_DNp09_DNa01_DNa02_s2_c10_7001,"('lf', 'ThC', 'rotator_post')",0.026411116703982388,0.0
closed_G2_DNp09_DNa01_DNa02_s2_c10_7001,"('lf', 'TiTa', 'depressor')",0.0,0.0
closed_G2_DNp09_DNa01_DNa02_s2_c10_7001,"('lf', 'TiTa', 'levator')",0.0,0.0
closed_G2_DNp09_DNa01_DNa02_s2_c10_7001,"('lf', 'TrF', 'reductor')",0.04770618788982417,0.0
closed_G2_DNp09_DNa01_DNa02_s2_c10_7001,"('lh', 'CTr', 'extensor')",0.027718086983576862,0.0
closed_G2_DNp09_DNa01_DNa02_s2_c10_7001,"('lh', 'CTr', 'flexor')",0.0016078451070865164,0.0
closed_G2_DNp09_DNa01_DNa02_s2_c10_7001,"('lh', 'FTi', 'extensor')",0.0578713871116428,0.0
closed_G2_DNp09_DNa01_DNa02_s2_c10_7001,"('lh', 'FTi', 'flexor')",0.005393751975245724,0.0
closed_G2_DNp09_DNa01_DNa02_s2_c10_7001,"('lh', 'ThC', 'adductor')",0.0,0.0
closed_G2_DNp09_DNa01_DNa02_s2_c10_7001,"('lh', 'ThC', 'remotor')",0.0,0.0
closed_G2_DNp09_DNa01_DNa02_s2_c10_7001,"('lh', 'ThC', 'rotator_ant')",0.0,0.0
closed_G2_DNp09_DNa01_DNa02_s2_c10_7001,"('lh', 'ThC', 'rotator_post')",0.009058911387994313,0.0
closed_G2_DNp09_DNa01_DNa02_s2_c10_7001,"('lh', 'TiTa', 'depressor')",0.00013888888888888864,0.0
closed_G2_DNp09_DNa01_DNa02_s2_c10_7001,"('lh', 'TiTa', 'levator')",0.0,0.0
closed_G2_DNp09_DNa01_DNa02_s2_c10_7001,"('lh', 'TrF', 'reductor')",0.030684092856819074,0.0
closed_G2_DNp09_DNa01_DNa02_s2_c10_7001,"('lm', 'CTr', 'extensor')",0.01586524281721893,0.0
closed_G2_DNp09_DNa01_DNa02_s2_c10_7001,"('lm', 'CTr', 'flexor')",0.015267305604825731,0.0
closed_G2_DNp09_DNa01_DNa02_s2_c10_7001,"('lm', 'FTi', 'extensor')",0.006986561727382894,0.0
closed_G2_DNp09_DNa01_DNa02_s2_c10_7001,"('lm', 'FTi', 'flexor')",0.006668053341770547,0.0
closed_G2_DNp09_DNa01_DNa02_s2_c10_7001,"('lm', 'ThC', 'remotor')",1.4026662063003166e-12,0.0
closed_G2_DNp09_DNa01_DNa02_s2_c10_7001,"('lm', 'ThC', 'rotator_ant')",0.00033333333352780705,0.0
closed_G2_DNp09_DNa01_DNa02_s2_c10_7001,"('lm', 'ThC', 'rotator_post')",0.1314207261297221,0.0
closed_G2_DNp09_DNa01_DNa02_s2_c10_7001,"('lm', 'TiTa', 'depressor')",0.0,0.0
closed_G2_DNp09_DNa01_DNa02_s2_c10_7001,"('lm', 'TiTa', 'levator')",0.0,0.0
closed_G2_DNp09_DNa01_DNa02_s2_c10_7001,"('lm', 'TrF', 'reductor')",0.0013888890657847096,0.0
closed_G2_DNp09_DNa01_DNa02_s2_c10_7001,"('rf', 'CTr', 'extensor')",0.027108723149260085,0.0
closed_G2_DNp09_DNa01_DNa02_s2_c10_7001,"('rf', 'CTr', 'flexor')",0.007423393198902268,0.0
closed_G2_DNp09_DNa01_DNa02_s2_c10_7001,"('rf', 'FTi', 'extensor')",0.08359067552568128,0.0
closed_G2_DNp09_DNa01_DNa02_s2_c10_7001,"('rf', 'FTi', 'flexor')",0.0007360316487552024,0.0
closed_G2_DNp09_DNa01_DNa02_s2_c10_7001,"('rf', 'ThC', 'adductor')",0.0,0.0
closed_G2_DNp09_DNa01_DNa02_s2_c10_7001,"('rf', 'ThC', 'promotor')",0.014018627909991603,0.0
closed_G2_DNp09_DNa01_DNa02_s2_c10_7001,"('rf', 'ThC', 'remotor')",0.08008700943879446,0.0
closed_G2_DNp09_DNa01_DNa02_s2_c10_7001,"('rf', 'ThC', 'rotator_ant')",5.540404420204357e-14,0.0
closed_G2_DNp09_DNa01_DNa02_s2_c10_7001,"('rf', 'ThC', 'rotator_post')",0.0058947940362931,0.0
closed_G2_DNp09_DNa01_DNa02_s2_c10_7001,"('rf', 'TiTa', 'depressor')",0.0,0.0
closed_G2_DNp09_DNa01_DNa02_s2_c10_7001,"('rf', 'TiTa', 'levator')",0.0,0.0
closed_G2_DNp09_DNa01_DNa02_s2_c10_7001,"('rf', 'TrF', 'reductor')",0.057235253491693394,0.0
closed_G2_DNp09_DNa01_DNa02_s2_c10_7001,"('rh', 'CTr', 'extensor')",0.009774357007438459,0.0
closed_G2_DNp09_DNa01_DNa02_s2_c10_7001,"('rh', 'CTr', 'flexor')",0.0004999995504789104,0.0
closed_G2_DNp09_DNa01_DNa02_s2_c10_7001,"('rh', 'FTi', 'extensor')",0.02747770398653253,0.0
closed_G2_DNp09_DNa01_DNa02_s2_c10_7001,"('rh', 'FTi', 'flexor')",0.00055555555551874,0.0
closed_G2_DNp09_DNa01_DNa02_s2_c10_7001,"('rh', 'ThC', 'adductor')",1.2659062511860353e-12,0.0
closed_G2_DNp09_DNa01_DNa02_s2_c10_7001,"('rh', 'ThC', 'remotor')",0.0,0.0
closed_G2_DNp09_DNa01_DNa02_s2_c10_7001,"('rh', 'ThC', 'rotator_ant')",0.003666243076241331,0.0
closed_G2_DNp09_DNa01_DNa02_s2_c10_7001,"('rh', 'ThC', 'rotator_post')",0.0731760256560425,0.0
closed_G2_DNp09_DNa01_DNa02_s2_c10_7001,"('rh', 'TiTa', 'depressor')",0.0,0.0
closed_G2_DNp09_DNa01_DNa02_s2_c10_7001,"('rh', 'TiTa', 'levator')",0.0,0.0
closed_G2_DNp09_DNa01_DNa02_s2_c10_7001,"('rh', 'TrF', 'reductor')",0.04335297400237001,0.0
closed_G2_DNp09_DNa01_DNa02_s2_c10_7001,"('rm', 'CTr', 'extensor')",0.0015540918929255474,0.0
closed_G2_DNp09_DNa01_DNa02_s2_c10_7001,"('rm', 'CTr', 'flexor')",6.005809796035508e-11,0.0
closed_G2_DNp09_DNa01_DNa02_s2_c10_7001,"('rm', 'FTi', 'extensor')",0.06062048319417119,0.0
closed_G2_DNp09_DNa01_DNa02_s2_c10_7001,"('rm', 'FTi', 'flexor')",0.006568598160107115,0.0
closed_G2_DNp09_DNa01_DNa02_s2_c10_7001,"('rm', 'ThC', 'adductor')",0.0,0.0
closed_G2_DNp09_DNa01_DNa02_s2_c10_7001,"('rm', 'ThC', 'rotator_ant')",0.0,0.0
closed_G2_DNp09_DNa01_DNa02_s2_c10_7001,"('rm', 'ThC', 'rotator_post')",0.212898722727233,0.0
closed_G2_DNp09_DNa01_DNa02_s2_c10_7001,"('rm', 'TiTa', 'depressor')",0.0006060615137954612,0.0
closed_G2_DNp09_DNa01_DNa02_s2_c10_7001,"('rm', 'TiTa', 'levator')",0.0,0.0
closed_G2_DNp09_DNa01_DNa02_s2_c10_7001,"('rm', 'TrF', 'reductor')",0.03312917828281887,0.0
closed_G2_DNp09_DNa01_DNa02_s2_c10_7002,"('lf', 'CTr', 'extensor')",0.27659460693472954,0.0
closed_G2_DNp09_DNa01_DNa02_s2_c10_7002,"('lf', 'CTr', 'flexor')",5.435815490569598e-14,0.0
closed_G2_DNp09_DNa01_DNa02_s2_c10_7002,"('lf', 'FTi', 'extensor')",0.0037981115160446474,0.0
closed_G2_DNp09_DNa01_DNa02_s2_c10_7002,"('lf', 'FTi', 'flexor')",0.009453201449131365,0.0
closed_G2_DNp09_DNa01_DNa02_s2_c10_7002,"('lf', 'ThC', 'adductor')",0.0004670874500048606,0.0
closed_G2_DNp09_DNa01_DNa02_s2_c10_7002,"('lf', 'ThC', 'promotor')",2.2041553911366596e-13,0.0
closed_G2_DNp09_DNa01_DNa02_s2_c10_7002,"('lf', 'ThC', 'remotor')",0.19390354757800402,0.0
closed_G2_DNp09_DNa01_DNa02_s2_c10_7002,"('lf', 'ThC', 'rotator_ant')",0.0,0.0
closed_G2_DNp09_DNa01_DNa02_s2_c10_7002,"('lf', 'ThC', 'rotator_post')",0.22548488506230513,0.0
closed_G2_DNp09_DNa01_DNa02_s2_c10_7002,"('lf', 'TiTa', 'depressor')",0.0,0.0
closed_G2_DNp09_DNa01_DNa02_s2_c10_7002,"('lf', 'TiTa', 'levator')",0.0,0.0
closed_G2_DNp09_DNa01_DNa02_s2_c10_7002,"('lf', 'TrF', 'reductor')",0.010609343457169013,0.0
closed_G2_DNp09_DNa01_DNa02_s2_c10_7002,"('lh', 'CTr', 'extensor')",0.04171564086679206,0.0
closed_G2_DNp09_DNa01_DNa02_s2_c10_7002,"('lh', 'CTr', 'flexor')",0.016987617804200723,0.0
closed_G2_DNp09_DNa01_DNa02_s2_c10_7002,"('lh', 'FTi', 'extensor')",0.04607693912427604,0.0
closed_G2_DNp09_DNa01_DNa02_s2_c10_7002,"('lh', 'FTi', 'flexor')",0.006751753132619571,0.0
closed_G2_DNp09_DNa01_DNa02_s2_c10_7002,"('lh', 'ThC', 'adductor')",0.0,0.0
closed_G2_DNp09_DNa01_DNa02_s2_c10_7002,"('lh', 'ThC', 'remotor')",0.0,0.0
closed_G2_DNp09_DNa01_DNa02_s2_c10_7002,"('lh', 'ThC', 'rotator_ant')",0.0,0.0
closed_G2_DNp09_DNa01_DNa02_s2_c10_7002,"('lh', 'ThC', 'rotator_post')",0.022627314540622744,0.0
closed_G2_DNp09_DNa01_DNa02_s2_c10_7002,"('lh', 'TiTa', 'depressor')",0.0005555520672933363,0.0
closed_G2_DNp09_DNa01_DNa02_s2_c10_7002,"('lh', 'TiTa', 'levator')",0.0,0.0
closed_G2_DNp09_DNa01_DNa02_s2_c10_7002,"('lh', 'TrF', 'reductor')",0.012973220080243602,0.0
closed_G2_DNp09_DNa01_DNa02_s2_c10_7002,"('lm', 'CTr', 'extensor')",0.014790497903171208,0.0
closed_G2_DNp09_DNa01_DNa02_s2_c10_7002,"('lm', 'CTr', 'flexor')",0.020700661348251242,0.0
closed_G2_DNp09_DNa01_DNa02_s2_c10_7002,"('lm', 'FTi', 'extensor')",0.010440699532676435,0.0
closed_G2_DNp09_DNa01_DNa02_s2_c10_7002,"('lm', 'FTi', 'flexor')",0.006041680737937189,0.0
closed_G2_DNp09_DNa01_DNa02_s2_c10_7002,"('lm', 'ThC', 'remotor')",0.0,0.0
closed_G2_DNp09_DNa01_DNa02_s2_c10_7002,"('lm', 'ThC', 'rotator_ant')",1.0803788619398479e-13,0.0
closed_G2_DNp09_DNa01_DNa02_s2_c10_7002,"('lm', 'ThC', 'rotator_post')",0.1526894651110126,0.0
closed_G2_DNp09_DNa01_DNa02_s2_c10_7002,"('lm', 'TiTa', 'depressor')",0.0,0.0
closed_G2_DNp09_DNa01_DNa02_s2_c10_7002,"('lm', 'TiTa', 'levator')",0.0,0.0
closed_G2_DNp09_DNa01_DNa02_s2_c10_7002,"('lm', 'TrF', 'reductor')",0.003446788098052327,0.0
closed_G2_DNp09_DNa01_DNa02_s2_c10_7002,"('rf', 'CTr', 'extensor')",0.16665884473222037,0.0
closed_G2_DNp09_DNa01_DNa02_s2_c10_7002,"('rf', 'CTr', 'flexor')",0.0016666704507334,0.0
closed_G2_DNp09_DNa01_DNa02_s2_c10_7002,"('rf', 'FTi', 'extensor')",0.0729296267869107,0.0
closed_G2_DNp09_DNa01_DNa02_s2_c10_7002,"('rf', 'FTi', 'flexor')",0.000938801494127017,0.0
closed_G2_DNp09_DNa01_DNa02_s2_c10_7002,"('rf', 'ThC', 'adductor')",0.0,0.0
closed_G2_DNp09_DNa01_DNa02_s2_c10_7002,"('rf', 'ThC', 'promotor')",0.0,0.0
closed_G2_DNp09_DNa01_DNa02_s2_c10_7002,"('rf', 'ThC', 'remotor')",0.21029576715648,0.0
closed_G2_DNp09_DNa01_DNa02_s2_c10_7002,"('rf', 'ThC', 'rotator_ant')",0.0,0.0
closed_G2_DNp09_DNa01_DNa02_s2_c10_7002,"('rf', 'ThC', 'rotator_post')",0.23443089208464718,0.0
closed_G2_DNp09_DNa01_DNa02_s2_c10_7002,"('rf', 'TiTa', 'depressor')",0.0011538450848412659,0.0
closed_G2_DNp09_DNa01_DNa02_s2_c10_7002,"('rf', 'TiTa', 'levator')",0.0,0.0
closed_G2_DNp09_DNa01_DNa02_s2_c10_7002,"('rf', 'TrF', 'reductor')",0.000555555555555555,0.0
closed_G2_DNp09_DNa01_DNa02_s2_c10_7002,"('rh', 'CTr', 'extensor')",0.00662500193838246,0.0
closed_G2_DNp09_DNa01_DNa02_s2_c10_7002,"('rh', 'CTr', 'flexor')",0.006834602242608054,0.0
closed_G2_DNp09_DNa01_DNa02_s2_c10_7002,"('rh', 'FTi', 'extensor')",0.007999998703328097,0.0
closed_G2_DNp09_DNa01_DNa02_s2_c10_7002,"('rh', 'FTi', 'flexor')",0.0004629642153831513,0.0
closed_G2_DNp09_DNa01_DNa02_s2_c10_7002,"('rh', 'ThC', 'adductor')",0.0,0.0
closed_G2_DNp09_DNa01_DNa02_s2_c10_7002,"('rh', 'ThC', 'remotor')",0.0,0.0
closed_G2_DNp09_DNa01_DNa02_s2_c10_7002,"('rh', 'ThC', 'rotator_ant')",0.001333297218910274,0.0
closed_G2_DNp09_DNa01_DNa02_s2_c10_7002,"('rh', 'ThC', 'rotator_post')",0.08549754236063402,0.0
closed_G2_DNp09_DNa01_DNa02_s2_c10_7002,"('rh', 'TiTa', 'depressor')",0.0,0.0
closed_G2_DNp09_DNa01_DNa02_s2_c10_7002,"('rh', 'TiTa', 'levator')",0.0,0.0
closed_G2_DNp09_DNa01_DNa02_s2_c10_7002,"('rh', 'TrF', 'reductor')",0.02165958799058094,0.0
closed_G2_DNp09_DNa01_DNa02_s2_c10_7002,"('rm', 'CTr', 'extensor')",0.0033333369947338015,0.0
closed_G2_DNp09_DNa01_DNa02_s2_c10_7002,"('rm', 'CTr', 'flexor')",0.0004999915991123696,0.0
closed_G2_DNp09_DNa01_DNa02_s2_c10_7002,"('rm', 'FTi', 'extensor')",0.04800383010055899,0.0
closed_G2_DNp09_DNa01_DNa02_s2_c10_7002,"('rm', 'FTi', 'flexor')",0.005979909403211985,0.0
closed_G2_DNp09_DNa01_DNa02_s2_c10_7002,"('rm', 'ThC', 'adductor')",0.0,0.0
closed_G2_DNp09_DNa01_DNa02_s2_c10_7002,"('rm', 'ThC', 'rotator_ant')",4.957993277574205e-12,0.0
closed_G2_DNp09_DNa01_DNa02_s2_c10_7002,"('rm', 'ThC', 'rotator_post')",0.08111903564777616,0.0
closed_G2_DNp09_DNa01_DNa02_s2_c10_7002,"('rm', 'TiTa', 'depressor')",4.4774902836977224e-12,0.0
closed_G2_DNp09_DNa01_DNa02_s2_c10_7002,"('rm', 'TiTa', 'levator')",0.0,0.0
closed_G2_DNp09_DNa01_DNa02_s2_c10_7002,"('rm', 'TrF', 'reductor')",0.02534115143869893,0.0
closed_G2_DNp09_DNa01_DNa02_s2_c10_7003,"('lf', 'CTr', 'extensor')",0.1266737238166266,0.0
closed_G2_DNp09_DNa01_DNa02_s2_c10_7003,"('lf', 'CTr', 'flexor')",0.0021251968935183606,0.0
closed_G2_DNp09_DNa01_DNa02_s2_c10_7003,"('lf', 'FTi', 'extensor')",0.0013333333333333324,0.0
closed_G2_DNp09_DNa01_DNa02_s2_c10_7003,"('lf', 'FTi', 'flexor')",0.007260755783164434,0.0
closed_G2_DNp09_DNa01_DNa02_s2_c10_7003,"('lf', 'ThC', 'adductor')",0.0,0.0
closed_G2_DNp09_DNa01_DNa02_s2_c10_7003,"('lf', 'ThC', 'promotor')",0.0003333333333333333,0.0
closed_G2_DNp09_DNa01_DNa02_s2_c10_7003,"('lf', 'ThC', 'remotor')",0.08622429700757227,0.0
closed_G2_DNp09_DNa01_DNa02_s2_c10_7003,"('lf', 'ThC', 'rotator_ant')",5.217242598928053e-09,0.0
closed_G2_DNp09_DNa01_DNa02_s2_c10_7003,"('lf', 'ThC', 'rotator_post')",0.061743736667951,0.0
closed_G2_DNp09_DNa01_DNa02_s2_c10_7003,"('lf', 'TiTa', 'depressor')",0.0,0.0
closed_G2_DNp09_DNa01_DNa02_s2_c10_7003,"('lf', 'TiTa', 'levator')",0.0,0.0
closed_G2_DNp09_DNa01_DNa02_s2_c10_7003,"('lf', 'TrF', 'reductor')",0.015166915989028334,0.0
closed_G2_DNp09_DNa01_DNa02_s2_c10_7003,"('lh', 'CTr', 'extensor')",0.012122684181520299,0.0
closed_G2_DNp09_DNa01_DNa02_s2_c10_7003,"('lh', 'CTr', 'flexor')",0.03475040051094056,0.0
closed_G2_DNp09_DNa01_DNa02_s2_c10_7003,"('lh', 'FTi', 'extensor')",0.04537940554240141,0.0
closed_G2_DNp09_DNa01_DNa02_s2_c10_7003,"('lh', 'FTi', 'flexor')",0.004999419559544166,0.0
closed_G2_DNp09_DNa01_DNa02_s2_c10_7003,"('lh', 'ThC', 'adductor')",0.0,0.0
closed_G2_DNp09_DNa01_DNa02_s2_c10_7003,"('lh', 'ThC', 'remotor')",0.0,0.0
closed_G2_DNp09_DNa01_DNa02_s2_c10_7003,"('lh', 'ThC', 'rotator_ant')",1.1958794079253146e-13,0.0
closed_G2_DNp09_DNa01_DNa02_s2_c10_7003,"('lh', 'ThC', 'rotator_post')",0.011666230251282599,0.0
closed_G2_DNp09_DNa01_DNa02_s2_c10_7003,"('lh', 'TiTa', 'depressor')",0.0,0.0
closed_G2_DNp09_DNa01_DNa02_s2_c10_7003,"('lh', 'TiTa', 'levator')",0.0,0.0
closed_G2_DNp09_DNa01_DNa02_s2_c10_7003,"('lh', 'TrF', 'reductor')",0.03119779174635167,0.0
closed_G2_DNp09_DNa01_DNa02_s2_c10_7003,"('lm', 'CTr', 'extensor')",0.019939580671007425,0.0
closed_G2_DNp09_DNa01_DNa02_s2_c10_7003,"('lm', 'CTr', 'flexor')",0.01244988045496002,0.0
closed_G2_DNp09_DNa01_DNa02_s2_c10_7003,"('lm', 'FTi', 'extensor')",0.011666307550809362,0.0
closed_G2_DNp09_DNa01_DNa02_s2_c10_7003,"('lm', 'FTi', 'flexor')",0.007951536067961153,0.0
closed_G2_DNp09_DNa01_DNa02_s2_c10_7003,"('lm', 'ThC', 'remotor')",3.2410813758482685e-09,0.0
closed_G2_DNp09_DNa01_DNa02_s2_c10_7003,"('lm', 'ThC', 'rotator_ant')",0.0006763549982152755,0.0
closed_G2_DNp09_DNa01_DNa02_s2_c10_7003,"('lm', 'ThC', 'rotator_post')",0.0792310932276241,0.0
closed_G2_DNp09_DNa01_DNa02_s2_c10_7003,"('lm', 'TiTa', 'depressor')",0.0,0.0
closed_G2_DNp09_DNa01_DNa02_s2_c10_7003,"('lm', 'TiTa', 'levator')",0.0,0.0
closed_G2_DNp09_DNa01_DNa02_s2_c10_7003,"('lm', 'TrF', 'reductor')",0.0008173454772950803,0.0
closed_G2_DNp09_DNa01_DNa02_s2_c10_7003,"('rf', 'CTr', 'extensor')",0.22679177458350996,0.0
closed_G2_DNp09_DNa01_DNa02_s2_c10_7003,"('rf', 'CTr', 'flexor')",0.000151515151515146,0.0
closed_G2_DNp09_DNa01_DNa02_s2_c10_7003,"('rf', 'FTi', 'extensor')",0.07778886322976228,0.0
closed_G2_DNp09_DNa01_DNa02_s2_c10_7003,"('rf', 'FTi', 'flexor')",0.002292551049554946,0.0
closed_G2_DNp09_DNa01_DNa02_s2_c10_7003,"('rf', 'ThC', 'adductor')",0.0,0.0
closed_G2_DNp09_DNa01_DNa02_s2_c10_7003,"('rf', 'ThC', 'promotor')",0.0003333333333333333,0.0
closed_G2_DNp09_DNa01_DNa02_s2_c10_7003,"('rf', 'ThC', 'remotor')",0.1590640258851554,0.0
closed_G2_DNp09_DNa01_DNa02_s2_c10_7003,"('rf', 'ThC', 'rotator_ant')",0.0,0.0
closed_G2_DNp09_DNa01_DNa02_s2_c10_7003,"('rf', 'ThC', 'rotator_post')",0.14705545213626683,0.0
closed_G2_DNp09_DNa01_DNa02_s2_c10_7003,"('rf', 'TiTa', 'depressor')",0.0002564102564093703,0.0
closed_G2_DNp09_DNa01_DNa02_s2_c10_7003,"('rf', 'TiTa', 'levator')",0.0,0.0
closed_G2_DNp09_DNa01_DNa02_s2_c10_7003,"('rf', 'TrF', 'reductor')",0.00416662371920044,0.0
closed_G2_DNp09_DNa01_DNa02_s2_c10_7003,"('rh', 'CTr', 'extensor')",0.0151156575408881,0.0
closed_G2_DNp09_DNa01_DNa02_s2_c10_7003,"('rh', 'CTr', 'flexor')",0.005342122202863427,0.0
closed_G2_DNp09_DNa01_DNa02_s2_c10_7003,"('rh', 'FTi', 'extensor')",0.006333333334336092,0.0
closed_G2_DNp09_DNa01_DNa02_s2_c10_7003,"('rh', 'FTi', 'flexor')",0.0002777777777939777,0.0
closed_G2_DNp09_DNa01_DNa02_s2_c10_7003,"('rh', 'ThC', 'adductor')",0.0,0.0
closed_G2_DNp09_DNa01_DNa02_s2_c10_7003,"('rh', 'ThC', 'remotor')",0.0,0.0
closed_G2_DNp09_DNa01_DNa02_s2_c10_7003,"('rh', 'ThC', 'rotator_ant')",0.0023333333333333283,0.0
closed_G2_DNp09_DNa01_DNa02_s2_c10_7003,"('rh', 'ThC', 'rotator_post')",0.08747454778147355,0.0
closed_G2_DNp09_DNa01_DNa02_s2_c10_7003,"('rh', 'TiTa', 'depressor')",0.00030303509618748913,0.0
closed_G2_DNp09_DNa01_DNa02_s2_c10_7003,"('rh', 'TiTa', 'levator')",0.0,0.0
closed_G2_DNp09_DNa01_DNa02_s2_c10_7003,"('rh', 'TrF', 'reductor')",0.012667194228531003,0.0
closed_G2_DNp09_DNa01_DNa02_s2_c10_7003,"('rm', 'CTr', 'extensor')",0.005588052348875134,0.0
closed_G2_DNp09_DNa01_DNa02_s2_c10_7003,"('rm', 'CTr', 'flexor')",0.00033333333333333305,0.0
closed_G2_DNp09_DNa01_DNa02_s2_c10_7003,"('rm', 'FTi', 'extensor')",0.08296867603895776,0.0
closed_G2_DNp09_DNa01_DNa02_s2_c10_7003,"('rm', 'FTi', 'flexor')",0.007925120298854275,0.0
closed_G2_DNp09_DNa01_DNa02_s2_c10_7003,"('rm', 'ThC', 'adductor')",0.0,0.0
closed_G2_DNp09_DNa01_DNa02_s2_c10_7003,"('rm', 'ThC', 'rotator_ant')",2.24900183090714e-09,0.0
closed_G2_DNp09_DNa01_DNa02_s2_c10_7003,"('rm', 'ThC', 'rotator_post')",0.20570933492674506,0.0
closed_G2_DNp09_DNa01_DNa02_s2_c10_7003,"('rm', 'TiTa', 'depressor')",0.0003030302477416819,0.0
closed_G2_DNp09_DNa01_DNa02_s2_c10_7003,"('rm', 'TiTa', 'levator')",0.0,0.0
closed_G2_DNp09_DNa01_DNa02_s2_c10_7003,"('rm', 'TrF', 'reductor')",0.03558407734685105,0.0
closed_G2_DNp09_DNa01_DNa02_s2_c10_7004,"('lf', 'CTr', 'extensor')",0.09072130115642381,0.0
closed_G2_DNp09_DNa01_DNa02_s2_c10_7004,"('lf', 'CTr', 'flexor')",0.005173352429613608,0.0
closed_G2_DNp09_DNa01_DNa02_s2_c10_7004,"('lf', 'FTi', 'extensor')",0.0013250352397936027,0.0
closed_G2_DNp09_DNa01_DNa02_s2_c10_7004,"('lf', 'FTi', 'flexor')",0.009087944708082763,0.0
closed_G2_DNp09_DNa01_DNa02_s2_c10_7004,"('lf', 'ThC', 'adductor')",0.0,0.0
closed_G2_DNp09_DNa01_DNa02_s2_c10_7004,"('lf', 'ThC', 'promotor')",0.000666666666666666,0.0
closed_G2_DNp09_DNa01_DNa02_s2_c10_7004,"('lf', 'ThC', 'remotor')",0.07405868670596732,0.0
closed_G2_DNp09_DNa01_DNa02_s2_c10_7004,"('lf', 'ThC', 'rotator_ant')",8.422189039343332e-10,0.0
closed_G2_DNp09_DNa01_DNa02_s2_c10_7004,"('lf', 'ThC', 'rotator_post')",0.037515853067527125,0.0
closed_G2_DNp09_DNa01_DNa02_s2_c10_7004,"('lf', 'TiTa', 'depressor')",0.0,0.0
closed_G2_DNp09_DNa01_DNa02_s2_c10_7004,"('lf', 'TiTa', 'levator')",0.0,0.0
closed_G2_DNp09_DNa01_DNa02_s2_c10_7004,"('lf', 'TrF', 'reductor')",0.022882175888848097,0.0
closed_G2_DNp09_DNa01_DNa02_s2_c10_7004,"('lh', 'CTr', 'extensor')",0.012970157815898848,0.0
closed_G2_DNp09_DNa01_DNa02_s2_c10_7004,"('lh', 'CTr', 'flexor')",0.026583049657081286,0.0
closed_G2_DNp09_DNa01_DNa02_s2_c10_7004,"('lh', 'FTi', 'extensor')",0.049815431751214126,0.0
closed_G2_DNp09_DNa01_DNa02_s2_c10_7004,"('lh', 'FTi', 'flexor')",0.004536646655596289,0.0
closed_G2_DNp09_DNa01_DNa02_s2_c10_7004,"('lh', 'ThC', 'adductor')",0.0,0.0
closed_G2_DNp09_DNa01_DNa02_s2_c10_7004,"('lh', 'ThC', 'remotor')",0.0,0.0
closed_G2_DNp09_DNa01_DNa02_s2_c10_7004,"('lh', 'ThC', 'rotator_ant')",0.0,0.0
closed_G2_DNp09_DNa01_DNa02_s2_c10_7004,"('lh', 'ThC', 'rotator_post')",0.010976203177529733,0.0
closed_G2_DNp09_DNa01_DNa02_s2_c10_7004,"('lh', 'TiTa', 'depressor')",0.0,0.0
closed_G2_DNp09_DNa01_DNa02_s2_c10_7004,"('lh', 'TiTa', 'levator')",0.0,0.0
closed_G2_DNp09_DNa01_DNa02_s2_c10_7004,"('lh', 'TrF', 'reductor')",0.037946195772387836,0.0
closed_G2_DNp09_DNa01_DNa02_s2_c10_7004,"('lm', 'CTr', 'extensor')",0.009614744928403869,0.0
closed_G2_DNp09_DNa01_DNa02_s2_c10_7004,"('lm', 'CTr', 'flexor')",0.011502494109509175,0.0
closed_G2_DNp09_DNa01_DNa02_s2_c10_7004,"('lm', 'FTi', 'extensor')",0.006425808438919111,0.0
closed_G2_DNp09_DNa01_DNa02_s2_c10_7004,"('lm', 'FTi', 'flexor')",0.0006416017295194678,0.0
closed_G2_DNp09_DNa01_DNa02_s2_c10_7004,"('lm', 'ThC', 'remotor')",0.0,0.0
closed_G2_DNp09_DNa01_DNa02_s2_c10_7004,"('lm', 'ThC', 'rotator_ant')",0.000666666666746003,0.0
closed_G2_DNp09_DNa01_DNa02_s2_c10_7004,"('lm', 'ThC', 'rotator_post')",0.053873973206544044,0.0
closed_G2_DNp09_DNa01_DNa02_s2_c10_7004,"('lm', 'TiTa', 'depressor')",0.0,0.0
closed_G2_DNp09_DNa01_DNa02_s2_c10_7004,"('lm', 'TiTa', 'levator')",0.0,0.0
closed_G2_DNp09_DNa01_DNa02_s2_c10_7004,"('lm', 'TrF', 'reductor')",0.0008888889025989702,0.0
closed_G2_DNp09_DNa01_DNa02_s2_c10_7004,"('rf', 'CTr', 'extensor')",0.18390465928523392,0.0
closed_G2_DNp09_DNa01_DNa02_s2_c10_7004,"('rf', 'CTr', 'flexor')",0.0010606060604759144,0.0
closed_G2_DNp09_DNa01_DNa02_s2_c10_7004,"('rf', 'FTi', 'extensor')",0.08607885742371019,0.0
closed_G2_DNp09_DNa01_DNa02_s2_c10_7004,"('rf', 'FTi', 'flexor')",0.0022796627216474037,0.0
closed_G2_DNp09_DNa01_DNa02_s2_c10_7004,"('rf', 'ThC', 'adductor')",0.0,0.0
closed_G2_DNp09_DNa01_DNa02_s2_c10_7004,"('rf', 'ThC', 'promotor')",4.4090832958211415e-09,0.0
closed_G2_DNp09_DNa01_DNa02_s2_c10_7004,"('rf', 'ThC', 'remotor')",0.1663857257881879,0.0
closed_G2_DNp09_DNa01_DNa02_s2_c10_7004,"('rf', 'ThC', 'rotator_ant')",0.0,0.0
closed_G2_DNp09_DNa01_DNa02_s2_c10_7004,"('rf', 'ThC', 'rotator_post')",0.1459951020650369,0.0
closed_G2_DNp09_DNa01_DNa02_s2_c10_7004,"('rf', 'TiTa', 'depressor')",0.00025641025641025576,0.0
closed_G2_DNp09_DNa01_DNa02_s2_c10_7004,"('rf', 'TiTa', 'levator')",0.0,0.0
closed_G2_DNp09_DNa01_DNa02_s2_c10_7004,"('rf', 'TrF', 'reductor')",0.009808485658324406,0.0
closed_G2_DNp09_DNa01_DNa02_s2_c10_7004,"('rh', 'CTr', 'extensor')",0.01328952104611921,0.0
closed_G2_DNp09_DNa01_DNa02_s2_c10_7004,"('rh', 'CTr', 'flexor')",0.0023388953864105382,0.0
closed_G2_DNp09_DNa01_DNa02_s2_c10_7004,"('rh', 'FTi', 'extensor')",0.00999515635964035,0.0
closed_G2_DNp09_DNa01_DNa02_s2_c10_7004,"('rh', 'FTi', 'flexor')",0.00092404846787154,0.0
closed_G2_DNp09_DNa01_DNa02_s2_c10_7004,"('rh', 'ThC', 'adductor')",0.0,0.0
closed_G2_DNp09_DNa01_DNa02_s2_c10_7004,"('rh', 'ThC', 'remotor')",0.0,0.0
closed_G2_DNp09_DNa01_DNa02_s2_c10_7004,"('rh', 'ThC', 'rotator_ant')",0.0010000000000000007,0.0
closed_G2_DNp09_DNa01_DNa02_s2_c10_7004,"('rh', 'ThC', 'rotator_post')",0.10509030048872628,0.0
closed_G2_DNp09_DNa01_DNa02_s2_c10_7004,"('rh', 'TiTa', 'depressor')",0.00015151515151515152,0.0
closed_G2_DNp09_DNa01_DNa02_s2_c10_7004,"('rh', 'TiTa', 'levator')",0.0,0.0
closed_G2_DNp09_DNa01_DNa02_s2_c10_7004,"('rh', 'TrF', 'reductor')",0.02900414664996741,0.0
closed_G2_DNp09_DNa01_DNa02_s2_c10_7004,"('rm', 'CTr', 'extensor')",0.002286744901017207,0.0
closed_G2_DNp09_DNa01_DNa02_s2_c10_7004,"('rm', 'CTr', 'flexor')",0.00033333339154147535,0.0
closed_G2_DNp09_DNa01_DNa02_s2_c10_7004,"('rm', 'FTi', 'extensor')",0.04354247513052116,0.0
closed_G2_DNp09_DNa01_DNa02_s2_c10_7004,"('rm', 'FTi', 'flexor')",0.0072828633306678,0.0
closed_G2_DNp09_DNa01_DNa02_s2_c10_7004,"('rm', 'ThC', 'adductor')",0.0,0.0
closed_G2_DNp09_DNa01_DNa02_s2_c10_7004,"('rm', 'ThC', 'rotator_ant')",0.0,0.0
closed_G2_DNp09_DNa01_DNa02_s2_c10_7004,"('rm', 'ThC', 'rotator_post')",0.08837100059712762,0.0
closed_G2_DNp09_DNa01_DNa02_s2_c10_7004,"('rm', 'TiTa', 'depressor')",0.00015151515151515152,0.0
closed_G2_DNp09_DNa01_DNa02_s2_c10_7004,"('rm', 'TiTa', 'levator')",0.0,0.0
closed_G2_DNp09_DNa01_DNa02_s2_c10_7004,"('rm', 'TrF', 'reductor')",0.035575358942914706,0.0
closed_G2_DNp09_DNa01_DNa02_s2_c11_7000,"('lf', 'CTr', 'extensor')",0.08583992716311806,0.0
closed_G2_DNp09_DNa01_DNa02_s2_c11_7000,"('lf', 'CTr', 'flexor')",0.00015151515151515152,0.0
closed_G2_DNp09_DNa01_DNa02_s2_c11_7000,"('lf', 'FTi', 'extensor')",0.010657534985807338,0.0
closed_G2_DNp09_DNa01_DNa02_s2_c11_7000,"('lf', 'FTi', 'flexor')",0.003137267094742957,0.0
closed_G2_DNp09_DNa01_DNa02_s2_c11_7000,"('lf', 'ThC', 'adductor')",0.0,0.0
closed_G2_DNp09_DNa01_DNa02_s2_c11_7000,"('lf', 'ThC', 'promotor')",0.008000761742340807,0.0
closed_G2_DNp09_DNa01_DNa02_s2_c11_7000,"('lf', 'ThC', 'remotor')",0.19901332385778528,0.0
closed_G2_DNp09_DNa01_DNa02_s2_c11_7000,"('lf', 'ThC', 'rotator_ant')",0.0,0.0
closed_G2_DNp09_DNa01_DNa02_s2_c11_7000,"('lf', 'ThC', 'rotator_post')",0.19420609537691405,0.0
closed_G2_DNp09_DNa01_DNa02_s2_c11_7000,"('lf', 'TiTa', 'depressor')",0.0,0.0
closed_G2_DNp09_DNa01_DNa02_s2_c11_7000,"('lf', 'TiTa', 'levator')",0.0,0.0
closed_G2_DNp09_DNa01_DNa02_s2_c11_7000,"('lf', 'TrF', 'reductor')",0.0668513664175806,0.0
closed_G2_DNp09_DNa01_DNa02_s2_c11_7000,"('lh', 'CTr', 'extensor')",0.0097191950377903,0.0
closed_G2_DNp09_DNa01_DNa02_s2_c11_7000,"('lh', 'CTr', 'flexor')",0.03925802097162747,0.0
closed_G2_DNp09_DNa01_DNa02_s2_c11_7000,"('lh', 'FTi', 'extensor')",0.09210718109997872,0.0
closed_G2_DNp09_DNa01_DNa02_s2_c11_7000,"('lh', 'FTi', 'flexor')",0.005049444671371055,0.0
closed_G2_DNp09_DNa01_DNa02_s2_c11_7000,"('lh', 'ThC', 'adductor')",0.0,0.0
closed_G2_DNp09_DNa01_DNa02_s2_c11_7000,"('lh', 'ThC', 'remotor')",0.0,0.0
closed_G2_DNp09_DNa01_DNa02_s2_c11_7000,"('lh', 'ThC', 'rotator_ant')",0.0,0.0
closed_G2_DNp09_DNa01_DNa02_s2_c11_7000,"('lh', 'ThC', 'rotator_post')",0.0029999999999743357,0.0
closed_G2_DNp09_DNa01_DNa02_s2_c11_7000,"('lh', 'TiTa', 'depressor')",7.733456236943135e-10,0.0
closed_G2_DNp09_DNa01_DNa02_s2_c11_7000,"('lh', 'TiTa', 'levator')",0.0,0.0
closed_G2_DNp09_DNa01_DNa02_s2_c11_7000,"('lh', 'TrF', 'reductor')",0.039264012433203946,0.0
closed_G2_DNp09_DNa01_DNa02_s2_c11_7000,"('lm', 'CTr', 'extensor')",0.013166704428758504,0.0
closed_G2_DNp09_DNa01_DNa02_s2_c11_7000,"('lm', 'CTr', 'flexor')",0.01631125735049257,0.0
closed_G2_DNp09_DNa01_DNa02_s2_c11_7000,"('lm', 'FTi', 'extensor')",0.006874215466165863,0.0
closed_G2_DNp09_DNa01_DNa02_s2_c11_7000,"('lm', 'FTi', 'flexor')",0.008645849836471892,0.0
closed_G2_DNp09_DNa01_DNa02_s2_c11_7000,"('lm', 'ThC', 'remotor')",0.0,0.0
closed_G2_DNp09_DNa01_DNa02_s2_c11_7000,"('lm', 'ThC', 'rotator_ant')",0.003666666667817446,0.0
closed_G2_DNp09_DNa01_DNa02_s2_c11_7000,"('lm', 'ThC', 'rotator_post')",0.07151470253872377,0.0
closed_G2_DNp09_DNa01_DNa02_s2_c11_7000,"('lm', 'TiTa', 'depressor')",0.0,0.0
closed_G2_DNp09_DNa01_DNa02_s2_c11_7000,"('lm', 'TiTa', 'levator')",0.0,0.0
closed_G2_DNp09_DNa01_DNa02_s2_c11_7000,"('lm', 'TrF', 'reductor')",0.004614314804294279,0.0
closed_G2_DNp09_DNa01_DNa02_s2_c11_7000,"('rf', 'CTr', 'extensor')",0.05405845992236687,0.0
closed_G2_DNp09_DNa01_DNa02_s2_c11_7000,"('rf', 'CTr', 'flexor')",0.00415237199371838,0.0
closed_G2_DNp09_DNa01_DNa02_s2_c11_7000,"('rf', 'FTi', 'extensor')",0.049469750265216265,0.0
closed_G2_DNp09_DNa01_DNa02_s2_c11_7000,"('rf', 'FTi', 'flexor')",0.002604166705027696,0.0
closed_G2_DNp09_DNa01_DNa02_s2_c11_7000,"('rf', 'ThC', 'adductor')",0.0,0.0
closed_G2_DNp09_DNa01_DNa02_s2_c11_7000,"('rf', 'ThC', 'promotor')",0.0006666523221569934,0.0
closed_G2_DNp09_DNa01_DNa02_s2_c11_7000,"('rf', 'ThC', 'remotor')",0.1490849772061467,0.0
closed_G2_DNp09_DNa01_DNa02_s2_c11_7000,"('rf', 'ThC', 'rotator_ant')",0.0,0.0
closed_G2_DNp09_DNa01_DNa02_s2_c11_7000,"('rf', 'ThC', 'rotator_post')",0.1256987386867767,0.0
closed_G2_DNp09_DNa01_DNa02_s2_c11_7000,"('rf', 'TiTa', 'depressor')",0.0003846153846153848,0.0
closed_G2_DNp09_DNa01_DNa02_s2_c11_7000,"('rf', 'TiTa', 'levator')",0.0,0.0
closed_G2_DNp09_DNa01_DNa02_s2_c11_7000,"('rf', 'TrF', 'reductor')",0.024205577889141607,0.0
closed_G2_DNp09_DNa01_DNa02_s2_c11_7000,"('rh', 'CTr', 'extensor')",0.003895343572951947,0.0
closed_G2_DNp09_DNa01_DNa02_s2_c11_7000,"('rh', 'CTr', 'flexor')",0.0018368377672228818,0.0
closed_G2_DNp09_DNa01_DNa02_s2_c11_7000,"('rh', 'FTi', 'extensor')",0.02443365592860156,0.0
closed_G2_DNp09_DNa01_DNa02_s2_c11_7000,"('rh', 'FTi', 'flexor')",0.0013200845070585198,0.0
closed_G2_DNp09_DNa01_DNa02_s2_c11_7000,"('rh', 'ThC', 'adductor')",3.0766181087290126e-13,0.0
closed_G2_DNp09_DNa01_DNa02_s2_c11_7000,"('rh', 'ThC', 'remotor')",0.0,0.0
closed_G2_DNp09_DNa01_DNa02_s2_c11_7000,"('rh', 'ThC', 'rotator_ant')",0.006999930461682004,0.0
closed_G2_DNp09_DNa01_DNa02_s2_c11_7000,"('rh', 'ThC', 'rotator_post')",0.07828243808504595,0.0
closed_G2_DNp09_DNa01_DNa02_s2_c11_7000,"('rh', 'TiTa', 'depressor')",0.0003030303030303029,0.0
closed_G2_DNp09_DNa01_DNa02_s2_c11_7000,"('rh', 'TiTa', 'levator')",0.0,0.0
closed_G2_DNp09_DNa01_DNa02_s2_c11_7000,"('rh', 'TrF', 'reductor')",0.03676726718785351,0.0
closed_G2_DNp09_DNa01_DNa02_s2_c11_7000,"('rm', 'CTr', 'extensor')",0.0012500000003733234,0.0
closed_G2_DNp09_DNa01_DNa02_s2_c11_7000,"('rm', 'CTr', 'flexor')",0.0006667165976947836,0.0
closed_G2_DNp09_DNa01_DNa02_s2_c11_7000,"('rm', 'FTi', 'extensor')",0.039471436503968456,0.0
closed_G2_DNp09_DNa01_DNa02_s2_c11_7000,"('rm', 'FTi', 'flexor')",0.005155350851346754,0.0
closed_G2_DNp09_DNa01_DNa02_s2_c11_7000,"('rm', 'ThC', 'adductor')",0.0,0.0
closed_G2_DNp09_DNa01_DNa02_s2_c11_7000,"('rm', 'ThC', 'rotator_ant')",4.082424860054504e-11,0.0
closed_G2_DNp09_DNa01_DNa02_s2_c11_7000,"('rm', 'ThC', 'rotator_post')",0.08960100258834258,0.0
closed_G2_DNp09_DNa01_DNa02_s2_c11_7000,"('rm', 'TiTa', 'depressor')",0.00015151524870442485,0.0
closed_G2_DNp09_DNa01_DNa02_s2_c11_7000,"('rm', 'TiTa', 'levator')",0.0,0.0
closed_G2_DNp09_DNa01_DNa02_s2_c11_7000,"('rm', 'TrF', 'reductor')",0.04077773144896466,0.0
closed_G2_DNp09_DNa01_DNa02_s2_c11_7001,"('lf', 'CTr', 'extensor')",0.03136220911068517,0.0
closed_G2_DNp09_DNa01_DNa02_s2_c11_7001,"('lf', 'CTr', 'flexor')",0.003787877249488143,0.0
closed_G2_DNp09_DNa01_DNa02_s2_c11_7001,"('lf', 'FTi', 'extensor')",0.00566684882484882,0.0
closed_G2_DNp09_DNa01_DNa02_s2_c11_7001,"('lf', 'FTi', 'flexor')",0.005764377104504218,0.0
closed_G2_DNp09_DNa01_DNa02_s2_c11_7001,"('lf', 'ThC', 'adductor')",0.0,0.0
closed_G2_DNp09_DNa01_DNa02_s2_c11_7001,"('lf', 'ThC', 'promotor')",0.017999375999373797,0.0
closed_G2_DNp09_DNa01_DNa02_s2_c11_7001,"('lf', 'ThC', 'remotor')",0.06864370649087927,0.0
closed_G2_DNp09_DNa01_DNa02_s2_c11_7001,"('lf', 'ThC', 'rotator_ant')",0.0,0.0
closed_G2_DNp09_DNa01_DNa02_s2_c11_7001,"('lf', 'ThC', 'rotator_post')",0.02519939721307776,0.0
closed_G2_DNp09_DNa01_DNa02_s2_c11_7001,"('lf', 'TiTa', 'depressor')",0.0,0.0
closed_G2_DNp09_DNa01_DNa02_s2_c11_7001,"('lf', 'TiTa', 'levator')",0.0,0.0
closed_G2_DNp09_DNa01_DNa02_s2_c11_7001,"('lf', 'TrF', 'reductor')",0.04720391102970971,0.0
closed_G2_DNp09_DNa01_DNa02_s2_c11_7001,"('lh', 'CTr', 'extensor')",0.03004156672322762,0.0
closed_G2_DNp09_DNa01_DNa02_s2_c11_7001,"('lh', 'CTr', 'flexor')",0.00133283506306172,0.0
closed_G2_DNp09_DNa01_DNa02_s2_c11_7001,"('lh', 'FTi', 'extensor')",0.08260324160874756,0.0
closed_G2_DNp09_DNa01_DNa02_s2_c11_7001,"('lh', 'FTi', 'flexor')",0.005491703698206437,0.0
closed_G2_DNp09_DNa01_DNa02_s2_c11_7001,"('lh', 'ThC', 'adductor')",0.0,0.0
closed_G2_DNp09_DNa01_DNa02_s2_c11_7001,"('lh', 'ThC', 'remotor')",0.0,0.0
closed_G2_DNp09_DNa01_DNa02_s2_c11_7001,"('lh', 'ThC', 'rotator_ant')",0.0,0.0
closed_G2_DNp09_DNa01_DNa02_s2_c11_7001,"('lh', 'ThC', 'rotator_post')",0.007401764641382589,0.0
closed_G2_DNp09_DNa01_DNa02_s2_c11_7001,"('lh', 'TiTa', 'depressor')",0.00027777858634242026,0.0
closed_G2_DNp09_DNa01_DNa02_s2_c11_7001,"('lh', 'TiTa', 'levator')",0.0,0.0
closed_G2_DNp09_DNa01_DNa02_s2_c11_7001,"('lh', 'TrF', 'reductor')",0.03395236714112763,0.0
closed_G2_DNp09_DNa01_DNa02_s2_c11_7001,"('lm', 'CTr', 'extensor')",0.021143152612092472,0.0
closed_G2_DNp09_DNa01_DNa02_s2_c11_7001,"('lm', 'CTr', 'flexor')",0.01982081380108433,0.0
closed_G2_DNp09_DNa01_DNa02_s2_c11_7001,"('lm', 'FTi', 'extensor')",0.008974112078343541,0.0
closed_G2_DNp09_DNa01_DNa02_s2_c11_7001,"('lm', 'FTi', 'flexor')",0.008645930556172283,0.0
closed_G2_DNp09_DNa01_DNa02_s2_c11_7001,"('lm', 'ThC', 'remotor')",1.2913044904514477e-09,0.0
closed_G2_DNp09_DNa01_DNa02_s2_c11_7001,"('lm', 'ThC', 'rotator_ant')",1.944739891323428e-13,0.0
closed_G2_DNp09_DNa01_DNa02_s2_c11_7001,"('lm', 'ThC', 'rotator_post')",0.14459499456848018,0.0
closed_G2_DNp09_DNa01_DNa02_s2_c11_7001,"('lm', 'TiTa', 'depressor')",0.0,0.0
closed_G2_DNp09_DNa01_DNa02_s2_c11_7001,"('lm', 'TiTa', 'levator')",0.0,0.0
closed_G2_DNp09_DNa01_DNa02_s2_c11_7001,"('lm', 'TrF', 'reductor')",0.002000001559719248,0.0
closed_G2_DNp09_DNa01_DNa02_s2_c11_7001,"('rf', 'CTr', 'extensor')",0.02281962622210689,0.0
closed_G2_DNp09_DNa01_DNa02_s2_c11_7001,"('rf', 'CTr', 'flexor')",0.006582763290654644,0.0
closed_G2_DNp09_DNa01_DNa02_s2_c11_7001,"('rf', 'FTi', 'extensor')",0.06895438730973119,0.0
closed_G2_DNp09_DNa01_DNa02_s2_c11_7001,"('rf', 'FTi', 'flexor')",0.0009374970543472736,0.0
closed_G2_DNp09_DNa01_DNa02_s2_c11_7001,"('rf', 'ThC', 'adductor')",0.0,0.0
closed_G2_DNp09_DNa01_DNa02_s2_c11_7001,"('rf', 'ThC', 'promotor')",0.009717698328327041,0.0
closed_G2_DNp09_DNa01_DNa02_s2_c11_7001,"('rf', 'ThC', 'remotor')",0.08723835159589086,0.0
closed_G2_DNp09_DNa01_DNa02_s2_c11_7001,"('rf', 'ThC', 'rotator_ant')",5.540404420204357e-14,0.0
closed_G2_DNp09_DNa01_DNa02_s2_c11_7001,"('rf', 'ThC', 'rotator_post')",0.00692011780008736,0.0
closed_G2_DNp09_DNa01_DNa02_s2_c11_7001,"('rf', 'TiTa', 'depressor')",0.0,0.0
closed_G2_DNp09_DNa01_DNa02_s2_c11_7001,"('rf', 'TiTa', 'levator')",0.0,0.0
closed_G2_DNp09_DNa01_DNa02_s2_c11_7001,"('rf', 'TrF', 'reductor')",0.05729524713150498,0.0
closed_G2_DNp09_DNa01_DNa02_s2_c11_7001,"('rh', 'CTr', 'extensor')",0.007971314407295831,0.0
closed_G2_DNp09_DNa01_DNa02_s2_c11_7001,"('rh', 'CTr', 'flexor')",0.00033333333488344145,0.0
closed_G2_DNp09_DNa01_DNa02_s2_c11_7001,"('rh', 'FTi', 'extensor')",0.025965627431915758,0.0
closed_G2_DNp09_DNa01_DNa02_s2_c11_7001,"('rh', 'FTi', 'flexor')",0.000744793176762739,0.0
closed_G2_DNp09_DNa01_DNa02_s2_c11_7001,"('rh', 'ThC', 'adductor')",1.0853563721106311e-12,0.0
closed_G2_DNp09_DNa01_DNa02_s2_c11_7001,"('rh', 'ThC', 'remotor')",0.0,0.0
closed_G2_DNp09_DNa01_DNa02_s2_c11_7001,"('rh', 'ThC', 'rotator_ant')",0.0033037732994406323,0.0
closed_G2_DNp09_DNa01_DNa02_s2_c11_7001,"('rh', 'ThC', 'rotator_post')",0.06831811842290063,0.0
closed_G2_DNp09_DNa01_DNa02_s2_c11_7001,"('rh', 'TiTa', 'depressor')",0.00015151515130887446,0.0
closed_G2_DNp09_DNa01_DNa02_s2_c11_7001,"('rh', 'TiTa', 'levator')",0.0,0.0
closed_G2_DNp09_DNa01_DNa02_s2_c11_7001,"('rh', 'TrF', 'reductor')",0.043596374667344825,0.0
closed_G2_DNp09_DNa01_DNa02_s2_c11_7001,"('rm', 'CTr', 'extensor')",0.0026894387194314633,0.0
closed_G2_DNp09_DNa01_DNa02_s2_c11_7001,"('rm', 'CTr', 'flexor')",0.0004999997324058921,0.0
closed_G2_DNp09_DNa01_DNa02_s2_c11_7001,"('rm', 'FTi', 'extensor')",0.06858458834578021,0.0
closed_G2_DNp09_DNa01_DNa02_s2_c11_7001,"('rm', 'FTi', 'flexor')",0.007185854212408264,0.0
closed_G2_DNp09_DNa01_DNa02_s2_c11_7001,"('rm', 'ThC', 'adductor')",0.00033333347518350176,0.0
closed_G2_DNp09_DNa01_DNa02_s2_c11_7001,"('rm', 'ThC', 'rotator_ant')",0.0,0.0
closed_G2_DNp09_DNa01_DNa02_s2_c11_7001,"('rm', 'ThC', 'rotator_post')",0.20277044751486006,0.0
closed_G2_DNp09_DNa01_DNa02_s2_c11_7001,"('rm', 'TiTa', 'depressor')",0.0006059801611197636,0.0
closed_G2_DNp09_DNa01_DNa02_s2_c11_7001,"('rm', 'TiTa', 'levator')",0.0,0.0
closed_G2_DNp09_DNa01_DNa02_s2_c11_7001,"('rm', 'TrF', 'reductor')",0.03706396729531712,0.0
closed_G2_DNp09_DNa01_DNa02_s2_c11_7002,"('lf', 'CTr', 'extensor')",0.27477352893443546,0.0
closed_G2_DNp09_DNa01_DNa02_s2_c11_7002,"('lf', 'CTr', 'flexor')",5.435815490569598e-14,0.0
closed_G2_DNp09_DNa01_DNa02_s2_c11_7002,"('lf', 'FTi', 'extensor')",0.006000002507858545,0.0
closed_G2_DNp09_DNa01_DNa02_s2_c11_7002,"('lf', 'FTi', 'flexor')",0.01143621538428015,0.0
closed_G2_DNp09_DNa01_DNa02_s2_c11_7002,"('lf', 'ThC', 'adductor')",0.0003333333333333333,0.0
closed_G2_DNp09_DNa01_DNa02_s2_c11_7002,"('lf', 'ThC', 'promotor')",0.001000000000220414,0.0
closed_G2_DNp09_DNa01_DNa02_s2_c11_7002,"('lf', 'ThC', 'remotor')",0.19587271724802846,0.0
closed_G2_DNp09_DNa01_DNa02_s2_c11_7002,"('lf', 'ThC', 'rotator_ant')",0.0,0.0
closed_G2_DNp09_DNa01_DNa02_s2_c11_7002,"('lf', 'ThC', 'rotator_post')",0.22556229166260955,0.0
closed_G2_DNp09_DNa01_DNa02_s2_c11_7002,"('lf', 'TiTa', 'depressor')",0.0,0.0
closed_G2_DNp09_DNa01_DNa02_s2_c11_7002,"('lf', 'TiTa', 'levator')",0.0,0.0
closed_G2_DNp09_DNa01_DNa02_s2_c11_7002,"('lf', 'TrF', 'reductor')",0.015459606817720899,0.0
closed_G2_DNp09_DNa01_DNa02_s2_c11_7002,"('lh', 'CTr', 'extensor')",0.06350667740997482,0.0
closed_G2_DNp09_DNa01_DNa02_s2_c11_7002,"('lh', 'CTr', 'flexor')",0.016000032236132923,0.0
closed_G2_DNp09_DNa01_DNa02_s2_c11_7002,"('lh', 'FTi', 'extensor')",0.05949143082919206,0.0
closed_G2_DNp09_DNa01_DNa02_s2_c11_7002,"('lh', 'FTi', 'flexor')",0.010881024441623838,0.0
closed_G2_DNp09_DNa01_DNa02_s2_c11_7002,"('lh', 'ThC', 'adductor')",0.0,0.0
closed_G2_DNp09_DNa01_DNa02_s2_c11_7002,"('lh', 'ThC', 'remotor')",0.0,0.0
closed_G2_DNp09_DNa01_DNa02_s2_c11_7002,"('lh', 'ThC', 'rotator_ant')",0.0,0.0
closed_G2_DNp09_DNa01_DNa02_s2_c11_7002,"('lh', 'ThC', 'rotator_post')",0.028840159575631564,0.0
closed_G2_DNp09_DNa01_DNa02_s2_c11_7002,"('lh', 'TiTa', 'depressor')",0.00027777777777777274,0.0
closed_G2_DNp09_DNa01_DNa02_s2_c11_7002,"('lh', 'TiTa', 'levator')",0.0,0.0
closed_G2_DNp09_DNa01_DNa02_s2_c11_7002,"('lh', 'TrF', 'reductor')",0.02223846559719074,0.0
closed_G2_DNp09_DNa01_DNa02_s2_c11_7002,"('lm', 'CTr', 'extensor')",0.010390933071852017,0.0
closed_G2_DNp09_DNa01_DNa02_s2_c11_7002,"('lm', 'CTr', 'flexor')",0.014583304699017382,0.0
closed_G2_DNp09_DNa01_DNa02_s2_c11_7002,"('lm', 'FTi', 'extensor')",0.0069999456256522,0.0
closed_G2_DNp09_DNa01_DNa02_s2_c11_7002,"('lm', 'FTi', 'flexor')",0.007073784165006292,0.0
closed_G2_DNp09_DNa01_DNa02_s2_c11_7002,"('lm', 'ThC', 'remotor')",0.0,0.0
closed_G2_DNp09_DNa01_DNa02_s2_c11_7002,"('lm', 'ThC', 'rotator_ant')",1.0803788619398479e-13,0.0
closed_G2_DNp09_DNa01_DNa02_s2_c11_7002,"('lm', 'ThC', 'rotator_post')",0.12000814003392077,0.0
closed_G2_DNp09_DNa01_DNa02_s2_c11_7002,"('lm', 'TiTa', 'depressor')",0.0,0.0
closed_G2_DNp09_DNa01_DNa02_s2_c11_7002,"('lm', 'TiTa', 'levator')",0.0,0.0
closed_G2_DNp09_DNa01_DNa02_s2_c11_7002,"('lm', 'TrF', 'reductor')",0.004011816621652538,0.0
closed_G2_DNp09_DNa01_DNa02_s2_c11_7002,"('rf', 'CTr', 'extensor')",0.18039117270452093,0.0
closed_G2_DNp09_DNa01_DNa02_s2_c11_7002,"('rf', 'CTr', 'flexor')",0.001969698478295143,0.0
closed_G2_DNp09_DNa01_DNa02_s2_c11_7002,"('rf', 'FTi', 'extensor')",0.05207582778090252,0.0
closed_G2_DNp09_DNa01_DNa02_s2_c11_7002,"('rf', 'FTi', 'flexor')",0.0007068082440082917,0.0
closed_G2_DNp09_DNa01_DNa02_s2_c11_7002,"('rf', 'ThC', 'adductor')",0.0,0.0
closed_G2_DNp09_DNa01_DNa02_s2_c11_7002,"('rf', 'ThC', 'promotor')",0.0,0.0
closed_G2_DNp09_DNa01_DNa02_s2_c11_7002,"('rf', 'ThC', 'remotor')",0.21958274997258306,0.0
closed_G2_DNp09_DNa01_DNa02_s2_c11_7002,"('rf', 'ThC', 'rotator_ant')",0.0,0.0
closed_G2_DNp09_DNa01_DNa02_s2_c11_7002,"('rf', 'ThC', 'rotator_post')",0.2406086121079246,0.0
closed_G2_DNp09_DNa01_DNa02_s2_c11_7002,"('rf', 'TiTa', 'depressor')",0.0006390277451333361,0.0
closed_G2_DNp09_DNa01_DNa02_s2_c11_7002,"('rf', 'TiTa', 'levator')",0.0,0.0
closed_G2_DNp09_DNa01_DNa02_s2_c11_7002,"('rf', 'TrF', 'reductor')",0.0006111111111111106,0.0
closed_G2_DNp09_DNa01_DNa02_s2_c11_7002,"('rh', 'CTr', 'extensor')",0.0022899918001195556,0.0
closed_G2_DNp09_DNa01_DNa02_s2_c11_7002,"('rh', 'CTr', 'flexor')",0.010923039624255802,0.0
closed_G2_DNp09_DNa01_DNa02_s2_c11_7002,"('rh', 'FTi', 'extensor')",0.0029524583337622277,0.0
closed_G2_DNp09_DNa01_DNa02_s2_c11_7002,"('rh', 'FTi', 'flexor')",0.0002777777778034812,0.0
closed_G2_DNp09_DNa01_DNa02_s2_c11_7002,"('rh', 'ThC', 'adductor')",0.0,0.0
closed_G2_DNp09_DNa01_DNa02_s2_c11_7002,"('rh', 'ThC', 'remotor')",0.0,0.0
closed_G2_DNp09_DNa01_DNa02_s2_c11_7002,"('rh', 'ThC', 'rotator_ant')",0.0029997825525587586,0.0
closed_G2_DNp09_DNa01_DNa02_s2_c11_7002,"('rh', 'ThC', 'rotator_post')",0.08831481746876144,0.0
closed_G2_DNp09_DNa01_DNa02_s2_c11_7002,"('rh', 'TiTa', 'depressor')",0.0,0.0
closed_G2_DNp09_DNa01_DNa02_s2_c11_7002,"('rh', 'TiTa', 'levator')",0.0,0.0
closed_G2_DNp09_DNa01_DNa02_s2_c11_7002,"('rh', 'TrF', 'reductor')",0.011652925621558412,0.0
closed_G2_DNp09_DNa01_DNa02_s2_c11_7002,"('rm', 'CTr', 'extensor')",0.0016656118555258281,0.0
closed_G2_DNp09_DNa01_DNa02_s2_c11_7002,"('rm', 'CTr', 'flexor')",5.738762797676837e-07,0.0
closed_G2_DNp09_DNa01_DNa02_s2_c11_7002,"('rm', 'FTi', 'extensor')",0.048342114503345676,0.0
closed_G2_DNp09_DNa01_DNa02_s2_c11_7002,"('rm', 'FTi', 'flexor')",0.005195025257869831,0.0
closed_G2_DNp09_DNa01_DNa02_s2_c11_7002,"('rm', 'ThC', 'adductor')",0.0,0.0
closed_G2_DNp09_DNa01_DNa02_s2_c11_7002,"('rm', 'ThC', 'rotator_ant')",2.4660091046865834e-12,0.0
closed_G2_DNp09_DNa01_DNa02_s2_c11_7002,"('rm', 'ThC', 'rotator_post')",0.045447421301065695,0.0
closed_G2_DNp09_DNa01_DNa02_s2_c11_7002,"('rm', 'TiTa', 'depressor')",0.0,0.0
closed_G2_DNp09_DNa01_DNa02_s2_c11_7002,"('rm', 'TiTa', 'levator')",0.0,0.0
closed_G2_DNp09_DNa01_DNa02_s2_c11_7002,"('rm', 'TrF', 'reductor')",0.02725664896792867,0.0
closed_G2_DNp09_DNa01_DNa02_s2_c11_7003,"('lf', 'CTr', 'extensor')",0.10921486283030304,0.0
closed_G2_DNp09_DNa01_DNa02_s2_c11_7003,"('lf', 'CTr', 'flexor')",0.004545443610390012,0.0
closed_G2_DNp09_DNa01_DNa02_s2_c11_7003,"('lf', 'FTi', 'extensor')",0.0013333333333332945,0.0
closed_G2_DNp09_DNa01_DNa02_s2_c11_7003,"('lf', 'FTi', 'flexor')",0.007027821170247309,0.0
closed_G2_DNp09_DNa01_DNa02_s2_c11_7003,"('lf', 'ThC', 'adductor')",0.0,0.0
closed_G2_DNp09_DNa01_DNa02_s2_c11_7003,"('lf', 'ThC', 'promotor')",0.0003333333333333333,0.0
closed_G2_DNp09_DNa01_DNa02_s2_c11_7003,"('lf', 'ThC', 'remotor')",0.06287847860131415,0.0
closed_G2_DNp09_DNa01_DNa02_s2_c11_7003,"('lf', 'ThC', 'rotator_ant')",7.2410069553765346e-12,0.0
closed_G2_DNp09_DNa01_DNa02_s2_c11_7003,"('lf', 'ThC', 'rotator_post')",0.03568907934682109,0.0
closed_G2_DNp09_DNa01_DNa02_s2_c11_7003,"('lf', 'TiTa', 'depressor')",0.0,0.0
closed_G2_DNp09_DNa01_DNa02_s2_c11_7003,"('lf', 'TiTa', 'levator')",0.0,0.0
closed_G2_DNp09_DNa01_DNa02_s2_c11_7003,"('lf', 'TrF', 'reductor')",0.01823213975790431,0.0
closed_G2_DNp09_DNa01_DNa02_s2_c11_7003,"('lh', 'CTr', 'extensor')",0.018526111235150314,0.0
closed_G2_DNp09_DNa01_DNa02_s2_c11_7003,"('lh', 'CTr', 'flexor')",0.02438894974161824,0.0
closed_G2_DNp09_DNa01_DNa02_s2_c11_7003,"('lh', 'FTi', 'extensor')",0.06675125035606626,0.0
closed_G2_DNp09_DNa01_DNa02_s2_c11_7003,"('lh', 'FTi', 'flexor')",0.005995643467924389,0.0
closed_G2_DNp09_DNa01_DNa02_s2_c11_7003,"('lh', 'ThC', 'adductor')",1.4682261897012018e-13,0.0
closed_G2_DNp09_DNa01_DNa02_s2_c11_7003,"('lh', 'ThC', 'remotor')",0.0,0.0
closed_G2_DNp09_DNa01_DNa02_s2_c11_7003,"('lh', 'ThC', 'rotator_ant')",4.5323375409168576e-10,0.0
closed_G2_DNp09_DNa01_DNa02_s2_c11_7003,"('lh', 'ThC', 'rotator_post')",0.0016666666666666633,0.0
closed_G2_DNp09_DNa01_DNa02_s2_c11_7003,"('lh', 'TiTa', 'depressor')",2.4851789597418774e-10,0.0
closed_G2_DNp09_DNa01_DNa02_s2_c11_7003,"('lh', 'TiTa', 'levator')",0.0,0.0
closed_G2_DNp09_DNa01_DNa02_s2_c11_7003,"('lh', 'TrF', 'reductor')",0.02753208761161553,0.0
closed_G2_DNp09_DNa01_DNa02_s2_c11_7003,"('lm', 'CTr', 'extensor')",0.013299537914313663,0.0
closed_G2_DNp09_DNa01_DNa02_s2_c11_7003,"('lm', 'CTr', 'flexor')",0.02822335985491534,0.0
closed_G2_DNp09_DNa01_DNa02_s2_c11_7003,"('lm', 'FTi', 'extensor')",0.0042075617521272,0.0
closed_G2_DNp09_DNa01_DNa02_s2_c11_7003,"('lm', 'FTi', 'flexor')",0.004262900409345878,0.0
closed_G2_DNp09_DNa01_DNa02_s2_c11_7003,"('lm', 'ThC', 'remotor')",0.0003333333333333333,0.0
closed_G2_DNp09_DNa01_DNa02_s2_c11_7003,"('lm', 'ThC', 'rotator_ant')",5.00021498923443e-14,0.0
closed_G2_DNp09_DNa01_DNa02_s2_c11_7003,"('lm', 'ThC', 'rotator_post')",0.1484227161745035,0.0
closed_G2_DNp09_DNa01_DNa02_s2_c11_7003,"('lm', 'TiTa', 'depressor')",0.0,0.0
closed_G2_DNp09_DNa01_DNa02_s2_c11_7003,"('lm', 'TiTa', 'levator')",0.0,0.0
closed_G2_DNp09_DNa01_DNa02_s2_c11_7003,"('lm', 'TrF', 'reductor')",0.0008333335307630668,0.0
closed_G2_DNp09_DNa01_DNa02_s2_c11_7003,"('rf', 'CTr', 'extensor')",0.22208012794474963,0.0
closed_G2_DNp09_DNa01_DNa02_s2_c11_7003,"('rf', 'CTr', 'flexor')",0.00015151515151515152,0.0
closed_G2_DNp09_DNa01_DNa02_s2_c11_7003,"('rf', 'FTi', 'extensor')",0.06506752072494851,0.0
closed_G2_DNp09_DNa01_DNa02_s2_c11_7003,"('rf', 'FTi', 'flexor')",0.001250000046828024,0.0
closed_G2_DNp09_DNa01_DNa02_s2_c11_7003,"('rf', 'ThC', 'adductor')",0.0,0.0
closed_G2_DNp09_DNa01_DNa02_s2_c11_7003,"('rf', 'ThC', 'promotor')",0.0,0.0
closed_G2_DNp09_DNa01_DNa02_s2_c11_7003,"('rf', 'ThC', 'remotor')",0.16116099503834863,0.0
closed_G2_DNp09_DNa01_DNa02_s2_c11_7003,"('rf', 'ThC', 'rotator_ant')",0.0,0.0
closed_G2_DNp09_DNa01_DNa02_s2_c11_7003,"('rf', 'ThC', 'rotator_post')",0.15217631578047153,0.0
closed_G2_DNp09_DNa01_DNa02_s2_c11_7003,"('rf', 'TiTa', 'depressor')",0.0001282051282051282,0.0
closed_G2_DNp09_DNa01_DNa02_s2_c11_7003,"('rf', 'TiTa', 'levator')",0.0,0.0
closed_G2_DNp09_DNa01_DNa02_s2_c11_7003,"('rf', 'TrF', 'reductor')",0.0027777777777777796,0.0
closed_G2_DNp09_DNa01_DNa02_s2_c11_7003,"('rh', 'CTr', 'extensor')",0.02223012023869231,0.0
closed_G2_DNp09_DNa01_DNa02_s2_c11_7003,"('rh', 'CTr', 'flexor')",0.009335969057191057,0.0
closed_G2_DNp09_DNa01_DNa02_s2_c11_7003,"('rh', 'FTi', 'extensor')",0.0013333333344437569,0.0
closed_G2_DNp09_DNa01_DNa02_s2_c11_7003,"('rh', 'FTi', 'flexor')",9.259259260879234e-05,0.0
closed_G2_DNp09_DNa01_DNa02_s2_c11_7003,"('rh', 'ThC', 'adductor')",0.0,0.0
closed_G2_DNp09_DNa01_DNa02_s2_c11_7003,"('rh', 'ThC', 'remotor')",0.0,0.0
closed_G2_DNp09_DNa01_DNa02_s2_c11_7003,"('rh', 'ThC', 'rotator_ant')",0.0006666666666666661,0.0
closed_G2_DNp09_DNa01_DNa02_s2_c11_7003,"('rh', 'ThC', 'rotator_post')",0.10469481417608154,0.0
closed_G2_DNp09_DNa01_DNa02_s2_c11_7003,"('rh', 'TiTa', 'depressor')",0.00030303577636417087,0.0
closed_G2_DNp09_DNa01_DNa02_s2_c11_7003,"('rh', 'TiTa', 'levator')",0.0,0.0
closed_G2_DNp09_DNa01_DNa02_s2_c11_7003,"('rh', 'TrF', 'reductor')",0.014756658858543046,0.0
closed_G2_DNp09_DNa01_DNa02_s2_c11_7003,"('rm', 'CTr', 'extensor')",0.005583273639234258,0.0
closed_G2_DNp09_DNa01_DNa02_s2_c11_7003,"('rm', 'CTr', 'flexor')",3.0315959558426293e-12,0.0
closed_G2_DNp09_DNa01_DNa02_s2_c11_7003,"('rm', 'FTi', 'extensor')",0.06604232501489433,0.0
closed_G2_DNp09_DNa01_DNa02_s2_c11_7003,"('rm', 'FTi', 'flexor')",0.01348643655889057,0.0
closed_G2_DNp09_DNa01_DNa02_s2_c11_7003,"('rm', 'ThC', 'adductor')",0.0,0.0
closed_G2_DNp09_DNa01_DNa02_s2_c11_7003,"('rm', 'ThC', 'rotator_ant')",0.00033333421643005174,0.0
closed_G2_DNp09_DNa01_DNa02_s2_c11_7003,"('rm', 'ThC', 'rotator_post')",0.16044438217414703,0.0
closed_G2_DNp09_DNa01_DNa02_s2_c11_7003,"('rm', 'TiTa', 'depressor')",0.00045454546856031896,0.0
closed_G2_DNp09_DNa01_DNa02_s2_c11_7003,"('rm', 'TiTa', 'levator')",0.0,0.0
closed_G2_DNp09_DNa01_DNa02_s2_c11_7003,"('rm', 'TrF', 'reductor')",0.02715573787695014,0.0
closed_G2_DNp09_DNa01_DNa02_s2_c11_7004,"('lf', 'CTr', 'extensor')",0.08037944069715397,0.0
closed_G2_DNp09_DNa01_DNa02_s2_c11_7004,"('lf', 'CTr', 'flexor')",0.006221985487772304,0.0
closed_G2_DNp09_DNa01_DNa02_s2_c11_7004,"('lf', 'FTi', 'extensor')",0.0026666666665507463,0.0
closed_G2_DNp09_DNa01_DNa02_s2_c11_7004,"('lf', 'FTi', 'flexor')",0.009139282506493358,0.0
closed_G2_DNp09_DNa01_DNa02_s2_c11_7004,"('lf', 'ThC', 'adductor')",5.352767233442912e-11,0.0
closed_G2_DNp09_DNa01_DNa02_s2_c11_7004,"('lf', 'ThC', 'promotor')",0.0029999999998639383,0.0
closed_G2_DNp09_DNa01_DNa02_s2_c11_7004,"('lf', 'ThC', 'remotor')",0.06450783414236788,0.0
closed_G2_DNp09_DNa01_DNa02_s2_c11_7004,"('lf', 'ThC', 'rotator_ant')",8.896014218007014e-10,0.0
closed_G2_DNp09_DNa01_DNa02_s2_c11_7004,"('lf', 'ThC', 'rotator_post')",0.030343397268601198,0.0
closed_G2_DNp09_DNa01_DNa02_s2_c11_7004,"('lf', 'TiTa', 'depressor')",0.0,0.0
closed_G2_DNp09_DNa01_DNa02_s2_c11_7004,"('lf', 'TiTa', 'levator')",0.0,0.0
closed_G2_DNp09_DNa01_DNa02_s2_c11_7004,"('lf', 'TrF', 'reductor')",0.020176281838613246,0.0
closed_G2_DNp09_DNa01_DNa02_s2_c11_7004,"('lh', 'CTr', 'extensor')",0.01561435225471948,0.0
closed_G2_DNp09_DNa01_DNa02_s2_c11_7004,"('lh', 'CTr', 'flexor')",0.028947987766209868,0.0
closed_G2_DNp09_DNa01_DNa02_s2_c11_7004,"('lh', 'FTi', 'extensor')",0.07484480472498889,0.0
closed_G2_DNp09_DNa01_DNa02_s2_c11_7004,"('lh', 'FTi', 'flexor')",0.004587896972855541,0.0
closed_G2_DNp09_DNa01_DNa02_s2_c11_7004,"('lh', 'ThC', 'adductor')",0.0,0.0
closed_G2_DNp09_DNa01_DNa02_s2_c11_7004,"('lh', 'ThC', 'remotor')",0.0,0.0
closed_G2_DNp09_DNa01_DNa02_s2_c11_7004,"('lh', 'ThC', 'rotator_ant')",2.1501996042082025e-09,0.0
closed_G2_DNp09_DNa01_DNa02_s2_c11_7004,"('lh', 'ThC', 'rotator_post')",0.0023333323869731506,0.0
closed_G2_DNp09_DNa01_DNa02_s2_c11_7004,"('lh', 'TiTa', 'depressor')",0.0,0.0
closed_G2_DNp09_DNa01_DNa02_s2_c11_7004,"('lh', 'TiTa', 'levator')",0.0,0.0
closed_G2_DNp09_DNa01_DNa02_s2_c11_7004,"('lh', 'TrF', 'reductor')",0.029011246975955165,0.0
closed_G2_DNp09_DNa01_DNa02_s2_c11_7004,"('lm', 'CTr', 'extensor')",0.0033732883206968375,0.0
closed_G2_DNp09_DNa01_DNa02_s2_c11_7004,"('lm', 'CTr', 'flexor')",0.02707734358214278,0.0
closed_G2_DNp09_DNa01_DNa02_s2_c11_7004,"('lm', 'FTi', 'extensor')",0.003976778987159715,0.0
closed_G2_DNp09_DNa01_DNa02_s2_c11_7004,"('lm', 'FTi', 'flexor')",0.0032561928728726663,0.0
closed_G2_DNp09_DNa01_DNa02_s2_c11_7004,"('lm', 'ThC', 'remotor')",1.929693020974478e-10,0.0
closed_G2_DNp09_DNa01_DNa02_s2_c11_7004,"('lm', 'ThC', 'rotator_ant')",7.933708325755201e-14,0.0
closed_G2_DNp09_DNa01_DNa02_s2_c11_7004,"('lm', 'ThC', 'rotator_post')",0.12588105129237326,0.0
closed_G2_DNp09_DNa01_DNa02_s2_c11_7004,"('lm', 'TiTa', 'depressor')",0.0,0.0
closed_G2_DNp09_DNa01_DNa02_s2_c11_7004,"('lm', 'TiTa', 'levator')",0.0,0.0
closed_G2_DNp09_DNa01_DNa02_s2_c11_7004,"('lm', 'TrF', 'reductor')",0.00166687807562209,0.0
closed_G2_DNp09_DNa01_DNa02_s2_c11_7004,"('rf', 'CTr', 'extensor')",0.19096309842454992,0.0
closed_G2_DNp09_DNa01_DNa02_s2_c11_7004,"('rf', 'CTr', 'flexor')",0.0009090909090786163,0.0
closed_G2_DNp09_DNa01_DNa02_s2_c11_7004,"('rf', 'FTi', 'extensor')",0.06614163471222813,0.0
closed_G2_DNp09_DNa01_DNa02_s2_c11_7004,"('rf', 'FTi', 'flexor')",0.0022911379014078893,0.0
closed_G2_DNp09_DNa01_DNa02_s2_c11_7004,"('rf', 'ThC', 'adductor')",0.0,0.0
closed_G2_DNp09_DNa01_DNa02_s2_c11_7004,"('rf', 'ThC', 'promotor')",1.2299181139939997e-08,0.0
closed_G2_DNp09_DNa01_DNa02_s2_c11_7004,"('rf', 'ThC', 'remotor')",0.1628366435742141,0.0
closed_G2_DNp09_DNa01_DNa02_s2_c11_7004,"('rf', 'ThC', 'rotator_ant')",0.0,0.0
closed_G2_DNp09_DNa01_DNa02_s2_c11_7004,"('rf', 'ThC', 'rotator_post')",0.15047849271550717,0.0
closed_G2_DNp09_DNa01_DNa02_s2_c11_7004,"('rf', 'TiTa', 'depressor')",0.0001282051282051282,0.0
closed_G2_DNp09_DNa01_DNa02_s2_c11_7004,"('rf', 'TiTa', 'levator')",0.0,0.0
closed_G2_DNp09_DNa01_DNa02_s2_c11_7004,"('rf', 'TrF', 'reductor')",0.007331904806768199,0.0
closed_G2_DNp09_DNa01_DNa02_s2_c11_7004,"('rh', 'CTr', 'extensor')",0.014938513900974006,0.0
closed_G2_DNp09_DNa01_DNa02_s2_c11_7004,"('rh', 'CTr', 'flexor')",0.009666643735580462,0.0
closed_G2_DNp09_DNa01_DNa02_s2_c11_7004,"('rh', 'FTi', 'extensor')",0.0010091818019603098,0.0
closed_G2_DNp09_DNa01_DNa02_s2_c11_7004,"('rh', 'FTi', 'flexor')",0.00028107851226081177,0.0
closed_G2_DNp09_DNa01_DNa02_s2_c11_7004,"('rh', 'ThC', 'adductor')",0.0,0.0
closed_G2_DNp09_DNa01_DNa02_s2_c11_7004,"('rh', 'ThC', 'remotor')",0.0,0.0
closed_G2_DNp09_DNa01_DNa02_s2_c11_7004,"('rh', 'ThC', 'rotator_ant')",0.0003333319781713022,0.0
closed_G2_DNp09_DNa01_DNa02_s2_c11_7004,"('rh', 'ThC', 'rotator_post')",0.11552104218915882,0.0
closed_G2_DNp09_DNa01_DNa02_s2_c11_7004,"('rh', 'TiTa', 'depressor')",0.0,0.0
closed_G2_DNp09_DNa01_DNa02_s2_c11_7004,"('rh', 'TiTa', 'levator')",0.0,0.0
closed_G2_DNp09_DNa01_DNa02_s2_c11_7004,"('rh', 'TrF', 'reductor')",0.020445384345963803,0.0
closed_G2_DNp09_DNa01_DNa02_s2_c11_7004,"('rm', 'CTr', 'extensor')",0.003332977374444667,0.0
closed_G2_DNp09_DNa01_DNa02_s2_c11_7004,"('rm', 'CTr', 'flexor')",0.0004999999999999757,0.0
closed_G2_DNp09_DNa01_DNa02_s2_c11_7004,"('rm', 'FTi', 'extensor')",0.059096120237796236,0.0
closed_G2_DNp09_DNa01_DNa02_s2_c11_7004,"('rm', 'FTi', 'flexor')",0.0066408410963513295,0.0
closed_G2_DNp09_DNa01_DNa02_s2_c11_7004,"('rm', 'ThC', 'adductor')",0.0,0.0
closed_G2_DNp09_DNa01_DNa02_s2_c11_7004,"('rm', 'ThC', 'rotator_ant')",0.0,0.0
closed_G2_DNp09_DNa01_DNa02_s2_c11_7004,"('rm', 'ThC', 'rotator_post')",0.09512756114949,0.0
closed_G2_DNp09_DNa01_DNa02_s2_c11_7004,"('rm', 'TiTa', 'depressor')",3.860497094736617e-11,0.0
closed_G2_DNp09_DNa01_DNa02_s2_c11_7004,"('rm', 'TiTa', 'levator')",0.0,0.0
closed_G2_DNp09_DNa01_DNa02_s2_c11_7004,"('rm', 'TrF', 'reductor')",0.036397543148846676,0.0
closed_G3_top20_drive_s1_c00_7000,"('lf', 'CTr', 'extensor')",0.11808381556139072,0.0
closed_G3_top20_drive_s1_c00_7000,"('lf', 'CTr', 'flexor')",0.047432957142573534,0.0
closed_G3_top20_drive_s1_c00_7000,"('lf', 'FTi', 'extensor')",0.038153793282716106,0.0
closed_G3_top20_drive_s1_c00_7000,"('lf', 'FTi', 'flexor')",0.02203188341449368,0.0
closed_G3_top20_drive_s1_c00_7000,"('lf', 'ThC', 'adductor')",0.0,0.0
closed_G3_top20_drive_s1_c00_7000,"('lf', 'ThC', 'promotor')",0.26220594208511366,0.0
closed_G3_top20_drive_s1_c00_7000,"('lf', 'ThC', 'remotor')",0.01994303498614385,0.0
closed_G3_top20_drive_s1_c00_7000,"('lf', 'ThC', 'rotator_ant')",0.039292476733412594,0.0
closed_G3_top20_drive_s1_c00_7000,"('lf', 'ThC', 'rotator_post')",0.0369911378675251,0.0
closed_G3_top20_drive_s1_c00_7000,"('lf', 'TiTa', 'depressor')",0.0,0.0
closed_G3_top20_drive_s1_c00_7000,"('lf', 'TiTa', 'levator')",0.0,0.0
closed_G3_top20_drive_s1_c00_7000,"('lf', 'TrF', 'reductor')",0.11623745544581482,0.0
closed_G3_top20_drive_s1_c00_7000,"('lh', 'CTr', 'extensor')",0.08908523544040868,0.0
closed_G3_top20_drive_s1_c00_7000,"('lh', 'CTr', 'flexor')",0.1845022235482589,0.0
closed_G3_top20_drive_s1_c00_7000,"('lh', 'FTi', 'extensor')",0.2291201155700132,0.0
closed_G3_top20_drive_s1_c00_7000,"('lh', 'FTi', 'flexor')",0.021955878516424908,0.0
closed_G3_top20_drive_s1_c00_7000,"('lh', 'ThC', 'adductor')",0.06293569412031988,0.0
closed_G3_top20_drive_s1_c00_7000,"('lh', 'ThC', 'remotor')",0.0,0.0
closed_G3_top20_drive_s1_c00_7000,"('lh', 'ThC', 'rotator_ant')",0.0634160085587932,0.0
closed_G3_top20_drive_s1_c00_7000,"('lh', 'ThC', 'rotator_post')",0.11167779731614348,0.0
closed_G3_top20_drive_s1_c00_7000,"('lh', 'TiTa', 'depressor')",0.0,0.0
closed_G3_top20_drive_s1_c00_7000,"('lh', 'TiTa', 'levator')",0.0,0.0
closed_G3_top20_drive_s1_c00_7000,"('lh', 'TrF', 'reductor')",0.12364874942619165,0.0
closed_G3_top20_drive_s1_c00_7000,"('lm', 'CTr', 'extensor')",0.060700958010001735,0.0
closed_G3_top20_drive_s1_c00_7000,"('lm', 'CTr', 'flexor')",0.12263453557102245,0.0
closed_G3_top20_drive_s1_c00_7000,"('lm', 'FTi', 'extensor')",0.19857557402382953,0.0
closed_G3_top20_drive_s1_c00_7000,"('lm', 'FTi', 'flexor')",0.021919133374105008,0.0
closed_G3_top20_drive_s1_c00_7000,"('lm', 'ThC', 'remotor')",0.0,0.0
closed_G3_top20_drive_s1_c00_7000,"('lm', 'ThC', 'rotator_ant')",0.13959903988993963,0.0
closed_G3_top20_drive_s1_c00_7000,"('lm', 'ThC', 'rotator_post')",0.0,0.0
closed_G3_top20_drive_s1_c00_7000,"('lm', 'TiTa', 'depressor')",0.0,0.0
closed_G3_top20_drive_s1_c00_7000,"('lm', 'TiTa', 'levator')",0.0,0.0
closed_G3_top20_drive_s1_c00_7000,"('lm', 'TrF', 'reductor')",0.007986847483037478,0.0
closed_G3_top20_drive_s1_c00_7000,"('rf', 'CTr', 'extensor')",0.1253798657290973,0.0
closed_G3_top20_drive_s1_c00_7000,"('rf', 'CTr', 'flexor')",0.12244163317973138,0.0
closed_G3_top20_drive_s1_c00_7000,"('rf', 'FTi', 'extensor')",0.12165388653332421,0.0
closed_G3_top20_drive_s1_c00_7000,"('rf', 'FTi', 'flexor')",0.020770400581633923,0.0
closed_G3_top20_drive_s1_c00_7000,"('rf', 'ThC', 'adductor')",0.0,0.0
closed_G3_top20_drive_s1_c00_7000,"('rf', 'ThC', 'promotor')",0.20387060450940916,0.0
closed_G3_top20_drive_s1_c00_7000,"('rf', 'ThC', 'remotor')",0.06950180279467413,0.0
closed_G3_top20_drive_s1_c00_7000,"('rf', 'ThC', 'rotator_ant')",0.08481146264867401,0.0
closed_G3_top20_drive_s1_c00_7000,"('rf', 'ThC', 'rotator_post')",0.0003354144356722823,0.0
closed_G3_top20_drive_s1_c00_7000,"('rf', 'TiTa', 'depressor')",0.0001282051282051282,0.0
closed_G3_top20_drive_s1_c00_7000,"('rf', 'TiTa', 'levator')",0.0,0.0
closed_G3_top20_drive_s1_c00_7000,"('rf', 'TrF', 'reductor')",0.08974753764859304,0.0
closed_G3_top20_drive_s1_c00_7000,"('rh', 'CTr', 'extensor')",0.12232305540369216,0.0
closed_G3_top20_drive_s1_c00_7000,"('rh', 'CTr', 'flexor')",0.11566631128324717,0.0
closed_G3_top20_drive_s1_c00_7000,"('rh', 'FTi', 'extensor')",0.2259404612879341,0.0
closed_G3_top20_drive_s1_c00_7000,"('rh', 'FTi', 'flexor')",0.013026483634171512,0.0
closed_G3_top20_drive_s1_c00_7000,"('rh', 'ThC', 'adductor')",0.03580789011290122,0.0
closed_G3_top20_drive_s1_c00_7000,"('rh', 'ThC', 'remotor')",0.0,0.0
closed_G3_top20_drive_s1_c00_7000,"('rh', 'ThC', 'rotator_ant')",0.012931875700197222,0.0
closed_G3_top20_drive_s1_c00_7000,"('rh', 'ThC', 'rotator_post')",0.10460858237764034,0.0
closed_G3_top20_drive_s1_c00_7000,"('rh', 'TiTa', 'depressor')",0.0,0.0
closed_G3_top20_drive_s1_c00_7000,"('rh', 'TiTa', 'levator')",0.0,0.0
closed_G3_top20_drive_s1_c00_7000,"('rh', 'TrF', 'reductor')",0.12024414402550702,0.0
closed_G3_top20_drive_s1_c00_7000,"('rm', 'CTr', 'extensor')",0.023066652560572352,0.0
closed_G3_top20_drive_s1_c00_7000,"('rm', 'CTr', 'flexor')",0.11219615402386279,0.0
closed_G3_top20_drive_s1_c00_7000,"('rm', 'FTi', 'extensor')",0.2183668765850069,0.0
closed_G3_top20_drive_s1_c00_7000,"('rm', 'FTi', 'flexor')",0.018744499273877474,0.0
closed_G3_top20_drive_s1_c00_7000,"('rm', 'ThC', 'adductor')",0.0,0.0
closed_G3_top20_drive_s1_c00_7000,"('rm', 'ThC', 'rotator_ant')",0.09005871314795919,0.0
closed_G3_top20_drive_s1_c00_7000,"('rm', 'ThC', 'rotator_post')",0.03937438492690027,0.0
closed_G3_top20_drive_s1_c00_7000,"('rm', 'TiTa', 'depressor')",0.0,0.0
closed_G3_top20_drive_s1_c00_7000,"('rm', 'TiTa', 'levator')",0.0,0.0
closed_G3_top20_drive_s1_c00_7000,"('rm', 'TrF', 'reductor')",0.08675855877235296,0.0
closed_G3_top20_drive_s1_c00_7001,"('lf', 'CTr', 'extensor')",0.0893335872922414,0.0
closed_G3_top20_drive_s1_c00_7001,"('lf', 'CTr', 'flexor')",0.07955349421693875,0.0
closed_G3_top20_drive_s1_c00_7001,"('lf', 'FTi', 'extensor')",0.01997727699982125,0.0
closed_G3_top20_drive_s1_c00_7001,"('lf', 'FTi', 'flexor')",0.024612821649838277,0.0
closed_G3_top20_drive_s1_c00_7001,"('lf', 'ThC', 'adductor')",0.0,0.0
closed_G3_top20_drive_s1_c00_7001,"('lf', 'ThC', 'promotor')",0.2515846847389224,0.0
closed_G3_top20_drive_s1_c00_7001,"('lf', 'ThC', 'remotor')",0.0010000014330923822,0.0
closed_G3_top20_drive_s1_c00_7001,"('lf', 'ThC', 'rotator_ant')",0.10128250699464812,0.0
closed_G3_top20_drive_s1_c00_7001,"('lf', 'ThC', 'rotator_post')",0.010476058551723205,0.0
closed_G3_top20_drive_s1_c00_7001,"('lf', 'TiTa', 'depressor')",0.0,0.0
closed_G3_top20_drive_s1_c00_7001,"('lf', 'TiTa', 'levator')",0.0,0.0
closed_G3_top20_drive_s1_c00_7001,"('lf', 'TrF', 'reductor')",0.099899529954443,0.0
closed_G3_top20_drive_s1_c00_7001,"('lh', 'CTr', 'extensor')",0.13992748525396337,0.0
closed_G3_top20_drive_s1_c00_7001,"('lh', 'CTr', 'flexor')",0.15660842713381817,0.0
closed_G3_top20_drive_s1_c00_7001,"('lh', 'FTi', 'extensor')",0.23007447355036728,0.0
closed_G3_top20_drive_s1_c00_7001,"('lh', 'FTi', 'flexor')",0.02609553130500136,0.0
closed_G3_top20_drive_s1_c00_7001,"('lh', 'ThC', 'adductor')",0.03070850821834451,0.0
closed_G3_top20_drive_s1_c00_7001,"('lh', 'ThC', 'remotor')",0.0,0.0
closed_G3_top20_drive_s1_c00_7001,"('lh', 'ThC', 'rotator_ant')",0.03809769020771778,0.0
closed_G3_top20_drive_s1_c00_7001,"('lh', 'ThC', 'rotator_post')",0.09316349156571425,0.0
closed_G3_top20_drive_s1_c00_7001,"('lh', 'TiTa', 'depressor')",0.0,0.0
closed_G3_top20_drive_s1_c00_7001,"('lh', 'TiTa', 'levator')",0.0,0.0
closed_G3_top20_drive_s1_c00_7001,"('lh', 'TrF', 'reductor')",0.07599538767993581,0.0
closed_G3_top20_drive_s1_c00_7001,"('lm', 'CTr', 'extensor')",0.03653809594142233,0.0
closed_G3_top20_drive_s1_c00_7001,"('lm', 'CTr', 'flexor')",0.13025313568679867,0.0
closed_G3_top20_drive_s1_c00_7001,"('lm', 'FTi', 'extensor')",0.1837267999595496,0.0
closed_G3_top20_drive_s1_c00_7001,"('lm', 'FTi', 'flexor')",0.021804078877540198,0.0
closed_G3_top20_drive_s1_c00_7001,"('lm', 'ThC', 'remotor')",0.0,0.0
closed_G3_top20_drive_s1_c00_7001,"('lm', 'ThC', 'rotator_ant')",0.08109962119586338,0.0
closed_G3_top20_drive_s1_c00_7001,"('lm', 'ThC', 'rotator_post')",0.011002989195532723,0.0
closed_G3_top20_drive_s1_c00_7001,"('lm', 'TiTa', 'depressor')",0.0,0.0
closed_G3_top20_drive_s1_c00_7001,"('lm', 'TiTa', 'levator')",0.0,0.0
closed_G3_top20_drive_s1_c00_7001,"('lm', 'TrF', 'reductor')",0.008889003066007177,0.0
closed_G3_top20_drive_s1_c00_7001,"('rf', 'CTr', 'extensor')",0.08508706661860924,0.0
closed_G3_top20_drive_s1_c00_7001,"('rf', 'CTr', 'flexor')",0.12132222300176874,0.0
closed_G3_top20_drive_s1_c00_7001,"('rf', 'FTi', 'extensor')",0.11757805151854338,0.0
closed_G3_top20_drive_s1_c00_7001,"('rf', 'FTi', 'flexor')",0.027881853690254584,0.0
closed_G3_top20_drive_s1_c00_7001,"('rf', 'ThC', 'adductor')",0.0,0.0
closed_G3_top20_drive_s1_c00_7001,"('rf', 'ThC', 'promotor')",0.18457834961260688,0.0
closed_G3_top20_drive_s1_c00_7001,"('rf', 'ThC', 'remotor')",0.08702960493252529,0.0
closed_G3_top20_drive_s1_c00_7001,"('rf', 'ThC', 'rotator_ant')",0.03764875182247929,0.0
closed_G3_top20_drive_s1_c00_7001,"('rf', 'ThC', 'rotator_post')",0.039888318682295615,0.0
closed_G3_top20_drive_s1_c00_7001,"('rf', 'TiTa', 'depressor')",0.0,0.0
closed_G3_top20_drive_s1_c00_7001,"('rf', 'TiTa', 'levator')",0.0,0.0
closed_G3_top20_drive_s1_c00_7001,"('rf', 'TrF', 'reductor')",0.08945406943088915,0.0
closed_G3_top20_drive_s1_c00_7001,"('rh', 'CTr', 'extensor')",0.14588812554922653,0.0
closed_G3_top20_drive_s1_c00_7001,"('rh', 'CTr', 'flexor')",0.11182940495741167,0.0
closed_G3_top20_drive_s1_c00_7001,"('rh', 'FTi', 'extensor')",0.22712543994259837,0.0
closed_G3_top20_drive_s1_c00_7001,"('rh', 'FTi', 'flexor')",0.0156754785387858,0.0
closed_G3_top20_drive_s1_c00_7001,"('rh', 'ThC', 'adductor')",0.033590098217433195,0.0
closed_G3_top20_drive_s1_c00_7001,"('rh', 'ThC', 'remotor')",0.0,0.0
closed_G3_top20_drive_s1_c00_7001,"('rh', 'ThC', 'rotator_ant')",0.007983956367635794,0.0
closed_G3_top20_drive_s1_c00_7001,"('rh', 'ThC', 'rotator_post')",0.1286808649902762,0.0
closed_G3_top20_drive_s1_c00_7001,"('rh', 'TiTa', 'depressor')",0.0,0.0
closed_G3_top20_drive_s1_c00_7001,"('rh', 'TiTa', 'levator')",0.0,0.0
closed_G3_top20_drive_s1_c00_7001,"('rh', 'TrF', 'reductor')",0.13311732768346216,0.0
closed_G3_top20_drive_s1_c00_7001,"('rm', 'CTr', 'extensor')",0.014542412145929677,0.0
closed_G3_top20_drive_s1_c00_7001,"('rm', 'CTr', 'flexor')",0.11822744723280956,0.0
closed_G3_top20_drive_s1_c00_7001,"('rm', 'FTi', 'extensor')",0.2189030207990441,0.0
closed_G3_top20_drive_s1_c00_7001,"('rm', 'FTi', 'flexor')",0.020309449972383053,0.0
closed_G3_top20_drive_s1_c00_7001,"('rm', 'ThC', 'adductor')",0.0,0.0
closed_G3_top20_drive_s1_c00_7001,"('rm', 'ThC', 'rotator_ant')",0.05189929587593679,0.0
closed_G3_top20_drive_s1_c00_7001,"('rm', 'ThC', 'rotator_post')",0.07405252244986127,0.0
closed_G3_top20_drive_s1_c00_7001,"('rm', 'TiTa', 'depressor')",0.0,0.0
closed_G3_top20_drive_s1_c00_7001,"('rm', 'TiTa', 'levator')",0.0,0.0
closed_G3_top20_drive_s1_c00_7001,"('rm', 'TrF', 'reductor')",0.07468395090886998,0.0
closed_G3_top20_drive_s1_c00_7002,"('lf', 'CTr', 'extensor')",0.10428545027598878,0.0
closed_G3_top20_drive_s1_c00_7002,"('lf', 'CTr', 'flexor')",0.0604690769272443,0.0
closed_G3_top20_drive_s1_c00_7002,"('lf', 'FTi', 'extensor')",0.01560688338721898,0.0
closed_G3_top20_drive_s1_c00_7002,"('lf', 'FTi', 'flexor')",0.02648920846711349,0.0
closed_G3_top20_drive_s1_c00_7002,"('lf', 'ThC', 'adductor')",0.0,0.0
closed_G3_top20_drive_s1_c00_7002,"('lf', 'ThC', 'promotor')",0.24679216104258456,0.0
closed_G3_top20_drive_s1_c00_7002,"('lf', 'ThC', 'remotor')",0.0013333498293458918,0.0
closed_G3_top20_drive_s1_c00_7002,"('lf', 'ThC', 'rotator_ant')",0.10372732654319769,0.0
closed_G3_top20_drive_s1_c00_7002,"('lf', 'ThC', 'rotator_post')",0.0006705663364846662,0.0
closed_G3_top20_drive_s1_c00_7002,"('lf', 'TiTa', 'depressor')",0.0,0.0
closed_G3_top20_drive_s1_c00_7002,"('lf', 'TiTa', 'levator')",0.0,0.0
closed_G3_top20_drive_s1_c00_7002,"('lf', 'TrF', 'reductor')",0.10334042326058161,0.0
closed_G3_top20_drive_s1_c00_7002,"('lh', 'CTr', 'extensor')",0.15054180429913389,0.0
closed_G3_top20_drive_s1_c00_7002,"('lh', 'CTr', 'flexor')",0.15707131482204267,0.0
closed_G3_top20_drive_s1_c00_7002,"('lh', 'FTi', 'extensor')",0.2427159285968643,0.0
closed_G3_top20_drive_s1_c00_7002,"('lh', 'FTi', 'flexor')",0.03230994167310491,0.0
closed_G3_top20_drive_s1_c00_7002,"('lh', 'ThC', 'adductor')",0.02877899035987465,0.0
closed_G3_top20_drive_s1_c00_7002,"('lh', 'ThC', 'remotor')",0.0,0.0
closed_G3_top20_drive_s1_c00_7002,"('lh', 'ThC', 'rotator_ant')",0.04997538807032387,0.0
closed_G3_top20_drive_s1_c00_7002,"('lh', 'ThC', 'rotator_post')",0.09415123141366989,0.0
closed_G3_top20_drive_s1_c00_7002,"('lh', 'TiTa', 'depressor')",0.0,0.0
closed_G3_top20_drive_s1_c00_7002,"('lh', 'TiTa', 'levator')",0.0,0.0
closed_G3_top20_drive_s1_c00_7002,"('lh', 'TrF', 'reductor')",0.07665136569299397,0.0
closed_G3_top20_drive_s1_c00_7002,"('lm', 'CTr', 'extensor')",0.04765455691035469,0.0
closed_G3_top20_drive_s1_c00_7002,"('lm', 'CTr', 'flexor')",0.12819674255629715,0.0
closed_G3_top20_drive_s1_c00_7002,"('lm', 'FTi', 'extensor')",0.20246073050243132,0.0
closed_G3_top20_drive_s1_c00_7002,"('lm', 'FTi', 'flexor')",0.02351755328518496,0.0
closed_G3_top20_drive_s1_c00_7002,"('lm', 'ThC', 'remotor')",0.0,0.0
closed_G3_top20_drive_s1_c00_7002,"('lm', 'ThC', 'rotator_ant')",0.0906752365776226,0.0
closed_G3_top20_drive_s1_c00_7002,"('lm', 'ThC', 'rotator_post')",0.007178553660548341,0.0
closed_G3_top20_drive_s1_c00_7002,"('lm', 'TiTa', 'depressor')",0.0,0.0
closed_G3_top20_drive_s1_c00_7002,"('lm', 'TiTa', 'levator')",0.0,0.0
closed_G3_top20_drive_s1_c00_7002,"('lm', 'TrF', 'reductor')",0.005590795864033526,0.0
closed_G3_top20_drive_s1_c00_7002,"('rf', 'CTr', 'extensor')",0.07509764314642633,0.0
closed_G3_top20_drive_s1_c00_7002,"('rf', 'CTr', 'flexor')",0.12024941789822279,0.0
closed_G3_top20_drive_s1_c00_7002,"('rf', 'FTi', 'extensor')",0.12091593984099933,0.0
closed_G3_top20_drive_s1_c00_7002,"('rf', 'FTi', 'flexor')",0.021795010398360612,0.0
closed_G3_top20_drive_s1_c00_7002,"('rf', 'ThC', 'adductor')",0.0,0.0
closed_G3_top20_drive_s1_c00_7002,"('rf', 'ThC', 'promotor')",0.20054264614873643,0.0
closed_G3_top20_drive_s1_c00_7002,"('rf', 'ThC', 'remotor')",0.0702877343933523,0.0
closed_G3_top20_drive_s1_c00_7002,"('rf', 'ThC', 'rotator_ant')",0.0907629282839709,0.0
closed_G3_top20_drive_s1_c00_7002,"('rf', 'ThC', 'rotator_post')",1.6475122649367464e-07,0.0
closed_G3_top20_drive_s1_c00_7002,"('rf', 'TiTa', 'depressor')",0.00012820512820512788,0.0
closed_G3_top20_drive_s1_c00_7002,"('rf', 'TiTa', 'levator')",0.0,0.0
closed_G3_top20_drive_s1_c00_7002,"('rf', 'TrF', 'reductor')",0.08578382475790433,0.0
closed_G3_top20_drive_s1_c00_7002,"('rh', 'CTr', 'extensor')",0.1584129145572079,0.0
closed_G3_top20_drive_s1_c00_7002,"('rh', 'CTr', 'flexor')",0.10383037095978877,0.0
closed_G3_top20_drive_s1_c00_7002,"('rh', 'FTi', 'extensor')",0.22506405701767737,0.0
closed_G3_top20_drive_s1_c00_7002,"('rh', 'FTi', 'flexor')",0.011396079143396614,0.0
closed_G3_top20_drive_s1_c00_7002,"('rh', 'ThC', 'adductor')",0.03706971021573885,0.0
closed_G3_top20_drive_s1_c00_7002,"('rh', 'ThC', 'remotor')",0.0,0.0
closed_G3_top20_drive_s1_c00_7002,"('rh', 'ThC', 'rotator_ant')",0.017911346666394518,0.0
closed_G3_top20_drive_s1_c00_7002,"('rh', 'ThC', 'rotator_post')",0.10779413112775223,0.0
closed_G3_top20_drive_s1_c00_7002,"('rh', 'TiTa', 'depressor')",0.0,0.0
closed_G3_top20_drive_s1_c00_7002,"('rh', 'TiTa', 'levator')",0.0,0.0
closed_G3_top20_drive_s1_c00_7002,"('rh', 'TrF', 'reductor')",0.0896008053298922,0.0
closed_G3_top20_drive_s1_c00_7002,"('rm', 'CTr', 'extensor')",0.016385061293464367,0.0
closed_G3_top20_drive_s1_c00_7002,"('rm', 'CTr', 'flexor')",0.1108804676348556,0.0
closed_G3_top20_drive_s1_c00_7002,"('rm', 'FTi', 'extensor')",0.22241007669933194,0.0
closed_G3_top20_drive_s1_c00_7002,"('rm', 'FTi', 'flexor')",0.018573496883141704,0.0
closed_G3_top20_drive_s1_c00_7002,"('rm', 'ThC', 'adductor')",0.0,0.0
closed_G3_top20_drive_s1_c00_7002,"('rm', 'ThC', 'rotator_ant')",0.07417183004621285,0.0
closed_G3_top20_drive_s1_c00_7002,"('rm', 'ThC', 'rotator_post')",0.06389953682277956,0.0
closed_G3_top20_drive_s1_c00_7002,"('rm', 'TiTa', 'depressor')",0.0,0.0
closed_G3_top20_drive_s1_c00_7002,"('rm', 'TiTa', 'levator')",0.0,0.0
closed_G3_top20_drive_s1_c00_7002,"('rm', 'TrF', 'reductor')",0.07550368679223138,0.0
closed_G3_top20_drive_s1_c00_7003,"('lf', 'CTr', 'extensor')",0.04279140838603836,0.0
closed_G3_top20_drive_s1_c00_7003,"('lf', 'CTr', 'flexor')",0.08204352999527983,0.0
closed_G3_top20_drive_s1_c00_7003,"('lf', 'FTi', 'extensor')",0.045209561800020275,0.0
closed_G3_top20_drive_s1_c00_7003,"('lf', 'FTi', 'flexor')",0.02171462861195623,0.0
closed_G3_top20_drive_s1_c00_7003,"('lf', 'ThC', 'adductor')",0.0,0.0
closed_G3_top20_drive_s1_c00_7003,"('lf', 'ThC', 'promotor')",0.2612402864717557,0.0
closed_G3_top20_drive_s1_c00_7003,"('lf', 'ThC', 'remotor')",0.009665996530884383,0.0
closed_G3_top20_drive_s1_c00_7003,"('lf', 'ThC', 'rotator_ant')",0.03943390725189919,0.0
closed_G3_top20_drive_s1_c00_7003,"('lf', 'ThC', 'rotator_post')",0.03781238399729175,0.0
closed_G3_top20_drive_s1_c00_7003,"('lf', 'TiTa', 'depressor')",0.0,0.0
closed_G3_top20_drive_s1_c00_7003,"('lf', 'TiTa', 'levator')",0.0,0.0
closed_G3_top20_drive_s1_c00_7003,"('lf', 'TrF', 'reductor')",0.11547469331853097,0.0
closed_G3_top20_drive_s1_c00_7003,"('lh', 'CTr', 'extensor')",0.1004107667324195,0.0
closed_G3_top20_drive_s1_c00_7003,"('lh', 'CTr', 'flexor')",0.17411229152263355,0.0
closed_G3_top20_drive_s1_c00_7003,"('lh', 'FTi', 'extensor')",0.21623134285850168,0.0
closed_G3_top20_drive_s1_c00_7003,"('lh', 'FTi', 'flexor')",0.029585980554673947,0.0
closed_G3_top20_drive_s1_c00_7003,"('lh', 'ThC', 'adductor')",0.06690973635167421,0.0
closed_G3_top20_drive_s1_c00_7003,"('lh', 'ThC', 'remotor')",0.0,0.0
closed_G3_top20_drive_s1_c00_7003,"('lh', 'ThC', 'rotator_ant')",0.06672757883275628,0.0
closed_G3_top20_drive_s1_c00_7003,"('lh', 'ThC', 'rotator_post')",0.10840626695800828,0.0
closed_G3_top20_drive_s1_c00_7003,"('lh', 'TiTa', 'depressor')",0.0,0.0
closed_G3_top20_drive_s1_c00_7003,"('lh', 'TiTa', 'levator')",0.0,0.0
closed_G3_top20_drive_s1_c00_7003,"('lh', 'TrF', 'reductor')",0.12208593264766021,0.0
closed_G3_top20_drive_s1_c00_7003,"('lm', 'CTr', 'extensor')",0.04804246949681424,0.0
closed_G3_top20_drive_s1_c00_7003,"('lm', 'CTr', 'flexor')",0.12250841381636804,0.0
closed_G3_top20_drive_s1_c00_7003,"('lm', 'FTi', 'extensor')",0.18275634687665335,0.0
closed_G3_top20_drive_s1_c00_7003,"('lm', 'FTi', 'flexor')",0.02289354213141731,0.0
closed_G3_top20_drive_s1_c00_7003,"('lm', 'ThC', 'remotor')",0.0,0.0
closed_G3_top20_drive_s1_c00_7003,"('lm', 'ThC', 'rotator_ant')",0.11538854836772114,0.0
closed_G3_top20_drive_s1_c00_7003,"('lm', 'ThC', 'rotator_post')",0.0003357503890701648,0.0
closed_G3_top20_drive_s1_c00_7003,"('lm', 'TiTa', 'depressor')",0.0,0.0
closed_G3_top20_drive_s1_c00_7003,"('lm', 'TiTa', 'levator')",0.0,0.0
closed_G3_top20_drive_s1_c00_7003,"('lm', 'TrF', 'reductor')",0.008206820912795884,0.0
closed_G3_top20_drive_s1_c00_7003,"('rf', 'CTr', 'extensor')",0.029797339945046998,0.0
closed_G3_top20_drive_s1_c00_7003,"('rf', 'CTr', 'flexor')",0.13425904371820327,0.0
closed_G3_top20_drive_s1_c00_7003,"('rf', 'FTi', 'extensor')",0.12158263072512308,0.0
closed_G3_top20_drive_s1_c00_7003,"('rf', 'FTi', 'flexor')",0.02335206138603403,0.0
closed_G3_top20_drive_s1_c00_7003,"('rf', 'ThC', 'adductor')",0.0,0.0
closed_G3_top20_drive_s1_c00_7003,"('rf', 'ThC', 'promotor')",0.1867505640207562,0.0
closed_G3_top20_drive_s1_c00_7003,"('rf', 'ThC', 'remotor')",0.0641864166117166,0.0
closed_G3_top20_drive_s1_c00_7003,"('rf', 'ThC', 'rotator_ant')",0.062293668718600904,0.0
closed_G3_top20_drive_s1_c00_7003,"('rf', 'ThC', 'rotator_post')",0.0030000039641628197,0.0
closed_G3_top20_drive_s1_c00_7003,"('rf', 'TiTa', 'depressor')",0.0,0.0
closed_G3_top20_drive_s1_c00_7003,"('rf', 'TiTa', 'levator')",0.0,0.0
closed_G3_top20_drive_s1_c00_7003,"('rf', 'TrF', 'reductor')",0.09553633261116179,0.0
closed_G3_top20_drive_s1_c00_7003,"('rh', 'CTr', 'extensor')",0.15239440831590514,0.0
closed_G3_top20_drive_s1_c00_7003,"('rh', 'CTr', 'flexor')",0.11286199741815284,0.0
closed_G3_top20_drive_s1_c00_7003,"('rh', 'FTi', 'extensor')",0.2234165981492694,0.0
closed_G3_top20_drive_s1_c00_7003,"('rh', 'FTi', 'flexor')",0.010974552634750142,0.0
closed_G3_top20_drive_s1_c00_7003,"('rh', 'ThC', 'adductor')",0.04042105633198955,0.0
closed_G3_top20_drive_s1_c00_7003,"('rh', 'ThC', 'remotor')",0.0,0.0
closed_G3_top20_drive_s1_c00_7003,"('rh', 'ThC', 'rotator_ant')",0.025212066573868364,0.0
closed_G3_top20_drive_s1_c00_7003,"('rh', 'ThC', 'rotator_post')",0.11371073835595562,0.0
closed_G3_top20_drive_s1_c00_7003,"('rh', 'TiTa', 'depressor')",0.0,0.0
closed_G3_top20_drive_s1_c00_7003,"('rh', 'TiTa', 'levator')",0.0,0.0
closed_G3_top20_drive_s1_c00_7003,"('rh', 'TrF', 'reductor')",0.08947177343794618,0.0
closed_G3_top20_drive_s1_c00_7003,"('rm', 'CTr', 'extensor')",0.0139748226302802,0.0
closed_G3_top20_drive_s1_c00_7003,"('rm', 'CTr', 'flexor')",0.12528372899734608,0.0
closed_G3_top20_drive_s1_c00_7003,"('rm', 'FTi', 'extensor')",0.21711015200319392,0.0
closed_G3_top20_drive_s1_c00_7003,"('rm', 'FTi', 'flexor')",0.01974601952334191,0.0
closed_G3_top20_drive_s1_c00_7003,"('rm', 'ThC', 'adductor')",0.0,0.0
closed_G3_top20_drive_s1_c00_7003,"('rm', 'ThC', 'rotator_ant')",0.09425431700041363,0.0
closed_G3_top20_drive_s1_c00_7003,"('rm', 'ThC', 'rotator_post')",0.02815337957991833,0.0
closed_G3_top20_drive_s1_c00_7003,"('rm', 'TiTa', 'depressor')",0.0,0.0
closed_G3_top20_drive_s1_c00_7003,"('rm', 'TiTa', 'levator')",0.0,0.0
closed_G3_top20_drive_s1_c00_7003,"('rm', 'TrF', 'reductor')",0.07657170683967403,0.0
closed_G3_top20_drive_s1_c00_7004,"('lf', 'CTr', 'extensor')",0.06457704525819528,0.0
closed_G3_top20_drive_s1_c00_7004,"('lf', 'CTr', 'flexor')",0.07791011866582051,0.0
closed_G3_top20_drive_s1_c00_7004,"('lf', 'FTi', 'extensor')",0.03732418061490499,0.0
closed_G3_top20_drive_s1_c00_7004,"('lf', 'FTi', 'flexor')",0.023325952453642662,0.0
closed_G3_top20_drive_s1_c00_7004,"('lf', 'ThC', 'adductor')",0.0,0.0
closed_G3_top20_drive_s1_c00_7004,"('lf', 'ThC', 'promotor')",0.25983100323846714,0.0
closed_G3_top20_drive_s1_c00_7004,"('lf', 'ThC', 'remotor')",0.009865187433482595,0.0
closed_G3_top20_drive_s1_c00_7004,"('lf', 'ThC', 'rotator_ant')",0.0424461053553136,0.0
closed_G3_top20_drive_s1_c00_7004,"('lf', 'ThC', 'rotator_post')",0.03704076994097634,0.0
closed_G3_top20_drive_s1_c00_7004,"('lf', 'TiTa', 'depressor')",0.0,0.0
closed_G3_top20_drive_s1_c00_7004,"('lf', 'TiTa', 'levator')",0.0,0.0
closed_G3_top20_drive_s1_c00_7004,"('lf', 'TrF', 'reductor')",0.11343170405841338,0.0
closed_G3_top20_drive_s1_c00_7004,"('lh', 'CTr', 'extensor')",0.12852164686133952,0.0
closed_G3_top20_drive_s1_c00_7004,"('lh', 'CTr', 'flexor')",0.1411498397317193,0.0
closed_G3_top20_drive_s1_c00_7004,"('lh', 'FTi', 'extensor')",0.21639822770385297,0.0
closed_G3_top20_drive_s1_c00_7004,"('lh', 'FTi', 'flexor')",0.029617490051068843,0.0
closed_G3_top20_drive_s1_c00_7004,"('lh', 'ThC', 'adductor')",0.04290405225019818,0.0
closed_G3_top20_drive_s1_c00_7004,"('lh', 'ThC', 'remotor')",0.0,0.0
closed_G3_top20_drive_s1_c00_7004,"('lh', 'ThC', 'rotator_ant')",0.04453204623157829,0.0
closed_G3_top20_drive_s1_c00_7004,"('lh', 'ThC', 'rotator_post')",0.09307208801793034,0.0
closed_G3_top20_drive_s1_c00_7004,"('lh', 'TiTa', 'depressor')",0.0,0.0
closed_G3_top20_drive_s1_c00_7004,"('lh', 'TiTa', 'levator')",0.0,0.0
closed_G3_top20_drive_s1_c00_7004,"('lh', 'TrF', 'reductor')",0.08992385913077011,0.0
closed_G3_top20_drive_s1_c00_7004,"('lm', 'CTr', 'extensor')",0.04993151591754309,0.0
closed_G3_top20_drive_s1_c00_7004,"('lm', 'CTr', 'flexor')",0.12487975795524858,0.0
closed_G3_top20_drive_s1_c00_7004,"('lm', 'FTi', 'extensor')",0.17501936627843645,0.0
closed_G3_top20_drive_s1_c00_7004,"('lm', 'FTi', 'flexor')",0.024375523988164956,0.0
closed_G3_top20_drive_s1_c00_7004,"('lm', 'ThC', 'remotor')",0.0,0.0
closed_G3_top20_drive_s1_c00_7004,"('lm', 'ThC', 'rotator_ant')",0.12432777896849116,0.0
closed_G3_top20_drive_s1_c00_7004,"('lm', 'ThC', 'rotator_post')",0.0003333277302160188,0.0
closed_G3_top20_drive_s1_c00_7004,"('lm', 'TiTa', 'depressor')",0.0,0.0
closed_G3_top20_drive_s1_c00_7004,"('lm', 'TiTa', 'levator')",0.0,0.0
closed_G3_top20_drive_s1_c00_7004,"('lm', 'TrF', 'reductor')",0.008139829353003433,0.0
closed_G3_top20_drive_s1_c00_7004,"('rf', 'CTr', 'extensor')",0.03575042277091076,0.0
closed_G3_top20_drive_s1_c00_7004,"('rf', 'CTr', 'flexor')",0.1348046774262579,0.0
closed_G3_top20_drive_s1_c00_7004,"('rf', 'FTi', 'extensor')",0.11450908152088425,0.0
closed_G3_top20_drive_s1_c00_7004,"('rf', 'FTi', 'flexor')",0.025771047362381574,0.0
closed_G3_top20_drive_s1_c00_7004,"('rf', 'ThC', 'adductor')",0.0,0.0
closed_G3_top20_drive_s1_c00_7004,"('rf', 'ThC', 'promotor')",0.18140764236322185,0.0
closed_G3_top20_drive_s1_c00_7004,"('rf', 'ThC', 'remotor')",0.06539805137209515,0.0
closed_G3_top20_drive_s1_c00_7004,"('rf', 'ThC', 'rotator_ant')",0.059785792873089404,0.0
closed_G3_top20_drive_s1_c00_7004,"('rf', 'ThC', 'rotator_post')",0.003318732241289791,0.0
closed_G3_top20_drive_s1_c00_7004,"('rf', 'TiTa', 'depressor')",0.0,0.0
closed_G3_top20_drive_s1_c00_7004,"('rf', 'TiTa', 'levator')",0.0,0.0
closed_G3_top20_drive_s1_c00_7004,"('rf', 'TrF', 'reductor')",0.09343273652318701,0.0
closed_G3_top20_drive_s1_c00_7004,"('rh', 'CTr', 'extensor')",0.15840086840663054,0.0
closed_G3_top20_drive_s1_c00_7004,"('rh', 'CTr', 'flexor')",0.10225159940998804,0.0
closed_G3_top20_drive_s1_c00_7004,"('rh', 'FTi', 'extensor')",0.23030469592667793,0.0
closed_G3_top20_drive_s1_c00_7004,"('rh', 'FTi', 'flexor')",0.01536708125822366,0.0
closed_G3_top20_drive_s1_c00_7004,"('rh', 'ThC', 'adductor')",0.04157063777138369,0.0
closed_G3_top20_drive_s1_c00_7004,"('rh', 'ThC', 'remotor')",0.0,0.0
closed_G3_top20_drive_s1_c00_7004,"('rh', 'ThC', 'rotator_ant')",0.025235795920752438,0.0
closed_G3_top20_drive_s1_c00_7004,"('rh', 'ThC', 'rotator_post')",0.1281224315429886,0.0
closed_G3_top20_drive_s1_c00_7004,"('rh', 'TiTa', 'depressor')",0.0,0.0
closed_G3_top20_drive_s1_c00_7004,"('rh', 'TiTa', 'levator')",0.0,0.0
closed_G3_top20_drive_s1_c00_7004,"('rh', 'TrF', 'reductor')",0.11375400627527955,0.0
closed_G3_top20_drive_s1_c00_7004,"('rm', 'CTr', 'extensor')",0.01428222271444019,0.0
closed_G3_top20_drive_s1_c00_7004,"('rm', 'CTr', 'flexor')",0.11848866064649943,0.0
closed_G3_top20_drive_s1_c00_7004,"('rm', 'FTi', 'extensor')",0.21602038073116403,0.0
closed_G3_top20_drive_s1_c00_7004,"('rm', 'FTi', 'flexor')",0.020455878817733048,0.0
closed_G3_top20_drive_s1_c00_7004,"('rm', 'ThC', 'adductor')",0.0,0.0
closed_G3_top20_drive_s1_c00_7004,"('rm', 'ThC', 'rotator_ant')",0.07058655680547048,0.0
closed_G3_top20_drive_s1_c00_7004,"('rm', 'ThC', 'rotator_post')",0.052455805797265116,0.0
closed_G3_top20_drive_s1_c00_7004,"('rm', 'TiTa', 'depressor')",0.0,0.0
closed_G3_top20_drive_s1_c00_7004,"('rm', 'TiTa', 'levator')",0.0,0.0
closed_G3_top20_drive_s1_c00_7004,"('rm', 'TrF', 'reductor')",0.07350228714458201,0.0
closed_G3_top20_drive_s1_c01_7000,"('lf', 'CTr', 'extensor')",0.0819915714457902,0.0
closed_G3_top20_drive_s1_c01_7000,"('lf', 'CTr', 'flexor')",0.07151144194361973,0.0
closed_G3_top20_drive_s1_c01_7000,"('lf', 'FTi', 'extensor')",0.032931395659682026,0.0
closed_G3_top20_drive_s1_c01_7000,"('lf', 'FTi', 'flexor')",0.02312726110009639,0.0
closed_G3_top20_drive_s1_c01_7000,"('lf', 'ThC', 'adductor')",0.0,0.0
closed_G3_top20_drive_s1_c01_7000,"('lf', 'ThC', 'promotor')",0.25277583034031975,0.0
closed_G3_top20_drive_s1_c01_7000,"('lf', 'ThC', 'remotor')",0.0033333374622033945,0.0
closed_G3_top20_drive_s1_c01_7000,"('lf', 'ThC', 'rotator_ant')",0.07195644252353084,0.0
closed_G3_top20_drive_s1_c01_7000,"('lf', 'ThC', 'rotator_post')",0.01866666922836306,0.0
closed_G3_top20_drive_s1_c01_7000,"('lf', 'TiTa', 'depressor')",0.0,0.0
closed_G3_top20_drive_s1_c01_7000,"('lf', 'TiTa', 'levator')",0.0,0.0
closed_G3_top20_drive_s1_c01_7000,"('lf', 'TrF', 'reductor')",0.10381269478961741,0.0
closed_G3_top20_drive_s1_c01_7000,"('lh', 'CTr', 'extensor')",0.08430966809267122,0.0
closed_G3_top20_drive_s1_c01_7000,"('lh', 'CTr', 'flexor')",0.178342377006142,0.0
closed_G3_top20_drive_s1_c01_7000,"('lh', 'FTi', 'extensor')",0.21768318038272044,0.0
closed_G3_top20_drive_s1_c01_7000,"('lh', 'FTi', 'flexor')",0.019794905141642016,0.0
closed_G3_top20_drive_s1_c01_7000,"('lh', 'ThC', 'adductor')",0.05945784470526734,0.0
closed_G3_top20_drive_s1_c01_7000,"('lh', 'ThC', 'remotor')",0.0,0.0
closed_G3_top20_drive_s1_c01_7000,"('lh', 'ThC', 'rotator_ant')",0.05803191951737571,0.0
closed_G3_top20_drive_s1_c01_7000,"('lh', 'ThC', 'rotator_post')",0.11195143767849114,0.0
closed_G3_top20_drive_s1_c01_7000,"('lh', 'TiTa', 'depressor')",0.0,0.0
closed_G3_top20_drive_s1_c01_7000,"('lh', 'TiTa', 'levator')",0.0,0.0
closed_G3_top20_drive_s1_c01_7000,"('lh', 'TrF', 'reductor')",0.12293154408742483,0.0
closed_G3_top20_drive_s1_c01_7000,"('lm', 'CTr', 'extensor')",0.05035582549401204,0.0
closed_G3_top20_drive_s1_c01_7000,"('lm', 'CTr', 'flexor')",0.12097881208731985,0.0
closed_G3_top20_drive_s1_c01_7000,"('lm', 'FTi', 'extensor')",0.18311257517118876,0.0
closed_G3_top20_drive_s1_c01_7000,"('lm', 'FTi', 'flexor')",0.02457084958058572,0.0
closed_G3_top20_drive_s1_c01_7000,"('lm', 'ThC', 'remotor')",0.0,0.0
closed_G3_top20_drive_s1_c01_7000,"('lm', 'ThC', 'rotator_ant')",0.12049614347763035,0.0
closed_G3_top20_drive_s1_c01_7000,"('lm', 'ThC', 'rotator_post')",0.0,0.0
closed_G3_top20_drive_s1_c01_7000,"('lm', 'TiTa', 'depressor')",0.0,0.0
closed_G3_top20_drive_s1_c01_7000,"('lm', 'TiTa', 'levator')",0.0,0.0
closed_G3_top20_drive_s1_c01_7000,"('lm', 'TrF', 'reductor')",0.0118986526487069,0.0
closed_G3_top20_drive_s1_c01_7000,"('rf', 'CTr', 'extensor')",0.07714054311456509,0.0
closed_G3_top20_drive_s1_c01_7000,"('rf', 'CTr', 'flexor')",0.12314991193927492,0.0
closed_G3_top20_drive_s1_c01_7000,"('rf', 'FTi', 'extensor')",0.09613507908458443,0.0
closed_G3_top20_drive_s1_c01_7000,"('rf', 'FTi', 'flexor')",0.02839461863931911,0.0
closed_G3_top20_drive_s1_c01_7000,"('rf', 'ThC', 'adductor')",0.0,0.0
closed_G3_top20_drive_s1_c01_7000,"('rf', 'ThC', 'promotor')",0.17861512982306263,0.0
closed_G3_top20_drive_s1_c01_7000,"('rf', 'ThC', 'remotor')",0.07323741994891576,0.0
closed_G3_top20_drive_s1_c01_7000,"('rf', 'ThC', 'rotator_ant')",0.052916769414859136,0.0
closed_G3_top20_drive_s1_c01_7000,"('rf', 'ThC', 'rotator_post')",0.0080862087706857,0.0
closed_G3_top20_drive_s1_c01_7000,"('rf', 'TiTa', 'depressor')",0.0,0.0
closed_G3_top20_drive_s1_c01_7000,"('rf', 'TiTa', 'levator')",0.0,0.0
closed_G3_top20_drive_s1_c01_7000,"('rf', 'TrF', 'reductor')",0.08378441258033675,0.0
closed_G3_top20_drive_s1_c01_7000,"('rh', 'CTr', 'extensor')",0.13097731373518945,0.0
closed_G3_top20_drive_s1_c01_7000,"('rh', 'CTr', 'flexor')",0.11498154997267505,0.0
closed_G3_top20_drive_s1_c01_7000,"('rh', 'FTi', 'extensor')",0.22256546975215274,0.0
closed_G3_top20_drive_s1_c01_7000,"('rh', 'FTi', 'flexor')",0.012899588131180856,0.0
closed_G3_top20_drive_s1_c01_7000,"('rh', 'ThC', 'adductor')",0.031104607832651832,0.0
closed_G3_top20_drive_s1_c01_7000,"('rh', 'ThC', 'remotor')",0.0,0.0
closed_G3_top20_drive_s1_c01_7000,"('rh', 'ThC', 'rotator_ant')",0.0171189513868289,0.0
closed_G3_top20_drive_s1_c01_7000,"('rh', 'ThC', 'rotator_post')",0.1159907001209141,0.0
closed_G3_top20_drive_s1_c01_7000,"('rh', 'TiTa', 'depressor')",0.0,0.0
closed_G3_top20_drive_s1_c01_7000,"('rh', 'TiTa', 'levator')",0.0,0.0
closed_G3_top20_drive_s1_c01_7000,"('rh', 'TrF', 'reductor')",0.12617347532334644,0.0
closed_G3_top20_drive_s1_c01_7000,"('rm', 'CTr', 'extensor')",0.014379555986749696,0.0
closed_G3_top20_drive_s1_c01_7000,"('rm', 'CTr', 'flexor')",0.12487754373536433,0.0
closed_G3_top20_drive_s1_c01_7000,"('rm', 'FTi', 'extensor')",0.2121072222072058,0.0
closed_G3_top20_drive_s1_c01_7000,"('rm', 'FTi', 'flexor')",0.0163886070935781,0.0
closed_G3_top20_drive_s1_c01_7000,"('rm', 'ThC', 'adductor')",0.0,0.0
closed_G3_top20_drive_s1_c01_7000,"('rm', 'ThC', 'rotator_ant')",0.0877610108343417,0.0
closed_G3_top20_drive_s1_c01_7000,"('rm', 'ThC', 'rotator_post')",0.03727840339474276,0.0
closed_G3_top20_drive_s1_c01_7000,"('rm', 'TiTa', 'depressor')",0.0,0.0
closed_G3_top20_drive_s1_c01_7000,"('rm', 'TiTa', 'levator')",0.0,0.0
closed_G3_top20_drive_s1_c01_7000,"('rm', 'TrF', 'reductor')",0.08679223121804922,0.0
closed_G3_top20_drive_s1_c01_7001,"('lf', 'CTr', 'extensor')",0.08185242364785873,0.0
closed_G3_top20_drive_s1_c01_7001,"('lf', 'CTr', 'flexor')",0.07653596491158482,0.0
closed_G3_top20_drive_s1_c01_7001,"('lf', 'FTi', 'extensor')",0.021518845261082074,0.0
closed_G3_top20_drive_s1_c01_7001,"('lf', 'FTi', 'flexor')",0.0257630782856378,0.0
closed_G3_top20_drive_s1_c01_7001,"('lf', 'ThC', 'adductor')",0.0,0.0
closed_G3_top20_drive_s1_c01_7001,"('lf', 'ThC', 'promotor')",0.2546427641703373,0.0
closed_G3_top20_drive_s1_c01_7001,"('lf', 'ThC', 'remotor')",0.000666694400690103,0.0
closed_G3_top20_drive_s1_c01_7001,"('lf', 'ThC', 'rotator_ant')",0.10316722207201871,0.0
closed_G3_top20_drive_s1_c01_7001,"('lf', 'ThC', 'rotator_post')",0.00837325041845709,0.0
closed_G3_top20_drive_s1_c01_7001,"('lf', 'TiTa', 'depressor')",0.0,0.0
closed_G3_top20_drive_s1_c01_7001,"('lf', 'TiTa', 'levator')",0.0,0.0
closed_G3_top20_drive_s1_c01_7001,"('lf', 'TrF', 'reductor')",0.10071421639646878,0.0
closed_G3_top20_drive_s1_c01_7001,"('lh', 'CTr', 'extensor')",0.13797016513245133,0.0
closed_G3_top20_drive_s1_c01_7001,"('lh', 'CTr', 'flexor')",0.1593783074261523,0.0
closed_G3_top20_drive_s1_c01_7001,"('lh', 'FTi', 'extensor')",0.23313092440975616,0.0
closed_G3_top20_drive_s1_c01_7001,"('lh', 'FTi', 'flexor')",0.020150155082311837,0.0
closed_G3_top20_drive_s1_c01_7001,"('lh', 'ThC', 'adductor')",0.030371799692605637,0.0
closed_G3_top20_drive_s1_c01_7001,"('lh', 'ThC', 'remotor')",0.0,0.0
closed_G3_top20_drive_s1_c01_7001,"('lh', 'ThC', 'rotator_ant')",0.046619820092398706,0.0
closed_G3_top20_drive_s1_c01_7001,"('lh', 'ThC', 'rotator_post')",0.09128097570416058,0.0
closed_G3_top20_drive_s1_c01_7001,"('lh', 'TiTa', 'depressor')",0.0,0.0
closed_G3_top20_drive_s1_c01_7001,"('lh', 'TiTa', 'levator')",0.0,0.0
closed_G3_top20_drive_s1_c01_7001,"('lh', 'TrF', 'reductor')",0.07676811945719182,0.0
closed_G3_top20_drive_s1_c01_7001,"('lm', 'CTr', 'extensor')",0.04026387263625322,0.0
closed_G3_top20_drive_s1_c01_7001,"('lm', 'CTr', 'flexor')",0.13249952353860828,0.0
closed_G3_top20_drive_s1_c01_7001,"('lm', 'FTi', 'extensor')",0.18207588493285948,0.0
closed_G3_top20_drive_s1_c01_7001,"('lm', 'FTi', 'flexor')",0.02283047941171276,0.0
closed_G3_top20_drive_s1_c01_7001,"('lm', 'ThC', 'remotor')",0.0,0.0
closed_G3_top20_drive_s1_c01_7001,"('lm', 'ThC', 'rotator_ant')",0.08409576190579561,0.0
closed_G3_top20_drive_s1_c01_7001,"('lm', 'ThC', 'rotator_post')",0.01033350980887983,0.0
closed_G3_top20_drive_s1_c01_7001,"('lm', 'TiTa', 'depressor')",0.0,0.0
closed_G3_top20_drive_s1_c01_7001,"('lm', 'TiTa', 'levator')",0.0,0.0
closed_G3_top20_drive_s1_c01_7001,"('lm', 'TrF', 'reductor')",0.006500856435224421,0.0
closed_G3_top20_drive_s1_c01_7001,"('rf', 'CTr', 'extensor')",0.0874574524870288,0.0
closed_G3_top20_drive_s1_c01_7001,"('rf', 'CTr', 'flexor')",0.1212486280714196,0.0
closed_G3_top20_drive_s1_c01_7001,"('rf', 'FTi', 'extensor')",0.11431346123546356,0.0
closed_G3_top20_drive_s1_c01_7001,"('rf', 'FTi', 'flexor')",0.02858256655594551,0.0
closed_G3_top20_drive_s1_c01_7001,"('rf', 'ThC', 'adductor')",0.0,0.0
closed_G3_top20_drive_s1_c01_7001,"('rf', 'ThC', 'promotor')",0.176705667816965,0.0
closed_G3_top20_drive_s1_c01_7001,"('rf', 'ThC', 'remotor')",0.08796982678421499,0.0
closed_G3_top20_drive_s1_c01_7001,"('rf', 'ThC', 'rotator_ant')",0.038476110711940646,0.0
closed_G3_top20_drive_s1_c01_7001,"('rf', 'ThC', 'rotator_post')",0.03857025584984745,0.0
closed_G3_top20_drive_s1_c01_7001,"('rf', 'TiTa', 'depressor')",0.0,0.0
closed_G3_top20_drive_s1_c01_7001,"('rf', 'TiTa', 'levator')",0.0,0.0
closed_G3_top20_drive_s1_c01_7001,"('rf', 'TrF', 'reductor')",0.08526291650853823,0.0
closed_G3_top20_drive_s1_c01_7001,"('rh', 'CTr', 'extensor')",0.14395840682829875,0.0
closed_G3_top20_drive_s1_c01_7001,"('rh', 'CTr', 'flexor')",0.11160573385775223,0.0
closed_G3_top20_drive_s1_c01_7001,"('rh', 'FTi', 'extensor')",0.2317577664667814,0.0
closed_G3_top20_drive_s1_c01_7001,"('rh', 'FTi', 'flexor')",0.014633628160425474,0.0
closed_G3_top20_drive_s1_c01_7001,"('rh', 'ThC', 'adductor')",0.03280722169742713,0.0
closed_G3_top20_drive_s1_c01_7001,"('rh', 'ThC', 'remotor')",0.0,0.0
closed_G3_top20_drive_s1_c01_7001,"('rh', 'ThC', 'rotator_ant')",0.007950477998509928,0.0
closed_G3_top20_drive_s1_c01_7001,"('rh', 'ThC', 'rotator_post')",0.12648499266973418,0.0
closed_G3_top20_drive_s1_c01_7001,"('rh', 'TiTa', 'depressor')",0.0,0.0
closed_G3_top20_drive_s1_c01_7001,"('rh', 'TiTa', 'levator')",0.0,0.0
closed_G3_top20_drive_s1_c01_7001,"('rh', 'TrF', 'reductor')",0.1289921643070827,0.0
closed_G3_top20_drive_s1_c01_7001,"('rm', 'CTr', 'extensor')",0.014842308213450634,0.0
closed_G3_top20_drive_s1_c01_7001,"('rm', 'CTr', 'flexor')",0.12056934623394469,0.0
closed_G3_top20_drive_s1_c01_7001,"('rm', 'FTi', 'extensor')",0.21419676744139435,0.0
closed_G3_top20_drive_s1_c01_7001,"('rm', 'FTi', 'flexor')",0.019035318363856534,0.0
closed_G3_top20_drive_s1_c01_7001,"('rm', 'ThC', 'adductor')",0.0,0.0
closed_G3_top20_drive_s1_c01_7001,"('rm', 'ThC', 'rotator_ant')",0.04733731983954462,0.0
closed_G3_top20_drive_s1_c01_7001,"('rm', 'ThC', 'rotator_post')",0.07423279643219115,0.0
closed_G3_top20_drive_s1_c01_7001,"('rm', 'TiTa', 'depressor')",0.0,0.0
closed_G3_top20_drive_s1_c01_7001,"('rm', 'TiTa', 'levator')",0.0,0.0
closed_G3_top20_drive_s1_c01_7001,"('rm', 'TrF', 'reductor')",0.07917197289050905,0.0
closed_G3_top20_drive_s1_c01_7002,"('lf', 'CTr', 'extensor')",0.07393268467623078,0.0
closed_G3_top20_drive_s1_c01_7002,"('lf', 'CTr', 'flexor')",0.08648275557444568,0.0
closed_G3_top20_drive_s1_c01_7002,"('lf', 'FTi', 'extensor')",0.019875292683315286,0.0
closed_G3_top20_drive_s1_c01_7002,"('lf', 'FTi', 'flexor')",0.0267578824072088,0.0
closed_G3_top20_drive_s1_c01_7002,"('lf', 'ThC', 'adductor')",0.0,0.0
closed_G3_top20_drive_s1_c01_7002,"('lf', 'ThC', 'promotor')",0.25349692218297987,0.0
closed_G3_top20_drive_s1_c01_7002,"('lf', 'ThC', 'remotor')",9.425087695887507e-08,0.0
closed_G3_top20_drive_s1_c01_7002,"('lf', 'ThC', 'rotator_ant')",0.10559300382760999,0.0
closed_G3_top20_drive_s1_c01_7002,"('lf', 'ThC', 'rotator_post')",0.00034245052765354033,0.0
closed_G3_top20_drive_s1_c01_7002,"('lf', 'TiTa', 'depressor')",0.0,0.0
closed_G3_top20_drive_s1_c01_7002,"('lf', 'TiTa', 'levator')",0.0,0.0
closed_G3_top20_drive_s1_c01_7002,"('lf', 'TrF', 'reductor')",0.10015194472837413,0.0
closed_G3_top20_drive_s1_c01_7002,"('lh', 'CTr', 'extensor')",0.11875231053460887,0.0
closed_G3_top20_drive_s1_c01_7002,"('lh', 'CTr', 'flexor')",0.15442436997004197,0.0
closed_G3_top20_drive_s1_c01_7002,"('lh', 'FTi', 'extensor')",0.22767911682617653,0.0
closed_G3_top20_drive_s1_c01_7002,"('lh', 'FTi', 'flexor')",0.02864091742483986,0.0
closed_G3_top20_drive_s1_c01_7002,"('lh', 'ThC', 'adductor')",0.05704024781564831,0.0
closed_G3_top20_drive_s1_c01_7002,"('lh', 'ThC', 'remotor')",0.0,0.0
closed_G3_top20_drive_s1_c01_7002,"('lh', 'ThC', 'rotator_ant')",0.05988039134453025,0.0
closed_G3_top20_drive_s1_c01_7002,"('lh', 'ThC', 'rotator_post')",0.10722235962357672,0.0
closed_G3_top20_drive_s1_c01_7002,"('lh', 'TiTa', 'depressor')",0.0,0.0
closed_G3_top20_drive_s1_c01_7002,"('lh', 'TiTa', 'levator')",0.0,0.0
closed_G3_top20_drive_s1_c01_7002,"('lh', 'TrF', 'reductor')",0.11243904555617572,0.0
closed_G3_top20_drive_s1_c01_7002,"('lm', 'CTr', 'extensor')",0.04040489660086529,0.0
closed_G3_top20_drive_s1_c01_7002,"('lm', 'CTr', 'flexor')",0.13041874712860024,0.0
closed_G3_top20_drive_s1_c01_7002,"('lm', 'FTi', 'extensor')",0.19339161919632317,0.0
closed_G3_top20_drive_s1_c01_7002,"('lm', 'FTi', 'flexor')",0.025094413012381873,0.0
closed_G3_top20_drive_s1_c01_7002,"('lm', 'ThC', 'remotor')",0.0,0.0
closed_G3_top20_drive_s1_c01_7002,"('lm', 'ThC', 'rotator_ant')",0.08303673405527753,0.0
closed_G3_top20_drive_s1_c01_7002,"('lm', 'ThC', 'rotator_post')",0.0076012663200691125,0.0
closed_G3_top20_drive_s1_c01_7002,"('lm', 'TiTa', 'depressor')",0.0,0.0
closed_G3_top20_drive_s1_c01_7002,"('lm', 'TiTa', 'levator')",0.0,0.0
closed_G3_top20_drive_s1_c01_7002,"('lm', 'TrF', 'reductor')",0.009168363224144415,0.0
closed_G3_top20_drive_s1_c01_7002,"('rf', 'CTr', 'extensor')",0.035784654856531074,0.0
closed_G3_top20_drive_s1_c01_7002,"('rf', 'CTr', 'flexor')",0.12242134779211576,0.0
closed_G3_top20_drive_s1_c01_7002,"('rf', 'FTi', 'extensor')",0.10658157674262117,0.0
closed_G3_top20_drive_s1_c01_7002,"('rf', 'FTi', 'flexor')",0.024897607638352304,0.0
closed_G3_top20_drive_s1_c01_7002,"('rf', 'ThC', 'adductor')",0.0,0.0
closed_G3_top20_drive_s1_c01_7002,"('rf', 'ThC', 'promotor')",0.19800145423689733,0.0
closed_G3_top20_drive_s1_c01_7002,"('rf', 'ThC', 'remotor')",0.06649414085238284,0.0
closed_G3_top20_drive_s1_c01_7002,"('rf', 'ThC', 'rotator_ant')",0.09604942110757478,0.0
closed_G3_top20_drive_s1_c01_7002,"('rf', 'ThC', 'rotator_post')",6.682627258419679e-05,0.0
closed_G3_top20_drive_s1_c01_7002,"('rf', 'TiTa', 'depressor')",0.0,0.0
closed_G3_top20_drive_s1_c01_7002,"('rf', 'TiTa', 'levator')",0.0,0.0
closed_G3_top20_drive_s1_c01_7002,"('rf', 'TrF', 'reductor')",0.0804483024265522,0.0
closed_G3_top20_drive_s1_c01_7002,"('rh', 'CTr', 'extensor')",0.1482901642265207,0.0
closed_G3_top20_drive_s1_c01_7002,"('rh', 'CTr', 'flexor')",0.10660490263055836,0.0
closed_G3_top20_drive_s1_c01_7002,"('rh', 'FTi', 'extensor')",0.2262438435363329,0.0
closed_G3_top20_drive_s1_c01_7002,"('rh', 'FTi', 'flexor')",0.01256802505725255,0.0
closed_G3_top20_drive_s1_c01_7002,"('rh', 'ThC', 'adductor')",0.037640280523370054,0.0
closed_G3_top20_drive_s1_c01_7002,"('rh', 'ThC', 'remotor')",0.0,0.0
closed_G3_top20_drive_s1_c01_7002,"('rh', 'ThC', 'rotator_ant')",0.013582146982038749,0.0
closed_G3_top20_drive_s1_c01_7002,"('rh', 'ThC', 'rotator_post')",0.11887150535597155,0.0
closed_G3_top20_drive_s1_c01_7002,"('rh', 'TiTa', 'depressor')",0.0,0.0
closed_G3_top20_drive_s1_c01_7002,"('rh', 'TiTa', 'levator')",0.0,0.0
closed_G3_top20_drive_s1_c01_7002,"('rh', 'TrF', 'reductor')",0.11765768601276039,0.0
closed_G3_top20_drive_s1_c01_7002,"('rm', 'CTr', 'extensor')",0.008123352743994878,0.0
closed_G3_top20_drive_s1_c01_7002,"('rm', 'CTr', 'flexor')",0.11912533263780611,0.0
closed_G3_top20_drive_s1_c01_7002,"('rm', 'FTi', 'extensor')",0.20799063249776634,0.0
closed_G3_top20_drive_s1_c01_7002,"('rm', 'FTi', 'flexor')",0.017004446512530025,0.0
closed_G3_top20_drive_s1_c01_7002,"('rm', 'ThC', 'adductor')",0.0,0.0
closed_G3_top20_drive_s1_c01_7002,"('rm', 'ThC', 'rotator_ant')",0.057643494726095486,0.0
closed_G3_top20_drive_s1_c01_7002,"('rm', 'ThC', 'rotator_post')",0.06489787993276089,0.0
closed_G3_top20_drive_s1_c01_7002,"('rm', 'TiTa', 'depressor')",0.0,0.0
closed_G3_top20_drive_s1_c01_7002,"('rm', 'TiTa', 'levator')",0.0,0.0
closed_G3_top20_drive_s1_c01_7002,"('rm', 'TrF', 'reductor')",0.06877877130394329,0.0
closed_G3_top20_drive_s1_c01_7003,"('lf', 'CTr', 'extensor')",0.05267956529439005,0.0
closed_G3_top20_drive_s1_c01_7003,"('lf', 'CTr', 'flexor')",0.08333272864912564,0.0
closed_G3_top20_drive_s1_c01_7003,"('lf', 'FTi', 'extensor')",0.043970037560228104,0.0
closed_G3_top20_drive_s1_c01_7003,"('lf', 'FTi', 'flexor')",0.022390107523743367,0.0
closed_G3_top20_drive_s1_c01_7003,"('lf', 'ThC', 'adductor')",0.0,0.0
closed_G3_top20_drive_s1_c01_7003,"('lf', 'ThC', 'promotor')",0.2647812153059255,0.0
closed_G3_top20_drive_s1_c01_7003,"('lf', 'ThC', 'remotor')",0.00979833295667213,0.0
closed_G3_top20_drive_s1_c01_7003,"('lf', 'ThC', 'rotator_ant')",0.04530871165702736,0.0
closed_G3_top20_drive_s1_c01_7003,"('lf', 'ThC', 'rotator_post')",0.036767255448166676,0.0
closed_G3_top20_drive_s1_c01_7003,"('lf', 'TiTa', 'depressor')",0.0,0.0
closed_G3_top20_drive_s1_c01_7003,"('lf', 'TiTa', 'levator')",0.0,0.0
closed_G3_top20_drive_s1_c01_7003,"('lf', 'TrF', 'reductor')",0.11899402548997369,0.0
closed_G3_top20_drive_s1_c01_7003,"('lh', 'CTr', 'extensor')",0.09739861206336263,0.0
closed_G3_top20_drive_s1_c01_7003,"('lh', 'CTr', 'flexor')",0.17299417621611507,0.0
closed_G3_top20_drive_s1_c01_7003,"('lh', 'FTi', 'extensor')",0.22326362693548557,0.0
closed_G3_top20_drive_s1_c01_7003,"('lh', 'FTi', 'flexor')",0.025165517679758078,0.0
closed_G3_top20_drive_s1_c01_7003,"('lh', 'ThC', 'adductor')",0.0645703989955117,0.0
closed_G3_top20_drive_s1_c01_7003,"('lh', 'ThC', 'remotor')",0.0,0.0
closed_G3_top20_drive_s1_c01_7003,"('lh', 'ThC', 'rotator_ant')",0.06328661300616494,0.0
closed_G3_top20_drive_s1_c01_7003,"('lh', 'ThC', 'rotator_post')",0.10815012113548252,0.0
closed_G3_top20_drive_s1_c01_7003,"('lh', 'TiTa', 'depressor')",0.0,0.0
closed_G3_top20_drive_s1_c01_7003,"('lh', 'TiTa', 'levator')",0.0,0.0
closed_G3_top20_drive_s1_c01_7003,"('lh', 'TrF', 'reductor')",0.11821957397746787,0.0
closed_G3_top20_drive_s1_c01_7003,"('lm', 'CTr', 'extensor')",0.04269745076504345,0.0
closed_G3_top20_drive_s1_c01_7003,"('lm', 'CTr', 'flexor')",0.13025433195824673,0.0
closed_G3_top20_drive_s1_c01_7003,"('lm', 'FTi', 'extensor')",0.19633249439287995,0.0
closed_G3_top20_drive_s1_c01_7003,"('lm', 'FTi', 'flexor')",0.021643106169497606,0.0
closed_G3_top20_drive_s1_c01_7003,"('lm', 'ThC', 'remotor')",0.0,0.0
closed_G3_top20_drive_s1_c01_7003,"('lm', 'ThC', 'rotator_ant')",0.12228452887858143,0.0
closed_G3_top20_drive_s1_c01_7003,"('lm', 'ThC', 'rotator_post')",0.00133336072350553,0.0
closed_G3_top20_drive_s1_c01_7003,"('lm', 'TiTa', 'depressor')",0.0,0.0
closed_G3_top20_drive_s1_c01_7003,"('lm', 'TiTa', 'levator')",0.0,0.0
closed_G3_top20_drive_s1_c01_7003,"('lm', 'TrF', 'reductor')",0.00645106571484499,0.0
closed_G3_top20_drive_s1_c01_7003,"('rf', 'CTr', 'extensor')",0.028707832640523488,0.0
closed_G3_top20_drive_s1_c01_7003,"('rf', 'CTr', 'flexor')",0.1323839254347301,0.0
closed_G3_top20_drive_s1_c01_7003,"('rf', 'FTi', 'extensor')",0.11139398993824207,0.0
closed_G3_top20_drive_s1_c01_7003,"('rf', 'FTi', 'flexor')",0.023659013733835086,0.0
closed_G3_top20_drive_s1_c01_7003,"('rf', 'ThC', 'adductor')",0.0,0.0
closed_G3_top20_drive_s1_c01_7003,"('rf', 'ThC', 'promotor')",0.18353450631639642,0.0
closed_G3_top20_drive_s1_c01_7003,"('rf', 'ThC', 'remotor')",0.06372058491434258,0.0
closed_G3_top20_drive_s1_c01_7003,"('rf', 'ThC', 'rotator_ant')",0.06534369883037391,0.0
closed_G3_top20_drive_s1_c01_7003,"('rf', 'ThC', 'rotator_post')",0.0026666720693434625,0.0
closed_G3_top20_drive_s1_c01_7003,"('rf', 'TiTa', 'depressor')",0.0,0.0
closed_G3_top20_drive_s1_c01_7003,"('rf', 'TiTa', 'levator')",0.0,0.0
closed_G3_top20_drive_s1_c01_7003,"('rf', 'TrF', 'reductor')",0.0909626983806538,0.0
closed_G3_top20_drive_s1_c01_7003,"('rh', 'CTr', 'extensor')",0.1526417169321895,0.0
closed_G3_top20_drive_s1_c01_7003,"('rh', 'CTr', 'flexor')",0.11354434094235946,0.0
closed_G3_top20_drive_s1_c01_7003,"('rh', 'FTi', 'extensor')",0.221539240860634,0.0
closed_G3_top20_drive_s1_c01_7003,"('rh', 'FTi', 'flexor')",0.008760158626317974,0.0
closed_G3_top20_drive_s1_c01_7003,"('rh', 'ThC', 'adductor')",0.040250843247249,0.0
closed_G3_top20_drive_s1_c01_7003,"('rh', 'ThC', 'remotor')",0.0,0.0
closed_G3_top20_drive_s1_c01_7003,"('rh', 'ThC', 'rotator_ant')",0.025300226899378785,0.0
closed_G3_top20_drive_s1_c01_7003,"('rh', 'ThC', 'rotator_post')",0.1200799418570656,0.0
closed_G3_top20_drive_s1_c01_7003,"('rh', 'TiTa', 'depressor')",0.0,0.0
closed_G3_top20_drive_s1_c01_7003,"('rh', 'TiTa', 'levator')",0.0,0.0
closed_G3_top20_drive_s1_c01_7003,"('rh', 'TrF', 'reductor')",0.09325378961530735,0.0
closed_G3_top20_drive_s1_c01_7003,"('rm', 'CTr', 'extensor')",0.011673425666593996,0.0
closed_G3_top20_drive_s1_c01_7003,"('rm', 'CTr', 'flexor')",0.1274095868427211,0.0
closed_G3_top20_drive_s1_c01_7003,"('rm', 'FTi', 'extensor')",0.20947301890117034,0.0
closed_G3_top20_drive_s1_c01_7003,"('rm', 'FTi', 'flexor')",0.01677872051761075,0.0
closed_G3_top20_drive_s1_c01_7003,"('rm', 'ThC', 'adductor')",0.0,0.0
closed_G3_top20_drive_s1_c01_7003,"('rm', 'ThC', 'rotator_ant')",0.0812379785174598,0.0
closed_G3_top20_drive_s1_c01_7003,"('rm', 'ThC', 'rotator_post')",0.03791889660676893,0.0
closed_G3_top20_drive_s1_c01_7003,"('rm', 'TiTa', 'depressor')",0.0,0.0
closed_G3_top20_drive_s1_c01_7003,"('rm', 'TiTa', 'levator')",0.0,0.0
closed_G3_top20_drive_s1_c01_7003,"('rm', 'TrF', 'reductor')",0.07155510094449781,0.0
closed_G3_top20_drive_s1_c01_7004,"('lf', 'CTr', 'extensor')",0.06409411166257993,0.0
closed_G3_top20_drive_s1_c01_7004,"('lf', 'CTr', 'flexor')",0.0878391648307073,0.0
closed_G3_top20_drive_s1_c01_7004,"('lf', 'FTi', 'extensor')",0.04984970942043827,0.0
closed_G3_top20_drive_s1_c01_7004,"('lf', 'FTi', 'flexor')",0.021709665950938473,0.0
closed_G3_top20_drive_s1_c01_7004,"('lf', 'ThC', 'adductor')",0.0,0.0
closed_G3_top20_drive_s1_c01_7004,"('lf', 'ThC', 'promotor')",0.26621880958005756,0.0
closed_G3_top20_drive_s1_c01_7004,"('lf', 'ThC', 'remotor')",0.00855242736496904,0.0
closed_G3_top20_drive_s1_c01_7004,"('lf', 'ThC', 'rotator_ant')",0.04050092798233222,0.0
closed_G3_top20_drive_s1_c01_7004,"('lf', 'ThC', 'rotator_post')",0.033052886384045174,0.0
closed_G3_top20_drive_s1_c01_7004,"('lf', 'TiTa', 'depressor')",0.0,0.0
closed_G3_top20_drive_s1_c01_7004,"('lf', 'TiTa', 'levator')",0.0,0.0
closed_G3_top20_drive_s1_c01_7004,"('lf', 'TrF', 'reductor')",0.11516911751313065,0.0
closed_G3_top20_drive_s1_c01_7004,"('lh', 'CTr', 'extensor')",0.09084389784053953,0.0
closed_G3_top20_drive_s1_c01_7004,"('lh', 'CTr', 'flexor')",0.18382832934970106,0.0
closed_G3_top20_drive_s1_c01_7004,"('lh', 'FTi', 'extensor')",0.22034626257483228,0.0
closed_G3_top20_drive_s1_c01_7004,"('lh', 'FTi', 'flexor')",0.02302808479436694,0.0
closed_G3_top20_drive_s1_c01_7004,"('lh', 'ThC', 'adductor')",0.06162414244073194,0.0
closed_G3_top20_drive_s1_c01_7004,"('lh', 'ThC', 'remotor')",0.0,0.0
closed_G3_top20_drive_s1_c01_7004,"('lh', 'ThC', 'rotator_ant')",0.05987181353118661,0.0
closed_G3_top20_drive_s1_c01_7004,"('lh', 'ThC', 'rotator_post')",0.1118265916288965,0.0
closed_G3_top20_drive_s1_c01_7004,"('lh', 'TiTa', 'depressor')",0.0,0.0
closed_G3_top20_drive_s1_c01_7004,"('lh', 'TiTa', 'levator')",0.0,0.0
closed_G3_top20_drive_s1_c01_7004,"('lh', 'TrF', 'reductor')",0.12467216834355671,0.0
closed_G3_top20_drive_s1_c01_7004,"('lm', 'CTr', 'extensor')",0.05376160474970295,0.0
closed_G3_top20_drive_s1_c01_7004,"('lm', 'CTr', 'flexor')",0.12465309517404007,0.0
closed_G3_top20_drive_s1_c01_7004,"('lm', 'FTi', 'extensor')",0.18744336782489382,0.0
closed_G3_top20_drive_s1_c01_7004,"('lm', 'FTi', 'flexor')",0.025794435968143566,0.0
closed_G3_top20_drive_s1_c01_7004,"('lm', 'ThC', 'remotor')",0.0,0.0
closed_G3_top20_drive_s1_c01_7004,"('lm', 'ThC', 'rotator_ant')",0.1210409865124099,0.0
closed_G3_top20_drive_s1_c01_7004,"('lm', 'ThC', 'rotator_post')",0.0016666710792166244,0.0
closed_G3_top20_drive_s1_c01_7004,"('lm', 'TiTa', 'depressor')",0.0,0.0
closed_G3_top20_drive_s1_c01_7004,"('lm', 'TiTa', 'levator')",0.0,0.0
closed_G3_top20_drive_s1_c01_7004,"('lm', 'TrF', 'reductor')",0.00694349866063765,0.0
closed_G3_top20_drive_s1_c01_7004,"('rf', 'CTr', 'extensor')",0.038358420637930386,0.0
closed_G3_top20_drive_s1_c01_7004,"('rf', 'CTr', 'flexor')",0.13155913017385912,0.0
closed_G3_top20_drive_s1_c01_7004,"('rf', 'FTi', 'extensor')",0.1118290413366634,0.0
closed_G3_top20_drive_s1_c01_7004,"('rf', 'FTi', 'flexor')",0.025573600266025044,0.0
closed_G3_top20_drive_s1_c01_7004,"('rf', 'ThC', 'adductor')",0.0,0.0
closed_G3_top20_drive_s1_c01_7004,"('rf', 'ThC', 'promotor')",0.18486272485070146,0.0
closed_G3_top20_drive_s1_c01_7004,"('rf', 'ThC', 'remotor')",0.06601159418205109,0.0
closed_G3_top20_drive_s1_c01_7004,"('rf', 'ThC', 'rotator_ant')",0.06328588590562746,0.0
closed_G3_top20_drive_s1_c01_7004,"('rf', 'ThC', 'rotator_post')",0.002655372208264887,0.0
closed_G3_top20_drive_s1_c01_7004,"('rf', 'TiTa', 'depressor')",0.0,0.0
closed_G3_top20_drive_s1_c01_7004,"('rf', 'TiTa', 'levator')",0.0,0.0
closed_G3_top20_drive_s1_c01_7004,"('rf', 'TrF', 'reductor')",0.09378706543263904,0.0
closed_G3_top20_drive_s1_c01_7004,"('rh', 'CTr', 'extensor')",0.15274232546704805,0.0
closed_G3_top20_drive_s1_c01_7004,"('rh', 'CTr', 'flexor')",0.10585189809377642,0.0
closed_G3_top20_drive_s1_c01_7004,"('rh', 'FTi', 'extensor')",0.22643803120896958,0.0
closed_G3_top20_drive_s1_c01_7004,"('rh', 'FTi', 'flexor')",0.013890629326475263,0.0
closed_G3_top20_drive_s1_c01_7004,"('rh', 'ThC', 'adductor')",0.040426260246610855,0.0
closed_G3_top20_drive_s1_c01_7004,"('rh', 'ThC', 'remotor')",0.0,0.0
closed_G3_top20_drive_s1_c01_7004,"('rh', 'ThC', 'rotator_ant')",0.022302208765188767,0.0
closed_G3_top20_drive_s1_c01_7004,"('rh', 'ThC', 'rotator_post')",0.11399558962930058,0.0
closed_G3_top20_drive_s1_c01_7004,"('rh', 'TiTa', 'depressor')",0.0,0.0
closed_G3_top20_drive_s1_c01_7004,"('rh', 'TiTa', 'levator')",0.0,0.0
closed_G3_top20_drive_s1_c01_7004,"('rh', 'TrF', 'reductor')",0.11346842938771488,0.0
closed_G3_top20_drive_s1_c01_7004,"('rm', 'CTr', 'extensor')",0.008992191572907017,0.0
closed_G3_top20_drive_s1_c01_7004,"('rm', 'CTr', 'flexor')",0.1314945719531177,0.0
closed_G3_top20_drive_s1_c01_7004,"('rm', 'FTi', 'extensor')",0.21856441984687328,0.0
closed_G3_top20_drive_s1_c01_7004,"('rm', 'FTi', 'flexor')",0.01861832607150369,0.0
closed_G3_top20_drive_s1_c01_7004,"('rm', 'ThC', 'adductor')",0.0,0.0
closed_G3_top20_drive_s1_c01_7004,"('rm', 'ThC', 'rotator_ant')",0.04732544004780729,0.0
closed_G3_top20_drive_s1_c01_7004,"('rm', 'ThC', 'rotator_post')",0.07098594525082283,0.0
closed_G3_top20_drive_s1_c01_7004,"('rm', 'TiTa', 'depressor')",0.0,0.0
closed_G3_top20_drive_s1_c01_7004,"('rm', 'TiTa', 'levator')",0.0,0.0
closed_G3_top20_drive_s1_c01_7004,"('rm', 'TrF', 'reductor')",0.07127330867927732,0.0
closed_G3_top20_drive_s1_c10_7000,"('lf', 'CTr', 'extensor')",0.08792941101191928,0.0
closed_G3_top20_drive_s1_c10_7000,"('lf', 'CTr', 'flexor')",0.07337140898340765,0.0
closed_G3_top20_drive_s1_c10_7000,"('lf', 'FTi', 'extensor')",0.030117772887649285,0.0
closed_G3_top20_drive_s1_c10_7000,"('lf', 'FTi', 'flexor')",0.024705125923669503,0.0
closed_G3_top20_drive_s1_c10_7000,"('lf', 'ThC', 'adductor')",0.0,0.0
closed_G3_top20_drive_s1_c10_7000,"('lf', 'ThC', 'promotor')",0.25152474534404967,0.0
closed_G3_top20_drive_s1_c10_7000,"('lf', 'ThC', 'remotor')",0.002666439202801616,0.0
closed_G3_top20_drive_s1_c10_7000,"('lf', 'ThC', 'rotator_ant')",0.09034998304805239,0.0
closed_G3_top20_drive_s1_c10_7000,"('lf', 'ThC', 'rotator_post')",0.008634009343294042,0.0
closed_G3_top20_drive_s1_c10_7000,"('lf', 'TiTa', 'depressor')",0.0,0.0
closed_G3_top20_drive_s1_c10_7000,"('lf', 'TiTa', 'levator')",0.0,0.0
closed_G3_top20_drive_s1_c10_7000,"('lf', 'TrF', 'reductor')",0.10448557358963392,0.0
closed_G3_top20_drive_s1_c10_7000,"('lh', 'CTr', 'extensor')",0.1208029052257527,0.0
closed_G3_top20_drive_s1_c10_7000,"('lh', 'CTr', 'flexor')",0.16745792920549837,0.0
closed_G3_top20_drive_s1_c10_7000,"('lh', 'FTi', 'extensor')",0.19000560456499957,0.0
closed_G3_top20_drive_s1_c10_7000,"('lh', 'FTi', 'flexor')",0.058662023195317686,0.0
closed_G3_top20_drive_s1_c10_7000,"('lh', 'ThC', 'adductor')",0.06967285891604681,0.0
closed_G3_top20_drive_s1_c10_7000,"('lh', 'ThC', 'remotor')",0.0,0.0
closed_G3_top20_drive_s1_c10_7000,"('lh', 'ThC', 'rotator_ant')",0.058918954853168753,0.0
closed_G3_top20_drive_s1_c10_7000,"('lh', 'ThC', 'rotator_post')",0.1092854027876282,0.0
closed_G3_top20_drive_s1_c10_7000,"('lh', 'TiTa', 'depressor')",0.0,0.0
closed_G3_top20_drive_s1_c10_7000,"('lh', 'TiTa', 'levator')",0.0,0.0
closed_G3_top20_drive_s1_c10_7000,"('lh', 'TrF', 'reductor')",0.1323004989190953,0.0
closed_G3_top20_drive_s1_c10_7000,"('lm', 'CTr', 'extensor')",0.10034239983826555,0.0
closed_G3_top20_drive_s1_c10_7000,"('lm', 'CTr', 'flexor')",0.11048135130762485,0.0
closed_G3_top20_drive_s1_c10_7000,"('lm', 'FTi', 'extensor')",0.08941741240381591,0.0
closed_G3_top20_drive_s1_c10_7000,"('lm', 'FTi', 'flexor')",0.06050608491311866,0.0
closed_G3_top20_drive_s1_c10_7000,"('lm', 'ThC', 'remotor')",0.0,0.0
closed_G3_top20_drive_s1_c10_7000,"('lm', 'ThC', 'rotator_ant')",0.13402419511043775,0.0
closed_G3_top20_drive_s1_c10_7000,"('lm', 'ThC', 'rotator_post')",0.0006666695917426075,0.0
closed_G3_top20_drive_s1_c10_7000,"('lm', 'TiTa', 'depressor')",0.0,0.0
closed_G3_top20_drive_s1_c10_7000,"('lm', 'TiTa', 'levator')",0.0,0.0
closed_G3_top20_drive_s1_c10_7000,"('lm', 'TrF', 'reductor')",0.018176356041260878,0.0
closed_G3_top20_drive_s1_c10_7000,"('rf', 'CTr', 'extensor')",0.10256776740059312,0.0
closed_G3_top20_drive_s1_c10_7000,"('rf', 'CTr', 'flexor')",0.11841610868443646,0.0
closed_G3_top20_drive_s1_c10_7000,"('rf', 'FTi', 'extensor')",0.10320113551574511,0.0
closed_G3_top20_drive_s1_c10_7000,"('rf', 'FTi', 'flexor')",0.02806457204253371,0.0
closed_G3_top20_drive_s1_c10_7000,"('rf', 'ThC', 'adductor')",0.0,0.0
closed_G3_top20_drive_s1_c10_7000,"('rf', 'ThC', 'promotor')",0.19695325244784348,0.0
closed_G3_top20_drive_s1_c10_7000,"('rf', 'ThC', 'remotor')",0.07063853155935784,0.0
closed_G3_top20_drive_s1_c10_7000,"('rf', 'ThC', 'rotator_ant')",0.05960574964784456,0.0
closed_G3_top20_drive_s1_c10_7000,"('rf', 'ThC', 'rotator_post')",0.005668645528156116,0.0
closed_G3_top20_drive_s1_c10_7000,"('rf', 'TiTa', 'depressor')",0.0001282051249568382,0.0
closed_G3_top20_drive_s1_c10_7000,"('rf', 'TiTa', 'levator')",0.0,0.0
closed_G3_top20_drive_s1_c10_7000,"('rf', 'TrF', 'reductor')",0.07978531099176947,0.0
closed_G3_top20_drive_s1_c10_7000,"('rh', 'CTr', 'extensor')",0.1703874819559187,0.0
closed_G3_top20_drive_s1_c10_7000,"('rh', 'CTr', 'flexor')",0.09273465528648198,0.0
closed_G3_top20_drive_s1_c10_7000,"('rh', 'FTi', 'extensor')",0.1891011532942454,0.0
closed_G3_top20_drive_s1_c10_7000,"('rh', 'FTi', 'flexor')",0.04905160068366528,0.0
closed_G3_top20_drive_s1_c10_7000,"('rh', 'ThC', 'adductor')",0.041019664692288474,0.0
closed_G3_top20_drive_s1_c10_7000,"('rh', 'ThC', 'remotor')",0.0,0.0
closed_G3_top20_drive_s1_c10_7000,"('rh', 'ThC', 'rotator_ant')",0.008646216371342108,0.0
closed_G3_top20_drive_s1_c10_7000,"('rh', 'ThC', 'rotator_post')",0.12745542256597897,0.0
closed_G3_top20_drive_s1_c10_7000,"('rh', 'TiTa', 'depressor')",0.0001515151418506252,0.0
closed_G3_top20_drive_s1_c10_7000,"('rh', 'TiTa', 'levator')",0.0,0.0
closed_G3_top20_drive_s1_c10_7000,"('rh', 'TrF', 'reductor')",0.13542451141370787,0.0
closed_G3_top20_drive_s1_c10_7000,"('rm', 'CTr', 'extensor')",0.02625033816412743,0.0
closed_G3_top20_drive_s1_c10_7000,"('rm', 'CTr', 'flexor')",0.10866643264156897,0.0
closed_G3_top20_drive_s1_c10_7000,"('rm', 'FTi', 'extensor')",0.13715416732713676,0.0
closed_G3_top20_drive_s1_c10_7000,"('rm', 'FTi', 'flexor')",0.043584963366356956,0.0
closed_G3_top20_drive_s1_c10_7000,"('rm', 'ThC', 'adductor')",0.0,0.0
closed_G3_top20_drive_s1_c10_7000,"('rm', 'ThC', 'rotator_ant')",0.09130662039510831,0.0
closed_G3_top20_drive_s1_c10_7000,"('rm', 'ThC', 'rotator_post')",0.04261177078262577,0.0
closed_G3_top20_drive_s1_c10_7000,"('rm', 'TiTa', 'depressor')",0.0,0.0
closed_G3_top20_drive_s1_c10_7000,"('rm', 'TiTa', 'levator')",0.0,0.0
closed_G3_top20_drive_s1_c10_7000,"('rm', 'TrF', 'reductor')",0.08575472018306975,0.0
closed_G3_top20_drive_s1_c10_7001,"('lf', 'CTr', 'extensor')",0.1036404905462978,0.0
closed_G3_top20_drive_s1_c10_7001,"('lf', 'CTr', 'flexor')",0.05648599788718983,0.0
closed_G3_top20_drive_s1_c10_7001,"('lf', 'FTi', 'extensor')",0.026517901194651274,0.0
closed_G3_top20_drive_s1_c10_7001,"('lf', 'FTi', 'flexor')",0.02237592965633182,0.0
closed_G3_top20_drive_s1_c10_7001,"('lf', 'ThC', 'adductor')",0.0,0.0
closed_G3_top20_drive_s1_c10_7001,"('lf', 'ThC', 'promotor')",0.2455411673527105,0.0
closed_G3_top20_drive_s1_c10_7001,"('lf', 'ThC', 'remotor')",0.002421174945436197,0.0
closed_G3_top20_drive_s1_c10_7001,"('lf', 'ThC', 'rotator_ant')",0.08470262073540569,0.0
closed_G3_top20_drive_s1_c10_7001,"('lf', 'ThC', 'rotator_post')",0.017563753997522948,0.0
closed_G3_top20_drive_s1_c10_7001,"('lf', 'TiTa', 'depressor')",0.0,0.0
closed_G3_top20_drive_s1_c10_7001,"('lf', 'TiTa', 'levator')",0.0,0.0
closed_G3_top20_drive_s1_c10_7001,"('lf', 'TrF', 'reductor')",0.10576288476168791,0.0
closed_G3_top20_drive_s1_c10_7001,"('lh', 'CTr', 'extensor')",0.1555919559519138,0.0
closed_G3_top20_drive_s1_c10_7001,"('lh', 'CTr', 'flexor')",0.136027271093548,0.0
closed_G3_top20_drive_s1_c10_7001,"('lh', 'FTi', 'extensor')",0.19658721507041405,0.0
closed_G3_top20_drive_s1_c10_7001,"('lh', 'FTi', 'flexor')",0.06576643690847511,0.0
closed_G3_top20_drive_s1_c10_7001,"('lh', 'ThC', 'adductor')",0.0703621636709514,0.0
closed_G3_top20_drive_s1_c10_7001,"('lh', 'ThC', 'remotor')",0.0,0.0
closed_G3_top20_drive_s1_c10_7001,"('lh', 'ThC', 'rotator_ant')",0.057614015701255204,0.0
closed_G3_top20_drive_s1_c10_7001,"('lh', 'ThC', 'rotator_post')",0.10533195341889384,0.0
closed_G3_top20_drive_s1_c10_7001,"('lh', 'TiTa', 'depressor')",0.0005555555555555526,0.0
closed_G3_top20_drive_s1_c10_7001,"('lh', 'TiTa', 'levator')",0.0,0.0
closed_G3_top20_drive_s1_c10_7001,"('lh', 'TrF', 'reductor')",0.12885991536314434,0.0
closed_G3_top20_drive_s1_c10_7001,"('lm', 'CTr', 'extensor')",0.09461992481454973,0.0
closed_G3_top20_drive_s1_c10_7001,"('lm', 'CTr', 'flexor')",0.11458570345106331,0.0
closed_G3_top20_drive_s1_c10_7001,"('lm', 'FTi', 'extensor')",0.09498067901090607,0.0
closed_G3_top20_drive_s1_c10_7001,"('lm', 'FTi', 'flexor')",0.06285952817120913,0.0
closed_G3_top20_drive_s1_c10_7001,"('lm', 'ThC', 'remotor')",0.0,0.0
closed_G3_top20_drive_s1_c10_7001,"('lm', 'ThC', 'rotator_ant')",0.11917240219148184,0.0
closed_G3_top20_drive_s1_c10_7001,"('lm', 'ThC', 'rotator_post')",0.021667701034210136,0.0
closed_G3_top20_drive_s1_c10_7001,"('lm', 'TiTa', 'depressor')",0.0,0.0
closed_G3_top20_drive_s1_c10_7001,"('lm', 'TiTa', 'levator')",0.0,0.0
closed_G3_top20_drive_s1_c10_7001,"('lm', 'TrF', 'reductor')",0.01123208505818841,0.0
closed_G3_top20_drive_s1_c10_7001,"('rf', 'CTr', 'extensor')",0.11797944512720111,0.0
closed_G3_top20_drive_s1_c10_7001,"('rf', 'CTr', 'flexor')",0.12300246919366058,0.0
closed_G3_top20_drive_s1_c10_7001,"('rf', 'FTi', 'extensor')",0.11389814442320248,0.0
closed_G3_top20_drive_s1_c10_7001,"('rf', 'FTi', 'flexor')",0.02534490870084022,0.0
closed_G3_top20_drive_s1_c10_7001,"('rf', 'ThC', 'adductor')",0.0,0.0
closed_G3_top20_drive_s1_c10_7001,"('rf', 'ThC', 'promotor')",0.20195490671101152,0.0
closed_G3_top20_drive_s1_c10_7001,"('rf', 'ThC', 'remotor')",0.07590018016042534,0.0
closed_G3_top20_drive_s1_c10_7001,"('rf', 'ThC', 'rotator_ant')",0.06874485709909967,0.0
closed_G3_top20_drive_s1_c10_7001,"('rf', 'ThC', 'rotator_post')",0.018690322106736646,0.0
closed_G3_top20_drive_s1_c10_7001,"('rf', 'TiTa', 'depressor')",0.0,0.0
closed_G3_top20_drive_s1_c10_7001,"('rf', 'TiTa', 'levator')",0.0,0.0
closed_G3_top20_drive_s1_c10_7001,"('rf', 'TrF', 'reductor')",0.08653842024101961,0.0
closed_G3_top20_drive_s1_c10_7001,"('rh', 'CTr', 'extensor')",0.18137722837145315,0.0
closed_G3_top20_drive_s1_c10_7001,"('rh', 'CTr', 'flexor')",0.08850859890955712,0.0
closed_G3_top20_drive_s1_c10_7001,"('rh', 'FTi', 'extensor')",0.1929698140942279,0.0
closed_G3_top20_drive_s1_c10_7001,"('rh', 'FTi', 'flexor')",0.0525343275562257,0.0
closed_G3_top20_drive_s1_c10_7001,"('rh', 'ThC', 'adductor')",0.04531860944107546,0.0
closed_G3_top20_drive_s1_c10_7001,"('rh', 'ThC', 'remotor')",0.0,0.0
closed_G3_top20_drive_s1_c10_7001,"('rh', 'ThC', 'rotator_ant')",0.004331552245241954,0.0
closed_G3_top20_drive_s1_c10_7001,"('rh', 'ThC', 'rotator_post')",0.13050878948147765,0.0
closed_G3_top20_drive_s1_c10_7001,"('rh', 'TiTa', 'depressor')",0.00015151515151515152,0.0
closed_G3_top20_drive_s1_c10_7001,"('rh', 'TiTa', 'levator')",0.0,0.0
closed_G3_top20_drive_s1_c10_7001,"('rh', 'TrF', 'reductor')",0.14768455889227497,0.0
closed_G3_top20_drive_s1_c10_7001,"('rm', 'CTr', 'extensor')",0.034991967356367205,0.0
closed_G3_top20_drive_s1_c10_7001,"('rm', 'CTr', 'flexor')",0.10049321122546309,0.0
closed_G3_top20_drive_s1_c10_7001,"('rm', 'FTi', 'extensor')",0.16867222947025617,0.0
closed_G3_top20_drive_s1_c10_7001,"('rm', 'FTi', 'flexor')",0.04261008172905678,0.0
closed_G3_top20_drive_s1_c10_7001,"('rm', 'ThC', 'adductor')",0.0,0.0
closed_G3_top20_drive_s1_c10_7001,"('rm', 'ThC', 'rotator_ant')",0.06568773299383143,0.0
closed_G3_top20_drive_s1_c10_7001,"('rm', 'ThC', 'rotator_post')",0.08973590300276987,0.0
closed_G3_top20_drive_s1_c10_7001,"('rm', 'TiTa', 'depressor')",0.0,0.0
closed_G3_top20_drive_s1_c10_7001,"('rm', 'TiTa', 'levator')",0.0,0.0
closed_G3_top20_drive_s1_c10_7001,"('rm', 'TrF', 'reductor')",0.07754461519016508,0.0
closed_G3_top20_drive_s1_c10_7002,"('lf', 'CTr', 'extensor')",0.11258630917299259,0.0
closed_G3_top20_drive_s1_c10_7002,"('lf', 'CTr', 'flexor')",0.05075564557716699,0.0
closed_G3_top20_drive_s1_c10_7002,"('lf', 'FTi', 'extensor')",0.024969438083798506,0.0
closed_G3_top20_drive_s1_c10_7002,"('lf', 'FTi', 'flexor')",0.02330186620777428,0.0
closed_G3_top20_drive_s1_c10_7002,"('lf', 'ThC', 'adductor')",0.0,0.0
closed_G3_top20_drive_s1_c10_7002,"('lf', 'ThC', 'promotor')",0.26207584536613415,0.0
closed_G3_top20_drive_s1_c10_7002,"('lf', 'ThC', 'remotor')",0.0003333400386175188,0.0
closed_G3_top20_drive_s1_c10_7002,"('lf', 'ThC', 'rotator_ant')",0.10762324953046948,0.0
closed_G3_top20_drive_s1_c10_7002,"('lf', 'ThC', 'rotator_post')",0.0012870478082501367,0.0
closed_G3_top20_drive_s1_c10_7002,"('lf', 'TiTa', 'depressor')",0.0,0.0
closed_G3_top20_drive_s1_c10_7002,"('lf', 'TiTa', 'levator')",0.0,0.0
closed_G3_top20_drive_s1_c10_7002,"('lf', 'TrF', 'reductor')",0.11369118111099444,0.0
closed_G3_top20_drive_s1_c10_7002,"('lh', 'CTr', 'extensor')",0.18267076925322934,0.0
closed_G3_top20_drive_s1_c10_7002,"('lh', 'CTr', 'flexor')",0.13605167850012453,0.0
closed_G3_top20_drive_s1_c10_7002,"('lh', 'FTi', 'extensor')",0.20946427024078507,0.0
closed_G3_top20_drive_s1_c10_7002,"('lh', 'FTi', 'flexor')",0.07045493044471655,0.0
closed_G3_top20_drive_s1_c10_7002,"('lh', 'ThC', 'adductor')",0.04353197805815274,0.0
closed_G3_top20_drive_s1_c10_7002,"('lh', 'ThC', 'remotor')",0.0,0.0
closed_G3_top20_drive_s1_c10_7002,"('lh', 'ThC', 'rotator_ant')",0.046996910843748546,0.0
closed_G3_top20_drive_s1_c10_7002,"('lh', 'ThC', 'rotator_post')",0.09955420099641438,0.0
closed_G3_top20_drive_s1_c10_7002,"('lh', 'TiTa', 'depressor')",0.00013888888888888864,0.0
closed_G3_top20_drive_s1_c10_7002,"('lh', 'TiTa', 'levator')",0.0,0.0
closed_G3_top20_drive_s1_c10_7002,"('lh', 'TrF', 'reductor')",0.09392932500403052,0.0
closed_G3_top20_drive_s1_c10_7002,"('lm', 'CTr', 'extensor')",0.10499422611004743,0.0
closed_G3_top20_drive_s1_c10_7002,"('lm', 'CTr', 'flexor')",0.11657164223387889,0.0
closed_G3_top20_drive_s1_c10_7002,"('lm', 'FTi', 'extensor')",0.12909463523921058,0.0
closed_G3_top20_drive_s1_c10_7002,"('lm', 'FTi', 'flexor')",0.06649957202273381,0.0
closed_G3_top20_drive_s1_c10_7002,"('lm', 'ThC', 'remotor')",0.0,0.0
closed_G3_top20_drive_s1_c10_7002,"('lm', 'ThC', 'rotator_ant')",0.1242698834475068,0.0
closed_G3_top20_drive_s1_c10_7002,"('lm', 'ThC', 'rotator_post')",0.016602048773552446,0.0
closed_G3_top20_drive_s1_c10_7002,"('lm', 'TiTa', 'depressor')",0.0,0.0
closed_G3_top20_drive_s1_c10_7002,"('lm', 'TiTa', 'levator')",0.0,0.0
closed_G3_top20_drive_s1_c10_7002,"('lm', 'TrF', 'reductor')",0.010282435155297913,0.0
closed_G3_top20_drive_s1_c10_7002,"('rf', 'CTr', 'extensor')",0.11268388775626519,0.0
closed_G3_top20_drive_s1_c10_7002,"('rf', 'CTr', 'flexor')",0.11426309012848464,0.0
closed_G3_top20_drive_s1_c10_7002,"('rf', 'FTi', 'extensor')",0.11280095760564383,0.0
closed_G3_top20_drive_s1_c10_7002,"('rf', 'FTi', 'flexor')",0.021999058944802773,0.0
closed_G3_top20_drive_s1_c10_7002,"('rf', 'ThC', 'adductor')",0.0,0.0
closed_G3_top20_drive_s1_c10_7002,"('rf', 'ThC', 'promotor')",0.21144948636094135,0.0
closed_G3_top20_drive_s1_c10_7002,"('rf', 'ThC', 'remotor')",0.06956844197522849,0.0
closed_G3_top20_drive_s1_c10_7002,"('rf', 'ThC', 'rotator_ant')",0.09168754058777343,0.0
closed_G3_top20_drive_s1_c10_7002,"('rf', 'ThC', 'rotator_post')",0.0017440284027903906,0.0
closed_G3_top20_drive_s1_c10_7002,"('rf', 'TiTa', 'depressor')",0.00012820512820506982,0.0
closed_G3_top20_drive_s1_c10_7002,"('rf', 'TiTa', 'levator')",0.0,0.0
closed_G3_top20_drive_s1_c10_7002,"('rf', 'TrF', 'reductor')",0.08434739097597106,0.0
closed_G3_top20_drive_s1_c10_7002,"('rh', 'CTr', 'extensor')",0.16983349779920057,0.0
closed_G3_top20_drive_s1_c10_7002,"('rh', 'CTr', 'flexor')",0.08690356245040097,0.0
closed_G3_top20_drive_s1_c10_7002,"('rh', 'FTi', 'extensor')",0.1862570717959337,0.0
closed_G3_top20_drive_s1_c10_7002,"('rh', 'FTi', 'flexor')",0.04945425799794195,0.0
closed_G3_top20_drive_s1_c10_7002,"('rh', 'ThC', 'adductor')",0.043532213875337136,0.0
closed_G3_top20_drive_s1_c10_7002,"('rh', 'ThC', 'remotor')",0.0,0.0
closed_G3_top20_drive_s1_c10_7002,"('rh', 'ThC', 'rotator_ant')",0.006967985745772408,0.0
closed_G3_top20_drive_s1_c10_7002,"('rh', 'ThC', 'rotator_post')",0.11575785277374125,0.0
closed_G3_top20_drive_s1_c10_7002,"('rh', 'TiTa', 'depressor')",0.0003030303030302911,0.0
closed_G3_top20_drive_s1_c10_7002,"('rh', 'TiTa', 'levator')",0.0,0.0
closed_G3_top20_drive_s1_c10_7002,"('rh', 'TrF', 'reductor')",0.10745787962711387,0.0
closed_G3_top20_drive_s1_c10_7002,"('rm', 'CTr', 'extensor')",0.026432343693853416,0.0
closed_G3_top20_drive_s1_c10_7002,"('rm', 'CTr', 'flexor')",0.10875773127467049,0.0
closed_G3_top20_drive_s1_c10_7002,"('rm', 'FTi', 'extensor')",0.16678377058365812,0.0
closed_G3_top20_drive_s1_c10_7002,"('rm', 'FTi', 'flexor')",0.03911948859164488,0.0
closed_G3_top20_drive_s1_c10_7002,"('rm', 'ThC', 'adductor')",0.0,0.0
closed_G3_top20_drive_s1_c10_7002,"('rm', 'ThC', 'rotator_ant')",0.08410259449860762,0.0
closed_G3_top20_drive_s1_c10_7002,"('rm', 'ThC', 'rotator_post')",0.06381455849119827,0.0
closed_G3_top20_drive_s1_c10_7002,"('rm', 'TiTa', 'depressor')",0.0,0.0
closed_G3_top20_drive_s1_c10_7002,"('rm', 'TiTa', 'levator')",0.0,0.0
closed_G3_top20_drive_s1_c10_7002,"('rm', 'TrF', 'reductor')",0.08330445062681631,0.0
closed_G3_top20_drive_s1_c10_7003,"('lf', 'CTr', 'extensor')",0.044896614542463235,0.0
closed_G3_top20_drive_s1_c10_7003,"('lf', 'CTr', 'flexor')",0.081603700772019,0.0
closed_G3_top20_drive_s1_c10_7003,"('lf', 'FTi', 'extensor')",0.034726296297377016,0.0
closed_G3_top20_drive_s1_c10_7003,"('lf', 'FTi', 'flexor')",0.02451943831875827,0.0
closed_G3_top20_drive_s1_c10_7003,"('lf', 'ThC', 'adductor')",0.0,0.0
closed_G3_top20_drive_s1_c10_7003,"('lf', 'ThC', 'promotor')",0.2608077258784158,0.0
closed_G3_top20_drive_s1_c10_7003,"('lf', 'ThC', 'remotor')",0.0073271256415263575,0.0
closed_G3_top20_drive_s1_c10_7003,"('lf', 'ThC', 'rotator_ant')",0.04854606445297198,0.0
closed_G3_top20_drive_s1_c10_7003,"('lf', 'ThC', 'rotator_post')",0.037713372915404275,0.0
closed_G3_top20_drive_s1_c10_7003,"('lf', 'TiTa', 'depressor')",0.0,0.0
closed_G3_top20_drive_s1_c10_7003,"('lf', 'TiTa', 'levator')",0.0,0.0
closed_G3_top20_drive_s1_c10_7003,"('lf', 'TrF', 'reductor')",0.11191248749402452,0.0
closed_G3_top20_drive_s1_c10_7003,"('lh', 'CTr', 'extensor')",0.17296886783417037,0.0
closed_G3_top20_drive_s1_c10_7003,"('lh', 'CTr', 'flexor')",0.11903622491431315,0.0
closed_G3_top20_drive_s1_c10_7003,"('lh', 'FTi', 'extensor')",0.18663761444495264,0.0
closed_G3_top20_drive_s1_c10_7003,"('lh', 'FTi', 'flexor')",0.0698885006845662,0.0
closed_G3_top20_drive_s1_c10_7003,"('lh', 'ThC', 'adductor')",0.05572387043040983,0.0
closed_G3_top20_drive_s1_c10_7003,"('lh', 'ThC', 'remotor')",0.0,0.0
closed_G3_top20_drive_s1_c10_7003,"('lh', 'ThC', 'rotator_ant')",0.048076815435359806,0.0
closed_G3_top20_drive_s1_c10_7003,"('lh', 'ThC', 'rotator_post')",0.0808378068345091,0.0
closed_G3_top20_drive_s1_c10_7003,"('lh', 'TiTa', 'depressor')",0.0,0.0
closed_G3_top20_drive_s1_c10_7003,"('lh', 'TiTa', 'levator')",0.0,0.0
closed_G3_top20_drive_s1_c10_7003,"('lh', 'TrF', 'reductor')",0.09096979556530642,0.0
closed_G3_top20_drive_s1_c10_7003,"('lm', 'CTr', 'extensor')",0.08679845819343782,0.0
closed_G3_top20_drive_s1_c10_7003,"('lm', 'CTr', 'flexor')",0.11868853488138716,0.0
closed_G3_top20_drive_s1_c10_7003,"('lm', 'FTi', 'extensor')",0.09604917153261948,0.0
closed_G3_top20_drive_s1_c10_7003,"('lm', 'FTi', 'flexor')",0.06283925934678829,0.0
closed_G3_top20_drive_s1_c10_7003,"('lm', 'ThC', 'remotor')",0.0,0.0
closed_G3_top20_drive_s1_c10_7003,"('lm', 'ThC', 'rotator_ant')",0.11871036291596616,0.0
closed_G3_top20_drive_s1_c10_7003,"('lm', 'ThC', 'rotator_post')",0.004667891848177439,0.0
closed_G3_top20_drive_s1_c10_7003,"('lm', 'TiTa', 'depressor')",0.0,0.0
closed_G3_top20_drive_s1_c10_7003,"('lm', 'TiTa', 'levator')",0.0,0.0
closed_G3_top20_drive_s1_c10_7003,"('lm', 'TrF', 'reductor')",0.01156283630327898,0.0
closed_G3_top20_drive_s1_c10_7003,"('rf', 'CTr', 'extensor')",0.036520061610980155,0.0
closed_G3_top20_drive_s1_c10_7003,"('rf', 'CTr', 'flexor')",0.1317966414083253,0.0
closed_G3_top20_drive_s1_c10_7003,"('rf', 'FTi', 'extensor')",0.10363932637106041,0.0
closed_G3_top20_drive_s1_c10_7003,"('rf', 'FTi', 'flexor')",0.025533903349534606,0.0
closed_G3_top20_drive_s1_c10_7003,"('rf', 'ThC', 'adductor')",0.0,0.0
closed_G3_top20_drive_s1_c10_7003,"('rf', 'ThC', 'promotor')",0.19170433535444723,0.0
closed_G3_top20_drive_s1_c10_7003,"('rf', 'ThC', 'remotor')",0.05985381916010181,0.0
closed_G3_top20_drive_s1_c10_7003,"('rf', 'ThC', 'rotator_ant')",0.06489850715569989,0.0
closed_G3_top20_drive_s1_c10_7003,"('rf', 'ThC', 'rotator_post')",0.0026666704415279252,0.0
closed_G3_top20_drive_s1_c10_7003,"('rf', 'TiTa', 'depressor')",0.0,0.0
closed_G3_top20_drive_s1_c10_7003,"('rf', 'TiTa', 'levator')",0.0,0.0
closed_G3_top20_drive_s1_c10_7003,"('rf', 'TrF', 'reductor')",0.09318615132829793,0.0
closed_G3_top20_drive_s1_c10_7003,"('rh', 'CTr', 'extensor')",0.1682932846765854,0.0
closed_G3_top20_drive_s1_c10_7003,"('rh', 'CTr', 'flexor')",0.09288453731651121,0.0
closed_G3_top20_drive_s1_c10_7003,"('rh', 'FTi', 'extensor')",0.18114613113982717,0.0
closed_G3_top20_drive_s1_c10_7003,"('rh', 'FTi', 'flexor')",0.04968192327136013,0.0
closed_G3_top20_drive_s1_c10_7003,"('rh', 'ThC', 'adductor')",0.04806123595821009,0.0
closed_G3_top20_drive_s1_c10_7003,"('rh', 'ThC', 'remotor')",0.0,0.0
closed_G3_top20_drive_s1_c10_7003,"('rh', 'ThC', 'rotator_ant')",0.016011560525000097,0.0
closed_G3_top20_drive_s1_c10_7003,"('rh', 'ThC', 'rotator_post')",0.12261361296388568,0.0
closed_G3_top20_drive_s1_c10_7003,"('rh', 'TiTa', 'depressor')",0.0,0.0
closed_G3_top20_drive_s1_c10_7003,"('rh', 'TiTa', 'levator')",0.0,0.0
closed_G3_top20_drive_s1_c10_7003,"('rh', 'TrF', 'reductor')",0.12071941115602337,0.0
closed_G3_top20_drive_s1_c10_7003,"('rm', 'CTr', 'extensor')",0.024299341818761575,0.0
closed_G3_top20_drive_s1_c10_7003,"('rm', 'CTr', 'flexor')",0.10800719536791993,0.0
closed_G3_top20_drive_s1_c10_7003,"('rm', 'FTi', 'extensor')",0.13540222491031412,0.0
closed_G3_top20_drive_s1_c10_7003,"('rm', 'FTi', 'flexor')",0.04372199829227019,0.0
closed_G3_top20_drive_s1_c10_7003,"('rm', 'ThC', 'adductor')",0.0,0.0
closed_G3_top20_drive_s1_c10_7003,"('rm', 'ThC', 'rotator_ant')",0.08900315181794556,0.0
closed_G3_top20_drive_s1_c10_7003,"('rm', 'ThC', 'rotator_post')",0.038002241054125155,0.0
closed_G3_top20_drive_s1_c10_7003,"('rm', 'TiTa', 'depressor')",0.0,0.0
closed_G3_top20_drive_s1_c10_7003,"('rm', 'TiTa', 'levator')",0.0,0.0
closed_G3_top20_drive_s1_c10_7003,"('rm', 'TrF', 'reductor')",0.0811136347070295,0.0
closed_G3_top20_drive_s1_c10_7004,"('lf', 'CTr', 'extensor')",0.06514190512934954,0.0
closed_G3_top20_drive_s1_c10_7004,"('lf', 'CTr', 'flexor')",0.07035008803072695,0.0
closed_G3_top20_drive_s1_c10_7004,"('lf', 'FTi', 'extensor')",0.03655840202890475,0.0
closed_G3_top20_drive_s1_c10_7004,"('lf', 'FTi', 'flexor')",0.02540260246873358,0.0
closed_G3_top20_drive_s1_c10_7004,"('lf', 'ThC', 'adductor')",0.0,0.0
closed_G3_top20_drive_s1_c10_7004,"('lf', 'ThC', 'promotor')",0.24952334322865083,0.0
closed_G3_top20_drive_s1_c10_7004,"('lf', 'ThC', 'remotor')",0.00633157843213267,0.0
closed_G3_top20_drive_s1_c10_7004,"('lf', 'ThC', 'rotator_ant')",0.04892059572523135,0.0
closed_G3_top20_drive_s1_c10_7004,"('lf', 'ThC', 'rotator_post')",0.035256069642548175,0.0
closed_G3_top20_drive_s1_c10_7004,"('lf', 'TiTa', 'depressor')",0.0,0.0
closed_G3_top20_drive_s1_c10_7004,"('lf', 'TiTa', 'levator')",0.0,0.0
closed_G3_top20_drive_s1_c10_7004,"('lf', 'TrF', 'reductor')",0.11027543741854395,0.0
closed_G3_top20_drive_s1_c10_7004,"('lh', 'CTr', 'extensor')",0.12907024180470486,0.0
closed_G3_top20_drive_s1_c10_7004,"('lh', 'CTr', 'flexor')",0.1686913831523833,0.0
closed_G3_top20_drive_s1_c10_7004,"('lh', 'FTi', 'extensor')",0.17482902901311234,0.0
closed_G3_top20_drive_s1_c10_7004,"('lh', 'FTi', 'flexor')",0.0634967271940065,0.0
closed_G3_top20_drive_s1_c10_7004,"('lh', 'ThC', 'adductor')",0.06909569529239186,0.0
closed_G3_top20_drive_s1_c10_7004,"('lh', 'ThC', 'remotor')",0.0,0.0
closed_G3_top20_drive_s1_c10_7004,"('lh', 'ThC', 'rotator_ant')",0.058862466165840927,0.0
closed_G3_top20_drive_s1_c10_7004,"('lh', 'ThC', 'rotator_post')",0.10472325590439638,0.0
closed_G3_top20_drive_s1_c10_7004,"('lh', 'TiTa', 'depressor')",0.0,0.0
closed_G3_top20_drive_s1_c10_7004,"('lh', 'TiTa', 'levator')",0.0,0.0
closed_G3_top20_drive_s1_c10_7004,"('lh', 'TrF', 'reductor')",0.12799773297358125,0.0
closed_G3_top20_drive_s1_c10_7004,"('lm', 'CTr', 'extensor')",0.09206466381685459,0.0
closed_G3_top20_drive_s1_c10_7004,"('lm', 'CTr', 'flexor')",0.11381296097595137,0.0
closed_G3_top20_drive_s1_c10_7004,"('lm', 'FTi', 'extensor')",0.0803969886515856,0.0
closed_G3_top20_drive_s1_c10_7004,"('lm', 'FTi', 'flexor')",0.06391433409718507,0.0
closed_G3_top20_drive_s1_c10_7004,"('lm', 'ThC', 'remotor')",0.0,0.0
closed_G3_top20_drive_s1_c10_7004,"('lm', 'ThC', 'rotator_ant')",0.12778070767628122,0.0
closed_G3_top20_drive_s1_c10_7004,"('lm', 'ThC', 'rotator_post')",0.0026661511218582274,0.0
closed_G3_top20_drive_s1_c10_7004,"('lm', 'TiTa', 'depressor')",0.0,0.0
closed_G3_top20_drive_s1_c10_7004,"('lm', 'TiTa', 'levator')",0.0,0.0
closed_G3_top20_drive_s1_c10_7004,"('lm', 'TrF', 'reductor')",0.008664947545928722,0.0
closed_G3_top20_drive_s1_c10_7004,"('rf', 'CTr', 'extensor')",0.04441704068259347,0.0
closed_G3_top20_drive_s1_c10_7004,"('rf', 'CTr', 'flexor')",0.13235060797655268,0.0
closed_G3_top20_drive_s1_c10_7004,"('rf', 'FTi', 'extensor')",0.10681442987192952,0.0
closed_G3_top20_drive_s1_c10_7004,"('rf', 'FTi', 'flexor')",0.027833902374122668,0.0
closed_G3_top20_drive_s1_c10_7004,"('rf', 'ThC', 'adductor')",0.0,0.0
closed_G3_top20_drive_s1_c10_7004,"('rf', 'ThC', 'promotor')",0.1977598502218537,0.0
closed_G3_top20_drive_s1_c10_7004,"('rf', 'ThC', 'remotor')",0.0668980157349266,0.0
closed_G3_top20_drive_s1_c10_7004,"('rf', 'ThC', 'rotator_ant')",0.0599573346924743,0.0
closed_G3_top20_drive_s1_c10_7004,"('rf', 'ThC', 'rotator_post')",0.001988703538884298,0.0
closed_G3_top20_drive_s1_c10_7004,"('rf', 'TiTa', 'depressor')",0.0,0.0
closed_G3_top20_drive_s1_c10_7004,"('rf', 'TiTa', 'levator')",0.0,0.0
closed_G3_top20_drive_s1_c10_7004,"('rf', 'TrF', 'reductor')",0.08978929840318972,0.0
closed_G3_top20_drive_s1_c10_7004,"('rh', 'CTr', 'extensor')",0.19233171164354573,0.0
closed_G3_top20_drive_s1_c10_7004,"('rh', 'CTr', 'flexor')",0.08213609771479591,0.0
closed_G3_top20_drive_s1_c10_7004,"('rh', 'FTi', 'extensor')",0.18632571036324969,0.0
closed_G3_top20_drive_s1_c10_7004,"('rh', 'FTi', 'flexor')",0.05541857051236827,0.0
closed_G3_top20_drive_s1_c10_7004,"('rh', 'ThC', 'adductor')",0.04926032299099727,0.0
closed_G3_top20_drive_s1_c10_7004,"('rh', 'ThC', 'remotor')",0.0,0.0
closed_G3_top20_drive_s1_c10_7004,"('rh', 'ThC', 'rotator_ant')",0.01654036176575884,0.0
closed_G3_top20_drive_s1_c10_7004,"('rh', 'ThC', 'rotator_post')",0.12091290789087761,0.0
closed_G3_top20_drive_s1_c10_7004,"('rh', 'TiTa', 'depressor')",0.0,0.0
closed_G3_top20_drive_s1_c10_7004,"('rh', 'TiTa', 'levator')",0.0,0.0
closed_G3_top20_drive_s1_c10_7004,"('rh', 'TrF', 'reductor')",0.1323888875464187,0.0
closed_G3_top20_drive_s1_c10_7004,"('rm', 'CTr', 'extensor')",0.011995872645953082,0.0
closed_G3_top20_drive_s1_c10_7004,"('rm', 'CTr', 'flexor')",0.1196432803287979,0.0
closed_G3_top20_drive_s1_c10_7004,"('rm', 'FTi', 'extensor')",0.1609640359910688,0.0
closed_G3_top20_drive_s1_c10_7004,"('rm', 'FTi', 'flexor')",0.04406768342249627,0.0
closed_G3_top20_drive_s1_c10_7004,"('rm', 'ThC', 'adductor')",0.0,0.0
closed_G3_top20_drive_s1_c10_7004,"('rm', 'ThC', 'rotator_ant')",0.04569009991260407,0.0
closed_G3_top20_drive_s1_c10_7004,"('rm', 'ThC', 'rotator_post')",0.08033637413072697,0.0
closed_G3_top20_drive_s1_c10_7004,"('rm', 'TiTa', 'depressor')",0.0,0.0
closed_G3_top20_drive_s1_c10_7004,"('rm', 'TiTa', 'levator')",0.0,0.0
closed_G3_top20_drive_s1_c10_7004,"('rm', 'TrF', 'reductor')",0.06800003420279159,0.0
closed_G3_top20_drive_s1_c11_7000,"('lf', 'CTr', 'extensor')",0.11404438808477624,0.0
closed_G3_top20_drive_s1_c11_7000,"('lf', 'CTr', 'flexor')",0.05176070170274506,0.0
closed_G3_top20_drive_s1_c11_7000,"('lf', 'FTi', 'extensor')",0.03118906074457485,0.0
closed_G3_top20_drive_s1_c11_7000,"('lf', 'FTi', 'flexor')",0.02483254426699779,0.0
closed_G3_top20_drive_s1_c11_7000,"('lf', 'ThC', 'adductor')",0.0,0.0
closed_G3_top20_drive_s1_c11_7000,"('lf', 'ThC', 'promotor')",0.256154243050984,0.0
closed_G3_top20_drive_s1_c11_7000,"('lf', 'ThC', 'remotor')",0.013620949451324043,0.0
closed_G3_top20_drive_s1_c11_7000,"('lf', 'ThC', 'rotator_ant')",0.06546676510194639,0.0
closed_G3_top20_drive_s1_c11_7000,"('lf', 'ThC', 'rotator_post')",0.026689816822338064,0.0
closed_G3_top20_drive_s1_c11_7000,"('lf', 'TiTa', 'depressor')",0.0,0.0
closed_G3_top20_drive_s1_c11_7000,"('lf', 'TiTa', 'levator')",0.0,0.0
closed_G3_top20_drive_s1_c11_7000,"('lf', 'TrF', 'reductor')",0.1104813305394166,0.0
closed_G3_top20_drive_s1_c11_7000,"('lh', 'CTr', 'extensor')",0.12701885692963882,0.0
closed_G3_top20_drive_s1_c11_7000,"('lh', 'CTr', 'flexor')",0.17475642784828588,0.0
closed_G3_top20_drive_s1_c11_7000,"('lh', 'FTi', 'extensor')",0.20798507848620373,0.0
closed_G3_top20_drive_s1_c11_7000,"('lh', 'FTi', 'flexor')",0.05039254091196747,0.0
closed_G3_top20_drive_s1_c11_7000,"('lh', 'ThC', 'adductor')",0.06680222717800403,0.0
closed_G3_top20_drive_s1_c11_7000,"('lh', 'ThC', 'remotor')",0.0,0.0
closed_G3_top20_drive_s1_c11_7000,"('lh', 'ThC', 'rotator_ant')",0.05962715612067076,0.0
closed_G3_top20_drive_s1_c11_7000,"('lh', 'ThC', 'rotator_post')",0.11175816474343973,0.0
closed_G3_top20_drive_s1_c11_7000,"('lh', 'TiTa', 'depressor')",0.0,0.0
closed_G3_top20_drive_s1_c11_7000,"('lh', 'TiTa', 'levator')",0.0,0.0
closed_G3_top20_drive_s1_c11_7000,"('lh', 'TrF', 'reductor')",0.13165325926257468,0.0
closed_G3_top20_drive_s1_c11_7000,"('lm', 'CTr', 'extensor')",0.11056951236976403,0.0
closed_G3_top20_drive_s1_c11_7000,"('lm', 'CTr', 'flexor')",0.11169590269232156,0.0
closed_G3_top20_drive_s1_c11_7000,"('lm', 'FTi', 'extensor')",0.113688108903744,0.0
closed_G3_top20_drive_s1_c11_7000,"('lm', 'FTi', 'flexor')",0.06256815169238696,0.0
closed_G3_top20_drive_s1_c11_7000,"('lm', 'ThC', 'remotor')",0.0,0.0
closed_G3_top20_drive_s1_c11_7000,"('lm', 'ThC', 'rotator_ant')",0.13698371470949786,0.0
closed_G3_top20_drive_s1_c11_7000,"('lm', 'ThC', 'rotator_post')",0.004000009076856653,0.0
closed_G3_top20_drive_s1_c11_7000,"('lm', 'TiTa', 'depressor')",0.0,0.0
closed_G3_top20_drive_s1_c11_7000,"('lm', 'TiTa', 'levator')",0.0,0.0
closed_G3_top20_drive_s1_c11_7000,"('lm', 'TrF', 'reductor')",0.017065306537382707,0.0
closed_G3_top20_drive_s1_c11_7000,"('rf', 'CTr', 'extensor')",0.12057357077706522,0.0
closed_G3_top20_drive_s1_c11_7000,"('rf', 'CTr', 'flexor')",0.12010683264717062,0.0
closed_G3_top20_drive_s1_c11_7000,"('rf', 'FTi', 'extensor')",0.10836373408812018,0.0
closed_G3_top20_drive_s1_c11_7000,"('rf', 'FTi', 'flexor')",0.02536603825305075,0.0
closed_G3_top20_drive_s1_c11_7000,"('rf', 'ThC', 'adductor')",0.0,0.0
closed_G3_top20_drive_s1_c11_7000,"('rf', 'ThC', 'promotor')",0.20485626485930733,0.0
closed_G3_top20_drive_s1_c11_7000,"('rf', 'ThC', 'remotor')",0.06659469982912779,0.0
closed_G3_top20_drive_s1_c11_7000,"('rf', 'ThC', 'rotator_ant')",0.07711255473846075,0.0
closed_G3_top20_drive_s1_c11_7000,"('rf', 'ThC', 'rotator_post')",0.0013333385706638073,0.0
closed_G3_top20_drive_s1_c11_7000,"('rf', 'TiTa', 'depressor')",0.0,0.0
closed_G3_top20_drive_s1_c11_7000,"('rf', 'TiTa', 'levator')",0.0,0.0
closed_G3_top20_drive_s1_c11_7000,"('rf', 'TrF', 'reductor')",0.08328199558676698,0.0
closed_G3_top20_drive_s1_c11_7000,"('rh', 'CTr', 'extensor')",0.16316559220414517,0.0
closed_G3_top20_drive_s1_c11_7000,"('rh', 'CTr', 'flexor')",0.09784658878938139,0.0
closed_G3_top20_drive_s1_c11_7000,"('rh', 'FTi', 'extensor')",0.1981024323659664,0.0
closed_G3_top20_drive_s1_c11_7000,"('rh', 'FTi', 'flexor')",0.04241354488356558,0.0
closed_G3_top20_drive_s1_c11_7000,"('rh', 'ThC', 'adductor')",0.03888730909178543,0.0
closed_G3_top20_drive_s1_c11_7000,"('rh', 'ThC', 'remotor')",0.0,0.0
closed_G3_top20_drive_s1_c11_7000,"('rh', 'ThC', 'rotator_ant')",0.007016888424855809,0.0
closed_G3_top20_drive_s1_c11_7000,"('rh', 'ThC', 'rotator_post')",0.12225367271526104,0.0
closed_G3_top20_drive_s1_c11_7000,"('rh', 'TiTa', 'depressor')",0.00015151514403692528,0.0
closed_G3_top20_drive_s1_c11_7000,"('rh', 'TiTa', 'levator')",0.0,0.0
closed_G3_top20_drive_s1_c11_7000,"('rh', 'TrF', 'reductor')",0.1334569638098883,0.0
closed_G3_top20_drive_s1_c11_7000,"('rm', 'CTr', 'extensor')",0.032110199169970106,0.0
closed_G3_top20_drive_s1_c11_7000,"('rm', 'CTr', 'flexor')",0.10317235124214733,0.0
closed_G3_top20_drive_s1_c11_7000,"('rm', 'FTi', 'extensor')",0.15472989124289724,0.0
closed_G3_top20_drive_s1_c11_7000,"('rm', 'FTi', 'flexor')",0.036372426609395166,0.0
closed_G3_top20_drive_s1_c11_7000,"('rm', 'ThC', 'adductor')",0.0,0.0
closed_G3_top20_drive_s1_c11_7000,"('rm', 'ThC', 'rotator_ant')",0.09159135421017961,0.0
closed_G3_top20_drive_s1_c11_7000,"('rm', 'ThC', 'rotator_post')",0.044585575095062155,0.0
closed_G3_top20_drive_s1_c11_7000,"('rm', 'TiTa', 'depressor')",0.0,0.0
closed_G3_top20_drive_s1_c11_7000,"('rm', 'TiTa', 'levator')",0.0,0.0
closed_G3_top20_drive_s1_c11_7000,"('rm', 'TrF', 'reductor')",0.08946490919671006,0.0
closed_G3_top20_drive_s1_c11_7001,"('lf', 'CTr', 'extensor')",0.07955046931327142,0.0
closed_G3_top20_drive_s1_c11_7001,"('lf', 'CTr', 'flexor')",0.07688479682143179,0.0
closed_G3_top20_drive_s1_c11_7001,"('lf', 'FTi', 'extensor')",0.030480483924781386,0.0
closed_G3_top20_drive_s1_c11_7001,"('lf', 'FTi', 'flexor')",0.024382151532538098,0.0
closed_G3_top20_drive_s1_c11_7001,"('lf', 'ThC', 'adductor')",0.0,0.0
closed_G3_top20_drive_s1_c11_7001,"('lf', 'ThC', 'promotor')",0.243869437223004,0.0
closed_G3_top20_drive_s1_c11_7001,"('lf', 'ThC', 'remotor')",0.003000002717872613,0.0
closed_G3_top20_drive_s1_c11_7001,"('lf', 'ThC', 'rotator_ant')",0.0799425629211316,0.0
closed_G3_top20_drive_s1_c11_7001,"('lf', 'ThC', 'rotator_post')",0.022276629096870004,0.0
closed_G3_top20_drive_s1_c11_7001,"('lf', 'TiTa', 'depressor')",0.0,0.0
closed_G3_top20_drive_s1_c11_7001,"('lf', 'TiTa', 'levator')",0.0,0.0
closed_G3_top20_drive_s1_c11_7001,"('lf', 'TrF', 'reductor')",0.10468366402092344,0.0
closed_G3_top20_drive_s1_c11_7001,"('lh', 'CTr', 'extensor')",0.15542377782533232,0.0
closed_G3_top20_drive_s1_c11_7001,"('lh', 'CTr', 'flexor')",0.1403684906320553,0.0
closed_G3_top20_drive_s1_c11_7001,"('lh', 'FTi', 'extensor')",0.20026283148584254,0.0
closed_G3_top20_drive_s1_c11_7001,"('lh', 'FTi', 'flexor')",0.06255901337963397,0.0
closed_G3_top20_drive_s1_c11_7001,"('lh', 'ThC', 'adductor')",0.0703134948782929,0.0
closed_G3_top20_drive_s1_c11_7001,"('lh', 'ThC', 'remotor')",0.0,0.0
closed_G3_top20_drive_s1_c11_7001,"('lh', 'ThC', 'rotator_ant')",0.055314724256687924,0.0
closed_G3_top20_drive_s1_c11_7001,"('lh', 'ThC', 'rotator_post')",0.10084927895562328,0.0
closed_G3_top20_drive_s1_c11_7001,"('lh', 'TiTa', 'depressor')",0.0,0.0
closed_G3_top20_drive_s1_c11_7001,"('lh', 'TiTa', 'levator')",0.0,0.0
closed_G3_top20_drive_s1_c11_7001,"('lh', 'TrF', 'reductor')",0.12094261138979791,0.0
closed_G3_top20_drive_s1_c11_7001,"('lm', 'CTr', 'extensor')",0.08343449921396193,0.0
closed_G3_top20_drive_s1_c11_7001,"('lm', 'CTr', 'flexor')",0.1198088636891149,0.0
closed_G3_top20_drive_s1_c11_7001,"('lm', 'FTi', 'extensor')",0.07459019041425055,0.0
closed_G3_top20_drive_s1_c11_7001,"('lm', 'FTi', 'flexor')",0.0642543277029246,0.0
closed_G3_top20_drive_s1_c11_7001,"('lm', 'ThC', 'remotor')",0.0,0.0
closed_G3_top20_drive_s1_c11_7001,"('lm', 'ThC', 'rotator_ant')",0.10578368293066302,0.0
closed_G3_top20_drive_s1_c11_7001,"('lm', 'ThC', 'rotator_post')",0.015336220212673201,0.0
closed_G3_top20_drive_s1_c11_7001,"('lm', 'TiTa', 'depressor')",0.0,0.0
closed_G3_top20_drive_s1_c11_7001,"('lm', 'TiTa', 'levator')",0.0,0.0
closed_G3_top20_drive_s1_c11_7001,"('lm', 'TrF', 'reductor')",0.010676855795305792,0.0
closed_G3_top20_drive_s1_c11_7001,"('rf', 'CTr', 'extensor')",0.10779427287435224,0.0
closed_G3_top20_drive_s1_c11_7001,"('rf', 'CTr', 'flexor')",0.114132987892389,0.0
closed_G3_top20_drive_s1_c11_7001,"('rf', 'FTi', 'extensor')",0.1077878105853947,0.0
closed_G3_top20_drive_s1_c11_7001,"('rf', 'FTi', 'flexor')",0.03135483069798684,0.0
closed_G3_top20_drive_s1_c11_7001,"('rf', 'ThC', 'adductor')",0.0,0.0
closed_G3_top20_drive_s1_c11_7001,"('rf', 'ThC', 'promotor')",0.19079270923288436,0.0
closed_G3_top20_drive_s1_c11_7001,"('rf', 'ThC', 'remotor')",0.08550949321794156,0.0
closed_G3_top20_drive_s1_c11_7001,"('rf', 'ThC', 'rotator_ant')",0.040850887358401373,0.0
closed_G3_top20_drive_s1_c11_7001,"('rf', 'ThC', 'rotator_post')",0.03521876284334923,0.0
closed_G3_top20_drive_s1_c11_7001,"('rf', 'TiTa', 'depressor')",0.0,0.0
closed_G3_top20_drive_s1_c11_7001,"('rf', 'TiTa', 'levator')",0.0,0.0
closed_G3_top20_drive_s1_c11_7001,"('rf', 'TrF', 'reductor')",0.08226454279091923,0.0
closed_G3_top20_drive_s1_c11_7001,"('rh', 'CTr', 'extensor')",0.1853786686634282,0.0
closed_G3_top20_drive_s1_c11_7001,"('rh', 'CTr', 'flexor')",0.0866823777283174,0.0
closed_G3_top20_drive_s1_c11_7001,"('rh', 'FTi', 'extensor')",0.19927555482721387,0.0
closed_G3_top20_drive_s1_c11_7001,"('rh', 'FTi', 'flexor')",0.051370651765326764,0.0
closed_G3_top20_drive_s1_c11_7001,"('rh', 'ThC', 'adductor')",0.04752117862193493,0.0
closed_G3_top20_drive_s1_c11_7001,"('rh', 'ThC', 'remotor')",0.0,0.0
closed_G3_top20_drive_s1_c11_7001,"('rh', 'ThC', 'rotator_ant')",0.008922570658834932,0.0
closed_G3_top20_drive_s1_c11_7001,"('rh', 'ThC', 'rotator_post')",0.1184689786661455,0.0
closed_G3_top20_drive_s1_c11_7001,"('rh', 'TiTa', 'depressor')",0.0,0.0
closed_G3_top20_drive_s1_c11_7001,"('rh', 'TiTa', 'levator')",0.0,0.0
closed_G3_top20_drive_s1_c11_7001,"('rh', 'TrF', 'reductor')",0.1425253232064034,0.0
closed_G3_top20_drive_s1_c11_7001,"('rm', 'CTr', 'extensor')",0.02410013091653407,0.0
closed_G3_top20_drive_s1_c11_7001,"('rm', 'CTr', 'flexor')",0.1096823316371294,0.0
closed_G3_top20_drive_s1_c11_7001,"('rm', 'FTi', 'extensor')",0.16451324818761065,0.0
closed_G3_top20_drive_s1_c11_7001,"('rm', 'FTi', 'flexor')",0.04201956554278354,0.0
closed_G3_top20_drive_s1_c11_7001,"('rm', 'ThC', 'adductor')",0.0,0.0
closed_G3_top20_drive_s1_c11_7001,"('rm', 'ThC', 'rotator_ant')",0.04963466612032815,0.0
closed_G3_top20_drive_s1_c11_7001,"('rm', 'ThC', 'rotator_post')",0.0850377567033814,0.0
closed_G3_top20_drive_s1_c11_7001,"('rm', 'TiTa', 'depressor')",0.0,0.0
closed_G3_top20_drive_s1_c11_7001,"('rm', 'TiTa', 'levator')",0.0,0.0
closed_G3_top20_drive_s1_c11_7001,"('rm', 'TrF', 'reductor')",0.07597179182274211,0.0
closed_G3_top20_drive_s1_c11_7002,"('lf', 'CTr', 'extensor')",0.07257785501324747,0.0
closed_G3_top20_drive_s1_c11_7002,"('lf', 'CTr', 'flexor')",0.08709155006865325,0.0
closed_G3_top20_drive_s1_c11_7002,"('lf', 'FTi', 'extensor')",0.029974741126510756,0.0
closed_G3_top20_drive_s1_c11_7002,"('lf', 'FTi', 'flexor')",0.02374651634433195,0.0
closed_G3_top20_drive_s1_c11_7002,"('lf', 'ThC', 'adductor')",0.0,0.0
closed_G3_top20_drive_s1_c11_7002,"('lf', 'ThC', 'promotor')",0.2633640655436982,0.0
closed_G3_top20_drive_s1_c11_7002,"('lf', 'ThC', 'remotor')",7.028614449950385e-09,0.0
closed_G3_top20_drive_s1_c11_7002,"('lf', 'ThC', 'rotator_ant')",0.10383083648972628,0.0
closed_G3_top20_drive_s1_c11_7002,"('lf', 'ThC', 'rotator_post')",0.0005533069882796645,0.0
closed_G3_top20_drive_s1_c11_7002,"('lf', 'TiTa', 'depressor')",0.0,0.0
closed_G3_top20_drive_s1_c11_7002,"('lf', 'TiTa', 'levator')",0.0,0.0
closed_G3_top20_drive_s1_c11_7002,"('lf', 'TrF', 'reductor')",0.10927212276852621,0.0
closed_G3_top20_drive_s1_c11_7002,"('lh', 'CTr', 'extensor')",0.16149898149574465,0.0
closed_G3_top20_drive_s1_c11_7002,"('lh', 'CTr', 'flexor')",0.1363959925632479,0.0
closed_G3_top20_drive_s1_c11_7002,"('lh', 'FTi', 'extensor')",0.20816329827163305,0.0
closed_G3_top20_drive_s1_c11_7002,"('lh', 'FTi', 'flexor')",0.06203219907176267,0.0
closed_G3_top20_drive_s1_c11_7002,"('lh', 'ThC', 'adductor')",0.06513591312918765,0.0
closed_G3_top20_drive_s1_c11_7002,"('lh', 'ThC', 'remotor')",0.0,0.0
closed_G3_top20_drive_s1_c11_7002,"('lh', 'ThC', 'rotator_ant')",0.05752026083954265,0.0
closed_G3_top20_drive_s1_c11_7002,"('lh', 'ThC', 'rotator_post')",0.10722845129210241,0.0
closed_G3_top20_drive_s1_c11_7002,"('lh', 'TiTa', 'depressor')",0.0001191117025907813,0.0
closed_G3_top20_drive_s1_c11_7002,"('lh', 'TiTa', 'levator')",0.0,0.0
closed_G3_top20_drive_s1_c11_7002,"('lh', 'TrF', 'reductor')",0.11857088245042936,0.0
closed_G3_top20_drive_s1_c11_7002,"('lm', 'CTr', 'extensor')",0.09020400000357036,0.0
closed_G3_top20_drive_s1_c11_7002,"('lm', 'CTr', 'flexor')",0.12635744013974343,0.0
closed_G3_top20_drive_s1_c11_7002,"('lm', 'FTi', 'extensor')",0.1032225468043785,0.0
closed_G3_top20_drive_s1_c11_7002,"('lm', 'FTi', 'flexor')",0.06927508613935039,0.0
closed_G3_top20_drive_s1_c11_7002,"('lm', 'ThC', 'remotor')",0.0,0.0
closed_G3_top20_drive_s1_c11_7002,"('lm', 'ThC', 'rotator_ant')",0.1252257226375433,0.0
closed_G3_top20_drive_s1_c11_7002,"('lm', 'ThC', 'rotator_post')",0.016221489579208957,0.0
closed_G3_top20_drive_s1_c11_7002,"('lm', 'TiTa', 'depressor')",0.0,0.0
closed_G3_top20_drive_s1_c11_7002,"('lm', 'TiTa', 'levator')",0.0,0.0
closed_G3_top20_drive_s1_c11_7002,"('lm', 'TrF', 'reductor')",0.014629096354418794,0.0
closed_G3_top20_drive_s1_c11_7002,"('rf', 'CTr', 'extensor')",0.06936795244172958,0.0
closed_G3_top20_drive_s1_c11_7002,"('rf', 'CTr', 'flexor')",0.11824606309065423,0.0
closed_G3_top20_drive_s1_c11_7002,"('rf', 'FTi', 'extensor')",0.11100828372526111,0.0
closed_G3_top20_drive_s1_c11_7002,"('rf', 'FTi', 'flexor')",0.025426369604275925,0.0
closed_G3_top20_drive_s1_c11_7002,"('rf', 'ThC', 'adductor')",0.0,0.0
closed_G3_top20_drive_s1_c11_7002,"('rf', 'ThC', 'promotor')",0.20944187026914104,0.0
closed_G3_top20_drive_s1_c11_7002,"('rf', 'ThC', 'remotor')",0.06621979360650598,0.0
closed_G3_top20_drive_s1_c11_7002,"('rf', 'ThC', 'rotator_ant')",0.09581116023111626,0.0
closed_G3_top20_drive_s1_c11_7002,"('rf', 'ThC', 'rotator_post')",9.139440105200545e-06,0.0
closed_G3_top20_drive_s1_c11_7002,"('rf', 'TiTa', 'depressor')",0.00012820512820508744,0.0
closed_G3_top20_drive_s1_c11_7002,"('rf', 'TiTa', 'levator')",0.0,0.0
closed_G3_top20_drive_s1_c11_7002,"('rf', 'TrF', 'reductor')",0.08009106214802732,0.0
closed_G3_top20_drive_s1_c11_7002,"('rh', 'CTr', 'extensor')",0.18824420252248442,0.0
closed_G3_top20_drive_s1_c11_7002,"('rh', 'CTr', 'flexor')",0.08285043474053991,0.0
closed_G3_top20_drive_s1_c11_7002,"('rh', 'FTi', 'extensor')",0.1810551975974356,0.0
closed_G3_top20_drive_s1_c11_7002,"('rh', 'FTi', 'flexor')",0.04909516547309762,0.0
closed_G3_top20_drive_s1_c11_7002,"('rh', 'ThC', 'adductor')",0.03926327256749177,0.0
closed_G3_top20_drive_s1_c11_7002,"('rh', 'ThC', 'remotor')",0.0,0.0
closed_G3_top20_drive_s1_c11_7002,"('rh', 'ThC', 'rotator_ant')",0.013314854635719877,0.0
closed_G3_top20_drive_s1_c11_7002,"('rh', 'ThC', 'rotator_post')",0.1163694158835165,0.0
closed_G3_top20_drive_s1_c11_7002,"('rh', 'TiTa', 'depressor')",0.00030303030299131463,0.0
closed_G3_top20_drive_s1_c11_7002,"('rh', 'TiTa', 'levator')",0.0,0.0
closed_G3_top20_drive_s1_c11_7002,"('rh', 'TrF', 'reductor')",0.09870569708012923,0.0
closed_G3_top20_drive_s1_c11_7002,"('rm', 'CTr', 'extensor')",0.016827367960243957,0.0
closed_G3_top20_drive_s1_c11_7002,"('rm', 'CTr', 'flexor')",0.11129134494320198,0.0
closed_G3_top20_drive_s1_c11_7002,"('rm', 'FTi', 'extensor')",0.16229156118534013,0.0
closed_G3_top20_drive_s1_c11_7002,"('rm', 'FTi', 'flexor')",0.038774465136779665,0.0
closed_G3_top20_drive_s1_c11_7002,"('rm', 'ThC', 'adductor')",0.0,0.0
closed_G3_top20_drive_s1_c11_7002,"('rm', 'ThC', 'rotator_ant')",0.06387109000056802,0.0
closed_G3_top20_drive_s1_c11_7002,"('rm', 'ThC', 'rotator_post')",0.0876643514269931,0.0
closed_G3_top20_drive_s1_c11_7002,"('rm', 'TiTa', 'depressor')",0.0,0.0
closed_G3_top20_drive_s1_c11_7002,"('rm', 'TiTa', 'levator')",0.0,0.0
closed_G3_top20_drive_s1_c11_7002,"('rm', 'TrF', 'reductor')",0.07655031583521654,0.0
closed_G3_top20_drive_s1_c11_7003,"('lf', 'CTr', 'extensor')",0.0536656364476176,0.0
closed_G3_top20_drive_s1_c11_7003,"('lf', 'CTr', 'flexor')",0.07763195168970731,0.0
closed_G3_top20_drive_s1_c11_7003,"('lf', 'FTi', 'extensor')",0.03790065117549478,0.0
closed_G3_top20_drive_s1_c11_7003,"('lf', 'FTi', 'flexor')",0.02414815546777909,0.0
closed_G3_top20_drive_s1_c11_7003,"('lf', 'ThC', 'adductor')",0.0,0.0
closed_G3_top20_drive_s1_c11_7003,"('lf', 'ThC', 'promotor')",0.25929210094349325,0.0
closed_G3_top20_drive_s1_c11_7003,"('lf', 'ThC', 'remotor')",0.0067868492821782445,0.0
closed_G3_top20_drive_s1_c11_7003,"('lf', 'ThC', 'rotator_ant')",0.04993331858409149,0.0
closed_G3_top20_drive_s1_c11_7003,"('lf', 'ThC', 'rotator_post')",0.040802921427135624,0.0
closed_G3_top20_drive_s1_c11_7003,"('lf', 'TiTa', 'depressor')",0.0,0.0
closed_G3_top20_drive_s1_c11_7003,"('lf', 'TiTa', 'levator')",0.0,0.0
closed_G3_top20_drive_s1_c11_7003,"('lf', 'TrF', 'reductor')",0.1135053537811602,0.0
closed_G3_top20_drive_s1_c11_7003,"('lh', 'CTr', 'extensor')",0.1380871278877768,0.0
closed_G3_top20_drive_s1_c11_7003,"('lh', 'CTr', 'flexor')",0.16472208373919103,0.0
closed_G3_top20_drive_s1_c11_7003,"('lh', 'FTi', 'extensor')",0.18787356637173708,0.0
closed_G3_top20_drive_s1_c11_7003,"('lh', 'FTi', 'flexor')",0.06057784087731533,0.0
closed_G3_top20_drive_s1_c11_7003,"('lh', 'ThC', 'adductor')",0.07113791149727727,0.0
closed_G3_top20_drive_s1_c11_7003,"('lh', 'ThC', 'remotor')",0.0,0.0
closed_G3_top20_drive_s1_c11_7003,"('lh', 'ThC', 'rotator_ant')",0.06250279534279705,0.0
closed_G3_top20_drive_s1_c11_7003,"('lh', 'ThC', 'rotator_post')",0.10753894555111115,0.0
closed_G3_top20_drive_s1_c11_7003,"('lh', 'TiTa', 'depressor')",0.0,0.0
closed_G3_top20_drive_s1_c11_7003,"('lh', 'TiTa', 'levator')",0.0,0.0
closed_G3_top20_drive_s1_c11_7003,"('lh', 'TrF', 'reductor')",0.13069726447557015,0.0
closed_G3_top20_drive_s1_c11_7003,"('lm', 'CTr', 'extensor')",0.09099320167377566,0.0
closed_G3_top20_drive_s1_c11_7003,"('lm', 'CTr', 'flexor')",0.11629995839728983,0.0
closed_G3_top20_drive_s1_c11_7003,"('lm', 'FTi', 'extensor')",0.0962947405161115,0.0
closed_G3_top20_drive_s1_c11_7003,"('lm', 'FTi', 'flexor')",0.06215111198005779,0.0
closed_G3_top20_drive_s1_c11_7003,"('lm', 'ThC', 'remotor')",0.0,0.0
closed_G3_top20_drive_s1_c11_7003,"('lm', 'ThC', 'rotator_ant')",0.131618885128471,0.0
closed_G3_top20_drive_s1_c11_7003,"('lm', 'ThC', 'rotator_post')",0.003631058663331802,0.0
closed_G3_top20_drive_s1_c11_7003,"('lm', 'TiTa', 'depressor')",0.0,0.0
closed_G3_top20_drive_s1_c11_7003,"('lm', 'TiTa', 'levator')",0.0,0.0
closed_G3_top20_drive_s1_c11_7003,"('lm', 'TrF', 'reductor')",0.011265865265023284,0.0
closed_G3_top20_drive_s1_c11_7003,"('rf', 'CTr', 'extensor')",0.03461033057992292,0.0
closed_G3_top20_drive_s1_c11_7003,"('rf', 'CTr', 'flexor')",0.1349802293887029,0.0
closed_G3_top20_drive_s1_c11_7003,"('rf', 'FTi', 'extensor')",0.1033125444094649,0.0
closed_G3_top20_drive_s1_c11_7003,"('rf', 'FTi', 'flexor')",0.026384166278131987,0.0
closed_G3_top20_drive_s1_c11_7003,"('rf', 'ThC', 'adductor')",0.0,0.0
closed_G3_top20_drive_s1_c11_7003,"('rf', 'ThC', 'promotor')",0.19124988077464516,0.0
closed_G3_top20_drive_s1_c11_7003,"('rf', 'ThC', 'remotor')",0.06666534273651323,0.0
closed_G3_top20_drive_s1_c11_7003,"('rf', 'ThC', 'rotator_ant')",0.06535284387530627,0.0
closed_G3_top20_drive_s1_c11_7003,"('rf', 'ThC', 'rotator_post')",0.003999942103213064,0.0
closed_G3_top20_drive_s1_c11_7003,"('rf', 'TiTa', 'depressor')",0.0,0.0
closed_G3_top20_drive_s1_c11_7003,"('rf', 'TiTa', 'levator')",0.0,0.0
closed_G3_top20_drive_s1_c11_7003,"('rf', 'TrF', 'reductor')",0.0899638754715013,0.0
closed_G3_top20_drive_s1_c11_7003,"('rh', 'CTr', 'extensor')",0.1830322928792328,0.0
closed_G3_top20_drive_s1_c11_7003,"('rh', 'CTr', 'flexor')",0.08786626243485714,0.0
closed_G3_top20_drive_s1_c11_7003,"('rh', 'FTi', 'extensor')",0.1745310718539558,0.0
closed_G3_top20_drive_s1_c11_7003,"('rh', 'FTi', 'flexor')",0.05027337718298542,0.0
closed_G3_top20_drive_s1_c11_7003,"('rh', 'ThC', 'adductor')",0.041868777375656,0.0
closed_G3_top20_drive_s1_c11_7003,"('rh', 'ThC', 'remotor')",0.0,0.0
closed_G3_top20_drive_s1_c11_7003,"('rh', 'ThC', 'rotator_ant')",0.016709462372736728,0.0
closed_G3_top20_drive_s1_c11_7003,"('rh', 'ThC', 'rotator_post')",0.12108135782507304,0.0
closed_G3_top20_drive_s1_c11_7003,"('rh', 'TiTa', 'depressor')",0.0,0.0
closed_G3_top20_drive_s1_c11_7003,"('rh', 'TiTa', 'levator')",0.0,0.0
closed_G3_top20_drive_s1_c11_7003,"('rh', 'TrF', 'reductor')",0.1080370241228729,0.0
closed_G3_top20_drive_s1_c11_7003,"('rm', 'CTr', 'extensor')",0.022922663400045507,0.0
closed_G3_top20_drive_s1_c11_7003,"('rm', 'CTr', 'flexor')",0.10776417342643187,0.0
closed_G3_top20_drive_s1_c11_7003,"('rm', 'FTi', 'extensor')",0.1411189752386734,0.0
closed_G3_top20_drive_s1_c11_7003,"('rm', 'FTi', 'flexor')",0.03901917937452384,0.0
closed_G3_top20_drive_s1_c11_7003,"('rm', 'ThC', 'adductor')",0.0,0.0
closed_G3_top20_drive_s1_c11_7003,"('rm', 'ThC', 'rotator_ant')",0.09075910726184605,0.0
closed_G3_top20_drive_s1_c11_7003,"('rm', 'ThC', 'rotator_post')",0.035896243630325564,0.0
closed_G3_top20_drive_s1_c11_7003,"('rm', 'TiTa', 'depressor')",0.0,0.0
closed_G3_top20_drive_s1_c11_7003,"('rm', 'TiTa', 'levator')",0.0,0.0
closed_G3_top20_drive_s1_c11_7003,"('rm', 'TrF', 'reductor')",0.0827800631577269,0.0
closed_G3_top20_drive_s1_c11_7004,"('lf', 'CTr', 'extensor')",0.07066277706786608,0.0
closed_G3_top20_drive_s1_c11_7004,"('lf', 'CTr', 'flexor')",0.07071860290354631,0.0
closed_G3_top20_drive_s1_c11_7004,"('lf', 'FTi', 'extensor')",0.039611838686646916,0.0
closed_G3_top20_drive_s1_c11_7004,"('lf', 'FTi', 'flexor')",0.024973660738171744,0.0
closed_G3_top20_drive_s1_c11_7004,"('lf', 'ThC', 'adductor')",0.0,0.0
closed_G3_top20_drive_s1_c11_7004,"('lf', 'ThC', 'promotor')",0.2576789888728737,0.0
closed_G3_top20_drive_s1_c11_7004,"('lf', 'ThC', 'remotor')",0.004397389454249975,0.0
closed_G3_top20_drive_s1_c11_7004,"('lf', 'ThC', 'rotator_ant')",0.0492440664821414,0.0
closed_G3_top20_drive_s1_c11_7004,"('lf', 'ThC', 'rotator_post')",0.03376346430058108,0.0
closed_G3_top20_drive_s1_c11_7004,"('lf', 'TiTa', 'depressor')",0.0,0.0
closed_G3_top20_drive_s1_c11_7004,"('lf', 'TiTa', 'levator')",0.0,0.0
closed_G3_top20_drive_s1_c11_7004,"('lf', 'TrF', 'reductor')",0.10876888084235747,0.0
closed_G3_top20_drive_s1_c11_7004,"('lh', 'CTr', 'extensor')",0.14862957877783048,0.0
closed_G3_top20_drive_s1_c11_7004,"('lh', 'CTr', 'flexor')",0.14948141425156317,0.0
closed_G3_top20_drive_s1_c11_7004,"('lh', 'FTi', 'extensor')",0.1904322829435645,0.0
closed_G3_top20_drive_s1_c11_7004,"('lh', 'FTi', 'flexor')",0.06053341948734036,0.0
closed_G3_top20_drive_s1_c11_7004,"('lh', 'ThC', 'adductor')",0.06383409586964518,0.0
closed_G3_top20_drive_s1_c11_7004,"('lh', 'ThC', 'remotor')",0.0,0.0
closed_G3_top20_drive_s1_c11_7004,"('lh', 'ThC', 'rotator_ant')",0.05083978915640899,0.0
closed_G3_top20_drive_s1_c11_7004,"('lh', 'ThC', 'rotator_post')",0.10071891956930124,0.0
closed_G3_top20_drive_s1_c11_7004,"('lh', 'TiTa', 'depressor')",0.0,0.0
closed_G3_top20_drive_s1_c11_7004,"('lh', 'TiTa', 'levator')",0.0,0.0
closed_G3_top20_drive_s1_c11_7004,"('lh', 'TrF', 'reductor')",0.1124185964720256,0.0
closed_G3_top20_drive_s1_c11_7004,"('lm', 'CTr', 'extensor')",0.08751237230094472,0.0
closed_G3_top20_drive_s1_c11_7004,"('lm', 'CTr', 'flexor')",0.11636445976579796,0.0
closed_G3_top20_drive_s1_c11_7004,"('lm', 'FTi', 'extensor')",0.09139324660347707,0.0
closed_G3_top20_drive_s1_c11_7004,"('lm', 'FTi', 'flexor')",0.06396034732727898,0.0
closed_G3_top20_drive_s1_c11_7004,"('lm', 'ThC', 'remotor')",0.0,0.0
closed_G3_top20_drive_s1_c11_7004,"('lm', 'ThC', 'rotator_ant')",0.11944670258669872,0.0
closed_G3_top20_drive_s1_c11_7004,"('lm', 'ThC', 'rotator_post')",0.002534093276767232,0.0
closed_G3_top20_drive_s1_c11_7004,"('lm', 'TiTa', 'depressor')",0.0,0.0
closed_G3_top20_drive_s1_c11_7004,"('lm', 'TiTa', 'levator')",0.0,0.0
closed_G3_top20_drive_s1_c11_7004,"('lm', 'TrF', 'reductor')",0.011463490759862879,0.0
closed_G3_top20_drive_s1_c11_7004,"('rf', 'CTr', 'extensor')",0.04913063395237109,0.0
closed_G3_top20_drive_s1_c11_7004,"('rf', 'CTr', 'flexor')",0.13242544815094293,0.0
closed_G3_top20_drive_s1_c11_7004,"('rf', 'FTi', 'extensor')",0.10264600265847884,0.0
closed_G3_top20_drive_s1_c11_7004,"('rf', 'FTi', 'flexor')",0.027634065760912284,0.0
closed_G3_top20_drive_s1_c11_7004,"('rf', 'ThC', 'adductor')",0.0,0.0
closed_G3_top20_drive_s1_c11_7004,"('rf', 'ThC', 'promotor')",0.19384725942348502,0.0
closed_G3_top20_drive_s1_c11_7004,"('rf', 'ThC', 'remotor')",0.06528155159738266,0.0
closed_G3_top20_drive_s1_c11_7004,"('rf', 'ThC', 'rotator_ant')",0.06758042329799935,0.0
closed_G3_top20_drive_s1_c11_7004,"('rf', 'ThC', 'rotator_post')",0.003656476363746266,0.0
closed_G3_top20_drive_s1_c11_7004,"('rf', 'TiTa', 'depressor')",0.0,0.0
closed_G3_top20_drive_s1_c11_7004,"('rf', 'TiTa', 'levator')",0.0,0.0
closed_G3_top20_drive_s1_c11_7004,"('rf', 'TrF', 'reductor')",0.08823537550091232,0.0
closed_G3_top20_drive_s1_c11_7004,"('rh', 'CTr', 'extensor')",0.1838004588117288,0.0
closed_G3_top20_drive_s1_c11_7004,"('rh', 'CTr', 'flexor')",0.08731866751391802,0.0
closed_G3_top20_drive_s1_c11_7004,"('rh', 'FTi', 'extensor')",0.19208400799142777,0.0
closed_G3_top20_drive_s1_c11_7004,"('rh', 'FTi', 'flexor')",0.050085220182933286,0.0
closed_G3_top20_drive_s1_c11_7004,"('rh', 'ThC', 'adductor')",0.052935893379587234,0.0
closed_G3_top20_drive_s1_c11_7004,"('rh', 'ThC', 'remotor')",0.0,0.0
closed_G3_top20_drive_s1_c11_7004,"('rh', 'ThC', 'rotator_ant')",0.018063280366703505,0.0
closed_G3_top20_drive_s1_c11_7004,"('rh', 'ThC', 'rotator_post')",0.11773881117650656,0.0
closed_G3_top20_drive_s1_c11_7004,"('rh', 'TiTa', 'depressor')",0.0,0.0
closed_G3_top20_drive_s1_c11_7004,"('rh', 'TiTa', 'levator')",0.0,0.0
closed_G3_top20_drive_s1_c11_7004,"('rh', 'TrF', 'reductor')",0.129049005092008,0.0
closed_G3_top20_drive_s1_c11_7004,"('rm', 'CTr', 'extensor')",0.014479425677021786,0.0
closed_G3_top20_drive_s1_c11_7004,"('rm', 'CTr', 'flexor')",0.1193454668880545,0.0
closed_G3_top20_drive_s1_c11_7004,"('rm', 'FTi', 'extensor')",0.15432520855816897,0.0
closed_G3_top20_drive_s1_c11_7004,"('rm', 'FTi', 'flexor')",0.04360143679715414,0.0
closed_G3_top20_drive_s1_c11_7004,"('rm', 'ThC', 'adductor')",0.0,0.0
closed_G3_top20_drive_s1_c11_7004,"('rm', 'ThC', 'rotator_ant')",0.05230097460692818,0.0
closed_G3_top20_drive_s1_c11_7004,"('rm', 'ThC', 'rotator_post')",0.0801176676306543,0.0
closed_G3_top20_drive_s1_c11_7004,"('rm', 'TiTa', 'depressor')",0.0,0.0
closed_G3_top20_drive_s1_c11_7004,"('rm', 'TiTa', 'levator')",0.0,0.0
closed_G3_top20_drive_s1_c11_7004,"('rm', 'TrF', 'reductor')",0.06922075010529243,0.0
closed_G3_top20_drive_s2_c00_7000,"('lf', 'CTr', 'extensor')",0.05861097597855334,0.0
closed_G3_top20_drive_s2_c00_7000,"('lf', 'CTr', 'flexor')",0.08953704108693467,0.0
closed_G3_top20_drive_s2_c00_7000,"('lf', 'FTi', 'extensor')",0.06852787707405789,0.0
closed_G3_top20_drive_s2_c00_7000,"('lf', 'FTi', 'flexor')",0.020974815043483763,0.0
closed_G3_top20_drive_s2_c00_7000,"('lf', 'ThC', 'adductor')",0.0,0.0
closed_G3_top20_drive_s2_c00_7000,"('lf', 'ThC', 'promotor')",0.3190124479225448,0.0
closed_G3_top20_drive_s2_c00_7000,"('lf', 'ThC', 'remotor')",0.0006666737492823848,0.0
closed_G3_top20_drive_s2_c00_7000,"('lf', 'ThC', 'rotator_ant')",0.12262829947873435,0.0
closed_G3_top20_drive_s2_c00_7000,"('lf', 'ThC', 'rotator_post')",0.0003333397050871606,0.0
closed_G3_top20_drive_s2_c00_7000,"('lf', 'TiTa', 'depressor')",0.0001518714725726011,0.0
closed_G3_top20_drive_s2_c00_7000,"('lf', 'TiTa', 'levator')",0.0,0.0
closed_G3_top20_drive_s2_c00_7000,"('lf', 'TrF', 'reductor')",0.1207049440504687,0.0
closed_G3_top20_drive_s2_c00_7000,"('lh', 'CTr', 'extensor')",0.017539539172724324,0.0
closed_G3_top20_drive_s2_c00_7000,"('lh', 'CTr', 'flexor')",0.24459980436115925,0.0
closed_G3_top20_drive_s2_c00_7000,"('lh', 'FTi', 'extensor')",0.2770240628531623,0.0
closed_G3_top20_drive_s2_c00_7000,"('lh', 'FTi', 'flexor')",0.010699104888058853,0.0
closed_G3_top20_drive_s2_c00_7000,"('lh', 'ThC', 'adductor')",0.08223178508148411,0.0
closed_G3_top20_drive_s2_c00_7000,"('lh', 'ThC', 'remotor')",0.0,0.0
closed_G3_top20_drive_s2_c00_7000,"('lh', 'ThC', 'rotator_ant')",0.09662516597403219,0.0
closed_G3_top20_drive_s2_c00_7000,"('lh', 'ThC', 'rotator_post')",0.09032705945953476,0.0
closed_G3_top20_drive_s2_c00_7000,"('lh', 'TiTa', 'depressor')",0.0,0.0
closed_G3_top20_drive_s2_c00_7000,"('lh', 'TiTa', 'levator')",0.0,0.0
closed_G3_top20_drive_s2_c00_7000,"('lh', 'TrF', 'reductor')",0.10265628896451401,0.0
closed_G3_top20_drive_s2_c00_7000,"('lm', 'CTr', 'extensor')",0.02997575382106606,0.0
closed_G3_top20_drive_s2_c00_7000,"('lm', 'CTr', 'flexor')",0.15436397598184026,0.0
closed_G3_top20_drive_s2_c00_7000,"('lm', 'FTi', 'extensor')",0.24503039639399804,0.0
closed_G3_top20_drive_s2_c00_7000,"('lm', 'FTi', 'flexor')",0.02514921109979388,0.0
closed_G3_top20_drive_s2_c00_7000,"('lm', 'ThC', 'remotor')",0.0,0.0
closed_G3_top20_drive_s2_c00_7000,"('lm', 'ThC', 'rotator_ant')",0.198788584019789,0.0
closed_G3_top20_drive_s2_c00_7000,"('lm', 'ThC', 'rotator_post')",2.645358238538402e-09,0.0
closed_G3_top20_drive_s2_c00_7000,"('lm', 'TiTa', 'depressor')",0.0,0.0
closed_G3_top20_drive_s2_c00_7000,"('lm', 'TiTa', 'levator')",0.0,0.0
closed_G3_top20_drive_s2_c00_7000,"('lm', 'TrF', 'reductor')",2.2021187759484174e-08,0.0
closed_G3_top20_drive_s2_c00_7000,"('rf', 'CTr', 'extensor')",0.09783546951300755,0.0
closed_G3_top20_drive_s2_c00_7000,"('rf', 'CTr', 'flexor')",0.13671592595853016,0.0
closed_G3_top20_drive_s2_c00_7000,"('rf', 'FTi', 'extensor')",0.17200925101833736,0.0
closed_G3_top20_drive_s2_c00_7000,"('rf', 'FTi', 'flexor')",0.01937585032937081,0.0
closed_G3_top20_drive_s2_c00_7000,"('rf', 'ThC', 'adductor')",0.0,0.0
closed_G3_top20_drive_s2_c00_7000,"('rf', 'ThC', 'promotor')",0.22688524839858765,0.0
closed_G3_top20_drive_s2_c00_7000,"('rf', 'ThC', 'remotor')",0.036692749814754816,0.0
closed_G3_top20_drive_s2_c00_7000,"('rf', 'ThC', 'rotator_ant')",0.08666138925251461,0.0
closed_G3_top20_drive_s2_c00_7000,"('rf', 'ThC', 'rotator_post')",9.822080992427965e-09,0.0
closed_G3_top20_drive_s2_c00_7000,"('rf', 'TiTa', 'depressor')",0.007608614303033547,0.0
closed_G3_top20_drive_s2_c00_7000,"('rf', 'TiTa', 'levator')",0.0,0.0
closed_G3_top20_drive_s2_c00_7000,"('rf', 'TrF', 'reductor')",0.06332884844150524,0.0
closed_G3_top20_drive_s2_c00_7000,"('rh', 'CTr', 'extensor')",0.08482377996966112,0.0
closed_G3_top20_drive_s2_c00_7000,"('rh', 'CTr', 'flexor')",0.15416517280952122,0.0
closed_G3_top20_drive_s2_c00_7000,"('rh', 'FTi', 'extensor')",0.28510460976611013,0.0
closed_G3_top20_drive_s2_c00_7000,"('rh', 'FTi', 'flexor')",0.005394756642033038,0.0
closed_G3_top20_drive_s2_c00_7000,"('rh', 'ThC', 'adductor')",0.036740590578087325,0.0
closed_G3_top20_drive_s2_c00_7000,"('rh', 'ThC', 'remotor')",0.0,0.0
closed_G3_top20_drive_s2_c00_7000,"('rh', 'ThC', 'rotator_ant')",0.024629405028033506,0.0
closed_G3_top20_drive_s2_c00_7000,"('rh', 'ThC', 'rotator_post')",0.15733724982763053,0.0
closed_G3_top20_drive_s2_c00_7000,"('rh', 'TiTa', 'depressor')",0.0,0.0
closed_G3_top20_drive_s2_c00_7000,"('rh', 'TiTa', 'levator')",0.0,0.0
closed_G3_top20_drive_s2_c00_7000,"('rh', 'TrF', 'reductor')",0.08448239135365977,0.0
closed_G3_top20_drive_s2_c00_7000,"('rm', 'CTr', 'extensor')",0.0075000813404714145,0.0
closed_G3_top20_drive_s2_c00_7000,"('rm', 'CTr', 'flexor')",0.1592876413124116,0.0
closed_G3_top20_drive_s2_c00_7000,"('rm', 'FTi', 'extensor')",0.2839880320888055,0.0
closed_G3_top20_drive_s2_c00_7000,"('rm', 'FTi', 'flexor')",0.01207360327501448,0.0
closed_G3_top20_drive_s2_c00_7000,"('rm', 'ThC', 'adductor')",0.0,0.0
closed_G3_top20_drive_s2_c00_7000,"('rm', 'ThC', 'rotator_ant')",0.17219826786250406,0.0
closed_G3_top20_drive_s2_c00_7000,"('rm', 'ThC', 'rotator_post')",8.205245784951426e-09,0.0
closed_G3_top20_drive_s2_c00_7000,"('rm', 'TiTa', 'depressor')",0.0,0.0
closed_G3_top20_drive_s2_c00_7000,"('rm', 'TiTa', 'levator')",0.0,0.0
closed_G3_top20_drive_s2_c00_7000,"('rm', 'TrF', 'reductor')",0.05824766747129432,0.0
closed_G3_top20_drive_s2_c00_7001,"('lf', 'CTr', 'extensor')",0.07450320702193992,0.0
closed_G3_top20_drive_s2_c00_7001,"('lf', 'CTr', 'flexor')",0.08886156406578967,0.0
closed_G3_top20_drive_s2_c00_7001,"('lf', 'FTi', 'extensor')",0.0712493926760499,0.0
closed_G3_top20_drive_s2_c00_7001,"('lf', 'FTi', 'flexor')",0.02046338635333699,0.0
closed_G3_top20_drive_s2_c00_7001,"('lf', 'ThC', 'adductor')",0.0,0.0
closed_G3_top20_drive_s2_c00_7001,"('lf', 'ThC', 'promotor')",0.29969284473117286,0.0
closed_G3_top20_drive_s2_c00_7001,"('lf', 'ThC', 'remotor')",0.0016666698416689016,0.0
closed_G3_top20_drive_s2_c00_7001,"('lf', 'ThC', 'rotator_ant')",0.07159069784921522,0.0
closed_G3_top20_drive_s2_c00_7001,"('lf', 'ThC', 'rotator_post')",0.005634412631516188,0.0
closed_G3_top20_drive_s2_c00_7001,"('lf', 'TiTa', 'depressor')",0.0,0.0
closed_G3_top20_drive_s2_c00_7001,"('lf', 'TiTa', 'levator')",0.0,0.0
closed_G3_top20_drive_s2_c00_7001,"('lf', 'TrF', 'reductor')",0.12692708252165855,0.0
closed_G3_top20_drive_s2_c00_7001,"('lh', 'CTr', 'extensor')",0.08429093618200466,0.0
closed_G3_top20_drive_s2_c00_7001,"('lh', 'CTr', 'flexor')",0.2092949671093934,0.0
closed_G3_top20_drive_s2_c00_7001,"('lh', 'FTi', 'extensor')",0.29060175273538236,0.0
closed_G3_top20_drive_s2_c00_7001,"('lh', 'FTi', 'flexor')",0.020034676020502053,0.0
closed_G3_top20_drive_s2_c00_7001,"('lh', 'ThC', 'adductor')",0.02327066175889964,0.0
closed_G3_top20_drive_s2_c00_7001,"('lh', 'ThC', 'remotor')",0.0,0.0
closed_G3_top20_drive_s2_c00_7001,"('lh', 'ThC', 'rotator_ant')",0.045397261065038406,0.0
closed_G3_top20_drive_s2_c00_7001,"('lh', 'ThC', 'rotator_post')",0.10009731916949856,0.0
closed_G3_top20_drive_s2_c00_7001,"('lh', 'TiTa', 'depressor')",0.0,0.0
closed_G3_top20_drive_s2_c00_7001,"('lh', 'TiTa', 'levator')",0.0,0.0
closed_G3_top20_drive_s2_c00_7001,"('lh', 'TrF', 'reductor')",0.06616440126700107,0.0
closed_G3_top20_drive_s2_c00_7001,"('lm', 'CTr', 'extensor')",0.023382656432662286,0.0
closed_G3_top20_drive_s2_c00_7001,"('lm', 'CTr', 'flexor')",0.17691621704322757,0.0
closed_G3_top20_drive_s2_c00_7001,"('lm', 'FTi', 'extensor')",0.2551809497327052,0.0
closed_G3_top20_drive_s2_c00_7001,"('lm', 'FTi', 'flexor')",0.019044638170537455,0.0
closed_G3_top20_drive_s2_c00_7001,"('lm', 'ThC', 'remotor')",0.0,0.0
closed_G3_top20_drive_s2_c00_7001,"('lm', 'ThC', 'rotator_ant')",0.18358377122304104,0.0
closed_G3_top20_drive_s2_c00_7001,"('lm', 'ThC', 'rotator_post')",7.430600594708372e-09,0.0
closed_G3_top20_drive_s2_c00_7001,"('lm', 'TiTa', 'depressor')",0.0,0.0
closed_G3_top20_drive_s2_c00_7001,"('lm', 'TiTa', 'levator')",0.0,0.0
closed_G3_top20_drive_s2_c00_7001,"('lm', 'TrF', 'reductor')",1.5686323119186605e-07,0.0
closed_G3_top20_drive_s2_c00_7001,"('rf', 'CTr', 'extensor')",0.11382954386480428,0.0
closed_G3_top20_drive_s2_c00_7001,"('rf', 'CTr', 'flexor')",0.13825272765199628,0.0
closed_G3_top20_drive_s2_c00_7001,"('rf', 'FTi', 'extensor')",0.1838313600217128,0.0
closed_G3_top20_drive_s2_c00_7001,"('rf', 'FTi', 'flexor')",0.015384273878704308,0.0
closed_G3_top20_drive_s2_c00_7001,"('rf', 'ThC', 'adductor')",0.0,0.0
closed_G3_top20_drive_s2_c00_7001,"('rf', 'ThC', 'promotor')",0.2217169073846542,0.0
closed_G3_top20_drive_s2_c00_7001,"('rf', 'ThC', 'remotor')",0.06398780490129335,0.0
closed_G3_top20_drive_s2_c00_7001,"('rf', 'ThC', 'rotator_ant')",0.08316310589291656,0.0
closed_G3_top20_drive_s2_c00_7001,"('rf', 'ThC', 'rotator_post')",0.0022308810444565197,0.0
closed_G3_top20_drive_s2_c00_7001,"('rf', 'TiTa', 'depressor')",0.0032051206733059896,0.0
closed_G3_top20_drive_s2_c00_7001,"('rf', 'TiTa', 'levator')",0.0,0.0
closed_G3_top20_drive_s2_c00_7001,"('rf', 'TrF', 'reductor')",0.05383637894822677,0.0
closed_G3_top20_drive_s2_c00_7001,"('rh', 'CTr', 'extensor')",0.11211305805029438,0.0
closed_G3_top20_drive_s2_c00_7001,"('rh', 'CTr', 'flexor')",0.154276749119892,0.0
closed_G3_top20_drive_s2_c00_7001,"('rh', 'FTi', 'extensor')",0.2915975049559396,0.0
closed_G3_top20_drive_s2_c00_7001,"('rh', 'FTi', 'flexor')",0.007210717154926441,0.0
closed_G3_top20_drive_s2_c00_7001,"('rh', 'ThC', 'adductor')",0.04703838749828042,0.0
closed_G3_top20_drive_s2_c00_7001,"('rh', 'ThC', 'remotor')",0.0,0.0
closed_G3_top20_drive_s2_c00_7001,"('rh', 'ThC', 'rotator_ant')",0.027754831340386272,0.0
closed_G3_top20_drive_s2_c00_7001,"('rh', 'ThC', 'rotator_post')",0.11546396009025937,0.0
closed_G3_top20_drive_s2_c00_7001,"('rh', 'TiTa', 'depressor')",0.0,0.0
closed_G3_top20_drive_s2_c00_7001,"('rh', 'TiTa', 'levator')",0.0,0.0
closed_G3_top20_drive_s2_c00_7001,"('rh', 'TrF', 'reductor')",0.056076238698048175,0.0
closed_G3_top20_drive_s2_c00_7001,"('rm', 'CTr', 'extensor')",0.009238687074799684,0.0
closed_G3_top20_drive_s2_c00_7001,"('rm', 'CTr', 'flexor')",0.1459056281852655,0.0
closed_G3_top20_drive_s2_c00_7001,"('rm', 'FTi', 'extensor')",0.3015423344710347,0.0
closed_G3_top20_drive_s2_c00_7001,"('rm', 'FTi', 'flexor')",0.017624373173105314,0.0
closed_G3_top20_drive_s2_c00_7001,"('rm', 'ThC', 'adductor')",0.0,0.0
closed_G3_top20_drive_s2_c00_7001,"('rm', 'ThC', 'rotator_ant')",0.1397199959170482,0.0
closed_G3_top20_drive_s2_c00_7001,"('rm', 'ThC', 'rotator_post')",0.028691703806666097,0.0
closed_G3_top20_drive_s2_c00_7001,"('rm', 'TiTa', 'depressor')",1.5616659088150364e-11,0.0
closed_G3_top20_drive_s2_c00_7001,"('rm', 'TiTa', 'levator')",0.0,0.0
closed_G3_top20_drive_s2_c00_7001,"('rm', 'TrF', 'reductor')",0.0384721772852225,0.0
closed_G3_top20_drive_s2_c00_7002,"('lf', 'CTr', 'extensor')",0.05844517976538555,0.0
closed_G3_top20_drive_s2_c00_7002,"('lf', 'CTr', 'flexor')",0.10834840576558448,0.0
closed_G3_top20_drive_s2_c00_7002,"('lf', 'FTi', 'extensor')",0.0803542653467237,0.0
closed_G3_top20_drive_s2_c00_7002,"('lf', 'FTi', 'flexor')",0.01970226589851052,0.0
closed_G3_top20_drive_s2_c00_7002,"('lf', 'ThC', 'adductor')",1.4026662063003166e-12,0.0
closed_G3_top20_drive_s2_c00_7002,"('lf', 'ThC', 'promotor')",0.33053535381793064,0.0
closed_G3_top20_drive_s2_c00_7002,"('lf', 'ThC', 'remotor')",2.7337970701969268e-08,0.0
closed_G3_top20_drive_s2_c00_7002,"('lf', 'ThC', 'rotator_ant')",0.12922448183110716,0.0
closed_G3_top20_drive_s2_c00_7002,"('lf', 'ThC', 'rotator_post')",7.828684759918983e-07,0.0
closed_G3_top20_drive_s2_c00_7002,"('lf', 'TiTa', 'depressor')",0.0,0.0
closed_G3_top20_drive_s2_c00_7002,"('lf', 'TiTa', 'levator')",0.0,0.0
closed_G3_top20_drive_s2_c00_7002,"('lf', 'TrF', 'reductor')",0.15256355029120253,0.0
closed_G3_top20_drive_s2_c00_7002,"('lh', 'CTr', 'extensor')",0.09570781023485614,0.0
closed_G3_top20_drive_s2_c00_7002,"('lh', 'CTr', 'flexor')",0.2154508313941273,0.0
closed_G3_top20_drive_s2_c00_7002,"('lh', 'FTi', 'extensor')",0.2897945556226841,0.0
closed_G3_top20_drive_s2_c00_7002,"('lh', 'FTi', 'flexor')",0.022771416973771882,0.0
closed_G3_top20_drive_s2_c00_7002,"('lh', 'ThC', 'adductor')",0.033257966301662494,0.0
closed_G3_top20_drive_s2_c00_7002,"('lh', 'ThC', 'remotor')",0.0,0.0
closed_G3_top20_drive_s2_c00_7002,"('lh', 'ThC', 'rotator_ant')",0.05829190141401322,0.0
closed_G3_top20_drive_s2_c00_7002,"('lh', 'ThC', 'rotator_post')",0.09456235415300487,0.0
closed_G3_top20_drive_s2_c00_7002,"('lh', 'TiTa', 'depressor')",0.0,0.0
closed_G3_top20_drive_s2_c00_7002,"('lh', 'TiTa', 'levator')",0.0,0.0
closed_G3_top20_drive_s2_c00_7002,"('lh', 'TrF', 'reductor')",0.07127820489445567,0.0
closed_G3_top20_drive_s2_c00_7002,"('lm', 'CTr', 'extensor')",0.022797594342749836,0.0
closed_G3_top20_drive_s2_c00_7002,"('lm', 'CTr', 'flexor')",0.17858021978624575,0.0
closed_G3_top20_drive_s2_c00_7002,"('lm', 'FTi', 'extensor')",0.25610409021173186,0.0
closed_G3_top20_drive_s2_c00_7002,"('lm', 'FTi', 'flexor')",0.01873540943139881,0.0
closed_G3_top20_drive_s2_c00_7002,"('lm', 'ThC', 'remotor')",0.0,0.0
closed_G3_top20_drive_s2_c00_7002,"('lm', 'ThC', 'rotator_ant')",0.1784688034867592,0.0
closed_G3_top20_drive_s2_c00_7002,"('lm', 'ThC', 'rotator_post')",6.289712101001221e-10,0.0
closed_G3_top20_drive_s2_c00_7002,"('lm', 'TiTa', 'depressor')",0.0,0.0
closed_G3_top20_drive_s2_c00_7002,"('lm', 'TiTa', 'levator')",0.0,0.0
closed_G3_top20_drive_s2_c00_7002,"('lm', 'TrF', 'reductor')",0.0002831284863225415,0.0
closed_G3_top20_drive_s2_c00_7002,"('rf', 'CTr', 'extensor')",0.025988914644961492,0.0
closed_G3_top20_drive_s2_c00_7002,"('rf', 'CTr', 'flexor')",0.15515864712189265,0.0
closed_G3_top20_drive_s2_c00_7002,"('rf', 'FTi', 'extensor')",0.1878341715935185,0.0
closed_G3_top20_drive_s2_c00_7002,"('rf', 'FTi', 'flexor')",0.01114577351239134,0.0
closed_G3_top20_drive_s2_c00_7002,"('rf', 'ThC', 'adductor')",0.0,0.0
closed_G3_top20_drive_s2_c00_7002,"('rf', 'ThC', 'promotor')",0.2663736136764446,0.0
closed_G3_top20_drive_s2_c00_7002,"('rf', 'ThC', 'remotor')",0.026600722852768696,0.0
closed_G3_top20_drive_s2_c00_7002,"('rf', 'ThC', 'rotator_ant')",0.11317748151381685,0.0
closed_G3_top20_drive_s2_c00_7002,"('rf', 'ThC', 'rotator_post')",1.670916318315007e-08,0.0
closed_G3_top20_drive_s2_c00_7002,"('rf', 'TiTa', 'depressor')",0.006555655851037181,0.0
closed_G3_top20_drive_s2_c00_7002,"('rf', 'TiTa', 'levator')",0.0,0.0
closed_G3_top20_drive_s2_c00_7002,"('rf', 'TrF', 'reductor')",0.12401303236514558,0.0
closed_G3_top20_drive_s2_c00_7002,"('rh', 'CTr', 'extensor')",0.11732383803950804,0.0
closed_G3_top20_drive_s2_c00_7002,"('rh', 'CTr', 'flexor')",0.13515928992913978,0.0
closed_G3_top20_drive_s2_c00_7002,"('rh', 'FTi', 'extensor')",0.2775224350323224,0.0
closed_G3_top20_drive_s2_c00_7002,"('rh', 'FTi', 'flexor')",0.004258460321035433,0.0
closed_G3_top20_drive_s2_c00_7002,"('rh', 'ThC', 'adductor')",0.0496476623508497,0.0
closed_G3_top20_drive_s2_c00_7002,"('rh', 'ThC', 'remotor')",0.0,0.0
closed_G3_top20_drive_s2_c00_7002,"('rh', 'ThC', 'rotator_ant')",0.03335821535187316,0.0
closed_G3_top20_drive_s2_c00_7002,"('rh', 'ThC', 'rotator_post')",0.12825135397777515,0.0
closed_G3_top20_drive_s2_c00_7002,"('rh', 'TiTa', 'depressor')",0.0,0.0
closed_G3_top20_drive_s2_c00_7002,"('rh', 'TiTa', 'levator')",0.0,0.0
closed_G3_top20_drive_s2_c00_7002,"('rh', 'TrF', 'reductor')",0.10227960889941831,0.0
closed_G3_top20_drive_s2_c00_7002,"('rm', 'CTr', 'extensor')",0.007693537347524465,0.0
closed_G3_top20_drive_s2_c00_7002,"('rm', 'CTr', 'flexor')",0.15491379952334303,0.0
closed_G3_top20_drive_s2_c00_7002,"('rm', 'FTi', 'extensor')",0.26845992302711885,0.0
closed_G3_top20_drive_s2_c00_7002,"('rm', 'FTi', 'flexor')",0.013902749674556271,0.0
closed_G3_top20_drive_s2_c00_7002,"('rm', 'ThC', 'adductor')",0.0,0.0
closed_G3_top20_drive_s2_c00_7002,"('rm', 'ThC', 'rotator_ant')",0.13927088157879322,0.0
closed_G3_top20_drive_s2_c00_7002,"('rm', 'ThC', 'rotator_post')",0.005999423099057305,0.0
closed_G3_top20_drive_s2_c00_7002,"('rm', 'TiTa', 'depressor')",0.0,0.0
closed_G3_top20_drive_s2_c00_7002,"('rm', 'TiTa', 'levator')",0.0,0.0
closed_G3_top20_drive_s2_c00_7002,"('rm', 'TrF', 'reductor')",0.07207823035437597,0.0
closed_G3_top20_drive_s2_c00_7003,"('lf', 'CTr', 'extensor')",0.024058159461290543,0.0
closed_G3_top20_drive_s2_c00_7003,"('lf', 'CTr', 'flexor')",0.10245274732214069,0.0
closed_G3_top20_drive_s2_c00_7003,"('lf', 'FTi', 'extensor')",0.09435038329490011,0.0
closed_G3_top20_drive_s2_c00_7003,"('lf', 'FTi', 'flexor')",0.02023357551446801,0.0
closed_G3_top20_drive_s2_c00_7003,"('lf', 'ThC', 'adductor')",0.0,0.0
closed_G3_top20_drive_s2_c00_7003,"('lf', 'ThC', 'promotor')",0.3229276500428593,0.0
closed_G3_top20_drive_s2_c00_7003,"('lf', 'ThC', 'remotor')",0.006665634723020095,0.0
closed_G3_top20_drive_s2_c00_7003,"('lf', 'ThC', 'rotator_ant')",0.015357367296237759,0.0
closed_G3_top20_drive_s2_c00_7003,"('lf', 'ThC', 'rotator_post')",0.009665812886398745,0.0
closed_G3_top20_drive_s2_c00_7003,"('lf', 'TiTa', 'depressor')",0.0,0.0
closed_G3_top20_drive_s2_c00_7003,"('lf', 'TiTa', 'levator')",0.0,0.0
closed_G3_top20_drive_s2_c00_7003,"('lf', 'TrF', 'reductor')",0.15200699082337352,0.0
closed_G3_top20_drive_s2_c00_7003,"('lh', 'CTr', 'extensor')",0.06298784396857762,0.0
closed_G3_top20_drive_s2_c00_7003,"('lh', 'CTr', 'flexor')",0.21510667687889679,0.0
closed_G3_top20_drive_s2_c00_7003,"('lh', 'FTi', 'extensor')",0.2812376232098745,0.0
closed_G3_top20_drive_s2_c00_7003,"('lh', 'FTi', 'flexor')",0.017343620297000623,0.0
closed_G3_top20_drive_s2_c00_7003,"('lh', 'ThC', 'adductor')",0.07028246437596407,0.0
closed_G3_top20_drive_s2_c00_7003,"('lh', 'ThC', 'remotor')",0.0,0.0
closed_G3_top20_drive_s2_c00_7003,"('lh', 'ThC', 'rotator_ant')",0.08216674227871709,0.0
closed_G3_top20_drive_s2_c00_7003,"('lh', 'ThC', 'rotator_post')",0.09420468368835949,0.0
closed_G3_top20_drive_s2_c00_7003,"('lh', 'TiTa', 'depressor')",0.0,0.0
closed_G3_top20_drive_s2_c00_7003,"('lh', 'TiTa', 'levator')",0.0,0.0
closed_G3_top20_drive_s2_c00_7003,"('lh', 'TrF', 'reductor')",0.09986337202934102,0.0
closed_G3_top20_drive_s2_c00_7003,"('lm', 'CTr', 'extensor')",0.013925767747661895,0.0
closed_G3_top20_drive_s2_c00_7003,"('lm', 'CTr', 'flexor')",0.18507831450895942,0.0
closed_G3_top20_drive_s2_c00_7003,"('lm', 'FTi', 'extensor')",0.2521006594306884,0.0
closed_G3_top20_drive_s2_c00_7003,"('lm', 'FTi', 'flexor')",0.011535193570916199,0.0
closed_G3_top20_drive_s2_c00_7003,"('lm', 'ThC', 'remotor')",0.0,0.0
closed_G3_top20_drive_s2_c00_7003,"('lm', 'ThC', 'rotator_ant')",0.16850459420888342,0.0
closed_G3_top20_drive_s2_c00_7003,"('lm', 'ThC', 'rotator_post')",7.913357539758804e-09,0.0
closed_G3_top20_drive_s2_c00_7003,"('lm', 'TiTa', 'depressor')",0.0,0.0
closed_G3_top20_drive_s2_c00_7003,"('lm', 'TiTa', 'levator')",0.0,0.0
closed_G3_top20_drive_s2_c00_7003,"('lm', 'TrF', 'reductor')",0.00024717135826805414,0.0
closed_G3_top20_drive_s2_c00_7003,"('rf', 'CTr', 'extensor')",0.01181244181088064,0.0
closed_G3_top20_drive_s2_c00_7003,"('rf', 'CTr', 'flexor')",0.15932265762452844,0.0
closed_G3_top20_drive_s2_c00_7003,"('rf', 'FTi', 'extensor')",0.18969209928866784,0.0
closed_G3_top20_drive_s2_c00_7003,"('rf', 'FTi', 'flexor')",0.015102014531630174,0.0
closed_G3_top20_drive_s2_c00_7003,"('rf', 'ThC', 'adductor')",0.0,0.0
closed_G3_top20_drive_s2_c00_7003,"('rf', 'ThC', 'promotor')",0.24469655978730823,0.0
closed_G3_top20_drive_s2_c00_7003,"('rf', 'ThC', 'remotor')",0.024203527826220834,0.0
closed_G3_top20_drive_s2_c00_7003,"('rf', 'ThC', 'rotator_ant')",0.0833103291130898,0.0
closed_G3_top20_drive_s2_c00_7003,"('rf', 'ThC', 'rotator_post')",0.00033334137211937244,0.0
closed_G3_top20_drive_s2_c00_7003,"('rf', 'TiTa', 'depressor')",0.0007894777745531818,0.0
closed_G3_top20_drive_s2_c00_7003,"('rf', 'TiTa', 'levator')",0.0,0.0
closed_G3_top20_drive_s2_c00_7003,"('rf', 'TrF', 'reductor')",0.12792263418001834,0.0
closed_G3_top20_drive_s2_c00_7003,"('rh', 'CTr', 'extensor')",0.12065620830752107,0.0
closed_G3_top20_drive_s2_c00_7003,"('rh', 'CTr', 'flexor')",0.14734399857031408,0.0
closed_G3_top20_drive_s2_c00_7003,"('rh', 'FTi', 'extensor')",0.28603953435779117,0.0
closed_G3_top20_drive_s2_c00_7003,"('rh', 'FTi', 'flexor')",0.006321177531171609,0.0
closed_G3_top20_drive_s2_c00_7003,"('rh', 'ThC', 'adductor')",0.04855983414175792,0.0
closed_G3_top20_drive_s2_c00_7003,"('rh', 'ThC', 'remotor')",0.0,0.0
closed_G3_top20_drive_s2_c00_7003,"('rh', 'ThC', 'rotator_ant')",0.036042576741700985,0.0
closed_G3_top20_drive_s2_c00_7003,"('rh', 'ThC', 'rotator_post')",0.13144907884254978,0.0
closed_G3_top20_drive_s2_c00_7003,"('rh', 'TiTa', 'depressor')",0.0,0.0
closed_G3_top20_drive_s2_c00_7003,"('rh', 'TiTa', 'levator')",0.0,0.0
closed_G3_top20_drive_s2_c00_7003,"('rh', 'TrF', 'reductor')",0.09431920766329008,0.0
closed_G3_top20_drive_s2_c00_7003,"('rm', 'CTr', 'extensor')",0.0029153702313448335,0.0
closed_G3_top20_drive_s2_c00_7003,"('rm', 'CTr', 'flexor')",0.1756543079630237,0.0
closed_G3_top20_drive_s2_c00_7003,"('rm', 'FTi', 'extensor')",0.2894751999047253,0.0
closed_G3_top20_drive_s2_c00_7003,"('rm', 'FTi', 'flexor')",0.012743787759055929,0.0
closed_G3_top20_drive_s2_c00_7003,"('rm', 'ThC', 'adductor')",0.0,0.0
closed_G3_top20_drive_s2_c00_7003,"('rm', 'ThC', 'rotator_ant')",0.12258169104591914,0.0
closed_G3_top20_drive_s2_c00_7003,"('rm', 'ThC', 'rotator_post')",0.007666199017940586,0.0
closed_G3_top20_drive_s2_c00_7003,"('rm', 'TiTa', 'depressor')",0.0,0.0
closed_G3_top20_drive_s2_c00_7003,"('rm', 'TiTa', 'levator')",0.0,0.0
closed_G3_top20_drive_s2_c00_7003,"('rm', 'TrF', 'reductor')",0.01561342747806585,0.0
closed_G3_top20_drive_s2_c00_7004,"('lf', 'CTr', 'extensor')",0.02295273780966524,0.0
closed_G3_top20_drive_s2_c00_7004,"('lf', 'CTr', 'flexor')",0.09266249192531426,0.0
closed_G3_top20_drive_s2_c00_7004,"('lf', 'FTi', 'extensor')",0.09856220089717814,0.0
closed_G3_top20_drive_s2_c00_7004,"('lf', 'FTi', 'flexor')",0.016307397589839137,0.0
closed_G3_top20_drive_s2_c00_7004,"('lf', 'ThC', 'adductor')",0.0,0.0
closed_G3_top20_drive_s2_c00_7004,"('lf', 'ThC', 'promotor')",0.32884821210568416,0.0
closed_G3_top20_drive_s2_c00_7004,"('lf', 'ThC', 'remotor')",0.0013333351593117387,0.0
closed_G3_top20_drive_s2_c00_7004,"('lf', 'ThC', 'rotator_ant')",0.014666248069234937,0.0
closed_G3_top20_drive_s2_c00_7004,"('lf', 'ThC', 'rotator_post')",0.00603716320952802,0.0
closed_G3_top20_drive_s2_c00_7004,"('lf', 'TiTa', 'depressor')",0.0,0.0
closed_G3_top20_drive_s2_c00_7004,"('lf', 'TiTa', 'levator')",0.0,0.0
closed_G3_top20_drive_s2_c00_7004,"('lf', 'TrF', 'reductor')",0.15285558885648973,0.0
closed_G3_top20_drive_s2_c00_7004,"('lh', 'CTr', 'extensor')",0.07624319765429333,0.0
closed_G3_top20_drive_s2_c00_7004,"('lh', 'CTr', 'flexor')",0.20734421854484492,0.0
closed_G3_top20_drive_s2_c00_7004,"('lh', 'FTi', 'extensor')",0.2803553271887509,0.0
closed_G3_top20_drive_s2_c00_7004,"('lh', 'FTi', 'flexor')",0.020137294350221435,0.0
closed_G3_top20_drive_s2_c00_7004,"('lh', 'ThC', 'adductor')",0.05583550732501794,0.0
closed_G3_top20_drive_s2_c00_7004,"('lh', 'ThC', 'remotor')",0.0,0.0
closed_G3_top20_drive_s2_c00_7004,"('lh', 'ThC', 'rotator_ant')",0.06531808735031386,0.0
closed_G3_top20_drive_s2_c00_7004,"('lh', 'ThC', 'rotator_post')",0.1062111610497078,0.0
closed_G3_top20_drive_s2_c00_7004,"('lh', 'TiTa', 'depressor')",0.0,0.0
closed_G3_top20_drive_s2_c00_7004,"('lh', 'TiTa', 'levator')",0.0,0.0
closed_G3_top20_drive_s2_c00_7004,"('lh', 'TrF', 'reductor')",0.0990790467311383,0.0
closed_G3_top20_drive_s2_c00_7004,"('lm', 'CTr', 'extensor')",0.01971710832385796,0.0
closed_G3_top20_drive_s2_c00_7004,"('lm', 'CTr', 'flexor')",0.1723185576446936,0.0
closed_G3_top20_drive_s2_c00_7004,"('lm', 'FTi', 'extensor')",0.2494211714040308,0.0
closed_G3_top20_drive_s2_c00_7004,"('lm', 'FTi', 'flexor')",0.014133211742949948,0.0
closed_G3_top20_drive_s2_c00_7004,"('lm', 'ThC', 'remotor')",0.0,0.0
closed_G3_top20_drive_s2_c00_7004,"('lm', 'ThC', 'rotator_ant')",0.18211880924117502,0.0
closed_G3_top20_drive_s2_c00_7004,"('lm', 'ThC', 'rotator_post')",3.717275252836675e-09,0.0
closed_G3_top20_drive_s2_c00_7004,"('lm', 'TiTa', 'depressor')",0.0,0.0
closed_G3_top20_drive_s2_c00_7004,"('lm', 'TiTa', 'levator')",0.0,0.0
closed_G3_top20_drive_s2_c00_7004,"('lm', 'TrF', 'reductor')",1.0191947777386949e-09,0.0
closed_G3_top20_drive_s2_c00_7004,"('rf', 'CTr', 'extensor')",0.010971839517234148,0.0
closed_G3_top20_drive_s2_c00_7004,"('rf', 'CTr', 'flexor')",0.1656385313954074,0.0
closed_G3_top20_drive_s2_c00_7004,"('rf', 'FTi', 'extensor')",0.18298023605612346,0.0
closed_G3_top20_drive_s2_c00_7004,"('rf', 'FTi', 'flexor')",0.016888756611166983,0.0
closed_G3_top20_drive_s2_c00_7004,"('rf', 'ThC', 'adductor')",0.0,0.0
closed_G3_top20_drive_s2_c00_7004,"('rf', 'ThC', 'promotor')",0.24373242340987888,0.0
closed_G3_top20_drive_s2_c00_7004,"('rf', 'ThC', 'remotor')",0.02129119561114191,0.0
closed_G3_top20_drive_s2_c00_7004,"('rf', 'ThC', 'rotator_ant')",0.08894788567720621,0.0
closed_G3_top20_drive_s2_c00_7004,"('rf', 'ThC', 'rotator_post')",1.127483429168228e-08,0.0
closed_G3_top20_drive_s2_c00_7004,"('rf', 'TiTa', 'depressor')",0.0012828950224715613,0.0
closed_G3_top20_drive_s2_c00_7004,"('rf', 'TiTa', 'levator')",0.0,0.0
closed_G3_top20_drive_s2_c00_7004,"('rf', 'TrF', 'reductor')",0.12278487238277054,0.0
closed_G3_top20_drive_s2_c00_7004,"('rh', 'CTr', 'extensor')",0.13571974423485716,0.0
closed_G3_top20_drive_s2_c00_7004,"('rh', 'CTr', 'flexor')",0.13305567392842096,0.0
closed_G3_top20_drive_s2_c00_7004,"('rh', 'FTi', 'extensor')",0.28262075478543347,0.0
closed_G3_top20_drive_s2_c00_7004,"('rh', 'FTi', 'flexor')",0.00889309570198336,0.0
closed_G3_top20_drive_s2_c00_7004,"('rh', 'ThC', 'adductor')",0.049307233036551934,0.0
closed_G3_top20_drive_s2_c00_7004,"('rh', 'ThC', 'remotor')",0.0,0.0
closed_G3_top20_drive_s2_c00_7004,"('rh', 'ThC', 'rotator_ant')",0.03734760375552203,0.0
closed_G3_top20_drive_s2_c00_7004,"('rh', 'ThC', 'rotator_post')",0.14832012002142936,0.0
closed_G3_top20_drive_s2_c00_7004,"('rh', 'TiTa', 'depressor')",0.0,0.0
closed_G3_top20_drive_s2_c00_7004,"('rh', 'TiTa', 'levator')",0.0,0.0
closed_G3_top20_drive_s2_c00_7004,"('rh', 'TrF', 'reductor')",0.11225804877106846,0.0
closed_G3_top20_drive_s2_c00_7004,"('rm', 'CTr', 'extensor')",0.00868393424825173,0.0
closed_G3_top20_drive_s2_c00_7004,"('rm', 'CTr', 'flexor')",0.16206199447770234,0.0
closed_G3_top20_drive_s2_c00_7004,"('rm', 'FTi', 'extensor')",0.2834259418020552,0.0
closed_G3_top20_drive_s2_c00_7004,"('rm', 'FTi', 'flexor')",0.014095836102377182,0.0
closed_G3_top20_drive_s2_c00_7004,"('rm', 'ThC', 'adductor')",0.0,0.0
closed_G3_top20_drive_s2_c00_7004,"('rm', 'ThC', 'rotator_ant')",0.14772028942068413,0.0
closed_G3_top20_drive_s2_c00_7004,"('rm', 'ThC', 'rotator_post')",0.0006666998094457669,0.0
closed_G3_top20_drive_s2_c00_7004,"('rm', 'TiTa', 'depressor')",5.946212114752433e-10,0.0
closed_G3_top20_drive_s2_c00_7004,"('rm', 'TiTa', 'levator')",0.0,0.0
closed_G3_top20_drive_s2_c00_7004,"('rm', 'TrF', 'reductor')",0.039316604473622604,0.0
closed_G3_top20_drive_s2_c01_7000,"('lf', 'CTr', 'extensor')",0.07245800426666427,0.0
closed_G3_top20_drive_s2_c01_7000,"('lf', 'CTr', 'flexor')",0.08560059330100007,0.0
closed_G3_top20_drive_s2_c01_7000,"('lf', 'FTi', 'extensor')",0.06312737744727309,0.0
closed_G3_top20_drive_s2_c01_7000,"('lf', 'FTi', 'flexor')",0.02131333611812463,0.0
closed_G3_top20_drive_s2_c01_7000,"('lf', 'ThC', 'adductor')",0.0,0.0
closed_G3_top20_drive_s2_c01_7000,"('lf', 'ThC', 'promotor')",0.3081918040195346,0.0
closed_G3_top20_drive_s2_c01_7000,"('lf', 'ThC', 'remotor')",0.0010000043740647656,0.0
closed_G3_top20_drive_s2_c01_7000,"('lf', 'ThC', 'rotator_ant')",0.10181128859438418,0.0
closed_G3_top20_drive_s2_c01_7000,"('lf', 'ThC', 'rotator_post')",0.0023333383354636884,0.0
closed_G3_top20_drive_s2_c01_7000,"('lf', 'TiTa', 'depressor')",0.0,0.0
closed_G3_top20_drive_s2_c01_7000,"('lf', 'TiTa', 'levator')",0.0,0.0
closed_G3_top20_drive_s2_c01_7000,"('lf', 'TrF', 'reductor')",0.12595374748073832,0.0
closed_G3_top20_drive_s2_c01_7000,"('lh', 'CTr', 'extensor')",0.01970754909188451,0.0
closed_G3_top20_drive_s2_c01_7000,"('lh', 'CTr', 'flexor')",0.23973804585036787,0.0
closed_G3_top20_drive_s2_c01_7000,"('lh', 'FTi', 'extensor')",0.28806491427049213,0.0
closed_G3_top20_drive_s2_c01_7000,"('lh', 'FTi', 'flexor')",0.006889035645616544,0.0
closed_G3_top20_drive_s2_c01_7000,"('lh', 'ThC', 'adductor')",0.07902555555164748,0.0
closed_G3_top20_drive_s2_c01_7000,"('lh', 'ThC', 'remotor')",0.0,0.0
closed_G3_top20_drive_s2_c01_7000,"('lh', 'ThC', 'rotator_ant')",0.09425175712524128,0.0
closed_G3_top20_drive_s2_c01_7000,"('lh', 'ThC', 'rotator_post')",0.08774110793256786,0.0
closed_G3_top20_drive_s2_c01_7000,"('lh', 'TiTa', 'depressor')",0.0,0.0
closed_G3_top20_drive_s2_c01_7000,"('lh', 'TiTa', 'levator')",0.0,0.0
closed_G3_top20_drive_s2_c01_7000,"('lh', 'TrF', 'reductor')",0.09394338826236913,0.0
closed_G3_top20_drive_s2_c01_7000,"('lm', 'CTr', 'extensor')",0.03423045756789878,0.0
closed_G3_top20_drive_s2_c01_7000,"('lm', 'CTr', 'flexor')",0.15289126201826447,0.0
closed_G3_top20_drive_s2_c01_7000,"('lm', 'FTi', 'extensor')",0.24014786389308926,0.0
closed_G3_top20_drive_s2_c01_7000,"('lm', 'FTi', 'flexor')",0.025587457765423413,0.0
closed_G3_top20_drive_s2_c01_7000,"('lm', 'ThC', 'remotor')",0.0,0.0
closed_G3_top20_drive_s2_c01_7000,"('lm', 'ThC', 'rotator_ant')",0.2309040082169062,0.0
closed_G3_top20_drive_s2_c01_7000,"('lm', 'ThC', 'rotator_post')",1.7657199828732603e-11,0.0
closed_G3_top20_drive_s2_c01_7000,"('lm', 'TiTa', 'depressor')",0.0,0.0
closed_G3_top20_drive_s2_c01_7000,"('lm', 'TiTa', 'levator')",0.0,0.0
closed_G3_top20_drive_s2_c01_7000,"('lm', 'TrF', 'reductor')",7.037961758639791e-12,0.0
closed_G3_top20_drive_s2_c01_7000,"('rf', 'CTr', 'extensor')",0.11275323701588912,0.0
closed_G3_top20_drive_s2_c01_7000,"('rf', 'CTr', 'flexor')",0.14530388812797543,0.0
closed_G3_top20_drive_s2_c01_7000,"('rf', 'FTi', 'extensor')",0.16352526969736877,0.0
closed_G3_top20_drive_s2_c01_7000,"('rf', 'FTi', 'flexor')",0.01965049496314199,0.0
closed_G3_top20_drive_s2_c01_7000,"('rf', 'ThC', 'adductor')",0.0,0.0
closed_G3_top20_drive_s2_c01_7000,"('rf', 'ThC', 'promotor')",0.22423957559122668,0.0
closed_G3_top20_drive_s2_c01_7000,"('rf', 'ThC', 'remotor')",0.03594530819704117,0.0
closed_G3_top20_drive_s2_c01_7000,"('rf', 'ThC', 'rotator_ant')",0.08207822501003167,0.0
closed_G3_top20_drive_s2_c01_7000,"('rf', 'ThC', 'rotator_post')",9.193670533560453e-09,0.0
closed_G3_top20_drive_s2_c01_7000,"('rf', 'TiTa', 'depressor')",0.0073139228896032865,0.0
closed_G3_top20_drive_s2_c01_7000,"('rf', 'TiTa', 'levator')",0.0,0.0
closed_G3_top20_drive_s2_c01_7000,"('rf', 'TrF', 'reductor')",0.0620400040365236,0.0
closed_G3_top20_drive_s2_c01_7000,"('rh', 'CTr', 'extensor')",0.08186077675461136,0.0
closed_G3_top20_drive_s2_c01_7000,"('rh', 'CTr', 'flexor')",0.155009333306143,0.0
closed_G3_top20_drive_s2_c01_7000,"('rh', 'FTi', 'extensor')",0.28315977348859994,0.0
closed_G3_top20_drive_s2_c01_7000,"('rh', 'FTi', 'flexor')",0.0034284893197200723,0.0
closed_G3_top20_drive_s2_c01_7000,"('rh', 'ThC', 'adductor')",0.03221740318528302,0.0
closed_G3_top20_drive_s2_c01_7000,"('rh', 'ThC', 'remotor')",0.0,0.0
closed_G3_top20_drive_s2_c01_7000,"('rh', 'ThC', 'rotator_ant')",0.021776734915325877,0.0
closed_G3_top20_drive_s2_c01_7000,"('rh', 'ThC', 'rotator_post')",0.16594954010792748,0.0
closed_G3_top20_drive_s2_c01_7000,"('rh', 'TiTa', 'depressor')",0.0,0.0
closed_G3_top20_drive_s2_c01_7000,"('rh', 'TiTa', 'levator')",0.0,0.0
closed_G3_top20_drive_s2_c01_7000,"('rh', 'TrF', 'reductor')",0.08007870845827006,0.0
closed_G3_top20_drive_s2_c01_7000,"('rm', 'CTr', 'extensor')",0.01208333330786886,0.0
closed_G3_top20_drive_s2_c01_7000,"('rm', 'CTr', 'flexor')",0.15536443935558045,0.0
closed_G3_top20_drive_s2_c01_7000,"('rm', 'FTi', 'extensor')",0.28129611879876015,0.0
closed_G3_top20_drive_s2_c01_7000,"('rm', 'FTi', 'flexor')",0.00784382765124375,0.0
closed_G3_top20_drive_s2_c01_7000,"('rm', 'ThC', 'adductor')",0.0,0.0
closed_G3_top20_drive_s2_c01_7000,"('rm', 'ThC', 'rotator_ant')",0.16765987338679686,0.0
closed_G3_top20_drive_s2_c01_7000,"('rm', 'ThC', 'rotator_post')",0.0010000027457052743,0.0
closed_G3_top20_drive_s2_c01_7000,"('rm', 'TiTa', 'depressor')",1.2560308553737603e-10,0.0
closed_G3_top20_drive_s2_c01_7000,"('rm', 'TiTa', 'levator')",0.0,0.0
closed_G3_top20_drive_s2_c01_7000,"('rm', 'TrF', 'reductor')",0.059616034421095615,0.0
closed_G3_top20_drive_s2_c01_7001,"('lf', 'CTr', 'extensor')",0.05245777843581815,0.0
closed_G3_top20_drive_s2_c01_7001,"('lf', 'CTr', 'flexor')",0.08986233533800464,0.0
closed_G3_top20_drive_s2_c01_7001,"('lf', 'FTi', 'extensor')",0.08703866022997625,0.0
closed_G3_top20_drive_s2_c01_7001,"('lf', 'FTi', 'flexor')",0.020357505262396765,0.0
closed_G3_top20_drive_s2_c01_7001,"('lf', 'ThC', 'adductor')",0.0,0.0
closed_G3_top20_drive_s2_c01_7001,"('lf', 'ThC', 'promotor')",0.3038507847277594,0.0
closed_G3_top20_drive_s2_c01_7001,"('lf', 'ThC', 'remotor')",3.0885738442456645e-09,0.0
closed_G3_top20_drive_s2_c01_7001,"('lf', 'ThC', 'rotator_ant')",0.05648229721186168,0.0
closed_G3_top20_drive_s2_c01_7001,"('lf', 'ThC', 'rotator_post')",0.005333258395457214,0.0
closed_G3_top20_drive_s2_c01_7001,"('lf', 'TiTa', 'depressor')",0.0,0.0
closed_G3_top20_drive_s2_c01_7001,"('lf', 'TiTa', 'levator')",0.0,0.0
closed_G3_top20_drive_s2_c01_7001,"('lf', 'TrF', 'reductor')",0.12684233875042364,0.0
closed_G3_top20_drive_s2_c01_7001,"('lh', 'CTr', 'extensor')",0.0935379194991471,0.0
closed_G3_top20_drive_s2_c01_7001,"('lh', 'CTr', 'flexor')",0.2102451611082604,0.0
closed_G3_top20_drive_s2_c01_7001,"('lh', 'FTi', 'extensor')",0.29396398046855177,0.0
closed_G3_top20_drive_s2_c01_7001,"('lh', 'FTi', 'flexor')",0.010374940965752331,0.0
closed_G3_top20_drive_s2_c01_7001,"('lh', 'ThC', 'adductor')",0.026000642205689487,0.0
closed_G3_top20_drive_s2_c01_7001,"('lh', 'ThC', 'remotor')",0.0,0.0
closed_G3_top20_drive_s2_c01_7001,"('lh', 'ThC', 'rotator_ant')",0.04103124376880749,0.0
closed_G3_top20_drive_s2_c01_7001,"('lh', 'ThC', 'rotator_post')",0.09026217339163058,0.0
closed_G3_top20_drive_s2_c01_7001,"('lh', 'TiTa', 'depressor')",0.0,0.0
closed_G3_top20_drive_s2_c01_7001,"('lh', 'TiTa', 'levator')",0.0,0.0
closed_G3_top20_drive_s2_c01_7001,"('lh', 'TrF', 'reductor')",0.05741809140363088,0.0
closed_G3_top20_drive_s2_c01_7001,"('lm', 'CTr', 'extensor')",0.013981020079517615,0.0
closed_G3_top20_drive_s2_c01_7001,"('lm', 'CTr', 'flexor')",0.17675248855332265,0.0
closed_G3_top20_drive_s2_c01_7001,"('lm', 'FTi', 'extensor')",0.24547785184849416,0.0
closed_G3_top20_drive_s2_c01_7001,"('lm', 'FTi', 'flexor')",0.018293563191204464,0.0
closed_G3_top20_drive_s2_c01_7001,"('lm', 'ThC', 'remotor')",0.0,0.0
closed_G3_top20_drive_s2_c01_7001,"('lm', 'ThC', 'rotator_ant')",0.1505021302130895,0.0
closed_G3_top20_drive_s2_c01_7001,"('lm', 'ThC', 'rotator_post')",4.099315882828676e-09,0.0
closed_G3_top20_drive_s2_c01_7001,"('lm', 'TiTa', 'depressor')",0.0,0.0
closed_G3_top20_drive_s2_c01_7001,"('lm', 'TiTa', 'levator')",0.0,0.0
closed_G3_top20_drive_s2_c01_7001,"('lm', 'TrF', 'reductor')",0.0002777777777777773,0.0
closed_G3_top20_drive_s2_c01_7001,"('rf', 'CTr', 'extensor')",0.07113498245691889,0.0
closed_G3_top20_drive_s2_c01_7001,"('rf', 'CTr', 'flexor')",0.14565658009351143,0.0
closed_G3_top20_drive_s2_c01_7001,"('rf', 'FTi', 'extensor')",0.1693464846056854,0.0
closed_G3_top20_drive_s2_c01_7001,"('rf', 'FTi', 'flexor')",0.023422741692587262,0.0
closed_G3_top20_drive_s2_c01_7001,"('rf', 'ThC', 'adductor')",0.0,0.0
closed_G3_top20_drive_s2_c01_7001,"('rf', 'ThC', 'promotor')",0.22778804739867664,0.0
closed_G3_top20_drive_s2_c01_7001,"('rf', 'ThC', 'remotor')",0.06682431223650269,0.0
closed_G3_top20_drive_s2_c01_7001,"('rf', 'ThC', 'rotator_ant')",0.05134163955738294,0.0
closed_G3_top20_drive_s2_c01_7001,"('rf', 'ThC', 'rotator_post')",0.010146831065114891,0.0
closed_G3_top20_drive_s2_c01_7001,"('rf', 'TiTa', 'depressor')",0.0006413647952598926,0.0
closed_G3_top20_drive_s2_c01_7001,"('rf', 'TiTa', 'levator')",0.0,0.0
closed_G3_top20_drive_s2_c01_7001,"('rf', 'TrF', 'reductor')",0.05910100510956097,0.0
closed_G3_top20_drive_s2_c01_7001,"('rh', 'CTr', 'extensor')",0.1102240238291819,0.0
closed_G3_top20_drive_s2_c01_7001,"('rh', 'CTr', 'flexor')",0.15797516102376233,0.0
closed_G3_top20_drive_s2_c01_7001,"('rh', 'FTi', 'extensor')",0.2854622497597735,0.0
closed_G3_top20_drive_s2_c01_7001,"('rh', 'FTi', 'flexor')",0.007105737656962264,0.0
closed_G3_top20_drive_s2_c01_7001,"('rh', 'ThC', 'adductor')",0.050117199841597626,0.0
closed_G3_top20_drive_s2_c01_7001,"('rh', 'ThC', 'remotor')",0.0,0.0
closed_G3_top20_drive_s2_c01_7001,"('rh', 'ThC', 'rotator_ant')",0.03665260242128699,0.0
closed_G3_top20_drive_s2_c01_7001,"('rh', 'ThC', 'rotator_post')",0.11626849717269525,0.0
closed_G3_top20_drive_s2_c01_7001,"('rh', 'TiTa', 'depressor')",0.0,0.0
closed_G3_top20_drive_s2_c01_7001,"('rh', 'TiTa', 'levator')",0.0,0.0
closed_G3_top20_drive_s2_c01_7001,"('rh', 'TrF', 'reductor')",0.06638012968815944,0.0
closed_G3_top20_drive_s2_c01_7001,"('rm', 'CTr', 'extensor')",0.004133852817104076,0.0
closed_G3_top20_drive_s2_c01_7001,"('rm', 'CTr', 'flexor')",0.17485657963076584,0.0
closed_G3_top20_drive_s2_c01_7001,"('rm', 'FTi', 'extensor')",0.28741754356915095,0.0
closed_G3_top20_drive_s2_c01_7001,"('rm', 'FTi', 'flexor')",0.013015503191642549,0.0
closed_G3_top20_drive_s2_c01_7001,"('rm', 'ThC', 'adductor')",0.0,0.0
closed_G3_top20_drive_s2_c01_7001,"('rm', 'ThC', 'rotator_ant')",0.1449881355257803,0.0
closed_G3_top20_drive_s2_c01_7001,"('rm', 'ThC', 'rotator_post')",0.006140976940583155,0.0
closed_G3_top20_drive_s2_c01_7001,"('rm', 'TiTa', 'depressor')",6.654441280375838e-10,0.0
closed_G3_top20_drive_s2_c01_7001,"('rm', 'TiTa', 'levator')",0.0,0.0
closed_G3_top20_drive_s2_c01_7001,"('rm', 'TrF', 'reductor')",0.025692157200755766,0.0
closed_G3_top20_drive_s2_c01_7002,"('lf', 'CTr', 'extensor')",0.0421472628051897,0.0
closed_G3_top20_drive_s2_c01_7002,"('lf', 'CTr', 'flexor')",0.12232817944246425,0.0
closed_G3_top20_drive_s2_c01_7002,"('lf', 'FTi', 'extensor')",0.07650497749066769,0.0
closed_G3_top20_drive_s2_c01_7002,"('lf', 'FTi', 'flexor')",0.01868382014741567,0.0
closed_G3_top20_drive_s2_c01_7002,"('lf', 'ThC', 'adductor')",7.62211258460688e-12,0.0
closed_G3_top20_drive_s2_c01_7002,"('lf', 'ThC', 'promotor')",0.337188227746967,0.0
closed_G3_top20_drive_s2_c01_7002,"('lf', 'ThC', 'remotor')",2.10099054030924e-06,0.0
closed_G3_top20_drive_s2_c01_7002,"('lf', 'ThC', 'rotator_ant')",0.12590949290490497,0.0
closed_G3_top20_drive_s2_c01_7002,"('lf', 'ThC', 'rotator_post')",1.2729798355213815e-05,0.0
closed_G3_top20_drive_s2_c01_7002,"('lf', 'TiTa', 'depressor')",0.0,0.0
closed_G3_top20_drive_s2_c01_7002,"('lf', 'TiTa', 'levator')",0.0,0.0
closed_G3_top20_drive_s2_c01_7002,"('lf', 'TrF', 'reductor')",0.1520772292319699,0.0
closed_G3_top20_drive_s2_c01_7002,"('lh', 'CTr', 'extensor')",0.0962552527440246,0.0
closed_G3_top20_drive_s2_c01_7002,"('lh', 'CTr', 'flexor')",0.21014947303340845,0.0
closed_G3_top20_drive_s2_c01_7002,"('lh', 'FTi', 'extensor')",0.29190357965670893,0.0
closed_G3_top20_drive_s2_c01_7002,"('lh', 'FTi', 'flexor')",0.013949997870791719,0.0
closed_G3_top20_drive_s2_c01_7002,"('lh', 'ThC', 'adductor')",0.026737217128435478,0.0
closed_G3_top20_drive_s2_c01_7002,"('lh', 'ThC', 'remotor')",0.0,0.0
closed_G3_top20_drive_s2_c01_7002,"('lh', 'ThC', 'rotator_ant')",0.048730521192181506,0.0
closed_G3_top20_drive_s2_c01_7002,"('lh', 'ThC', 'rotator_post')",0.08874579435809911,0.0
closed_G3_top20_drive_s2_c01_7002,"('lh', 'TiTa', 'depressor')",0.0,0.0
closed_G3_top20_drive_s2_c01_7002,"('lh', 'TiTa', 'levator')",0.0,0.0
closed_G3_top20_drive_s2_c01_7002,"('lh', 'TrF', 'reductor')",0.04822279392397622,0.0
closed_G3_top20_drive_s2_c01_7002,"('lm', 'CTr', 'extensor')",0.02387481963548615,0.0
closed_G3_top20_drive_s2_c01_7002,"('lm', 'CTr', 'flexor')",0.1669342885780511,0.0
closed_G3_top20_drive_s2_c01_7002,"('lm', 'FTi', 'extensor')",0.2643969150552269,0.0
closed_G3_top20_drive_s2_c01_7002,"('lm', 'FTi', 'flexor')",0.011423601772296036,0.0
closed_G3_top20_drive_s2_c01_7002,"('lm', 'ThC', 'remotor')",0.0,0.0
closed_G3_top20_drive_s2_c01_7002,"('lm', 'ThC', 'rotator_ant')",0.19473730651194723,0.0
closed_G3_top20_drive_s2_c01_7002,"('lm', 'ThC', 'rotator_post')",2.6146411820470237e-09,0.0
closed_G3_top20_drive_s2_c01_7002,"('lm', 'TiTa', 'depressor')",0.0,0.0
closed_G3_top20_drive_s2_c01_7002,"('lm', 'TiTa', 'levator')",0.0,0.0
closed_G3_top20_drive_s2_c01_7002,"('lm', 'TrF', 'reductor')",0.0008333332861408906,0.0
closed_G3_top20_drive_s2_c01_7002,"('rf', 'CTr', 'extensor')",0.019764357480565282,0.0
closed_G3_top20_drive_s2_c01_7002,"('rf', 'CTr', 'flexor')",0.1555025259097567,0.0
closed_G3_top20_drive_s2_c01_7002,"('rf', 'FTi', 'extensor')",0.17412119137951193,0.0
closed_G3_top20_drive_s2_c01_7002,"('rf', 'FTi', 'flexor')",0.015065542103452225,0.0
closed_G3_top20_drive_s2_c01_7002,"('rf', 'ThC', 'adductor')",0.0,0.0
closed_G3_top20_drive_s2_c01_7002,"('rf', 'ThC', 'promotor')",0.2606114345596582,0.0
closed_G3_top20_drive_s2_c01_7002,"('rf', 'ThC', 'remotor')",0.030301026168490872,0.0
closed_G3_top20_drive_s2_c01_7002,"('rf', 'ThC', 'rotator_ant')",0.11051638072884803,0.0
closed_G3_top20_drive_s2_c01_7002,"('rf', 'ThC', 'rotator_post')",9.256883732151261e-05,0.0
closed_G3_top20_drive_s2_c01_7002,"('rf', 'TiTa', 'depressor')",0.007513152289081701,0.0
closed_G3_top20_drive_s2_c01_7002,"('rf', 'TiTa', 'levator')",0.0,0.0
closed_G3_top20_drive_s2_c01_7002,"('rf', 'TrF', 'reductor')",0.12123772567115504,0.0
closed_G3_top20_drive_s2_c01_7002,"('rh', 'CTr', 'extensor')",0.10724752021272044,0.0
closed_G3_top20_drive_s2_c01_7002,"('rh', 'CTr', 'flexor')",0.14074536611212685,0.0
closed_G3_top20_drive_s2_c01_7002,"('rh', 'FTi', 'extensor')",0.2779792313953041,0.0
closed_G3_top20_drive_s2_c01_7002,"('rh', 'FTi', 'flexor')",0.002498462151731913,0.0
closed_G3_top20_drive_s2_c01_7002,"('rh', 'ThC', 'adductor')",0.04208013937955591,0.0
closed_G3_top20_drive_s2_c01_7002,"('rh', 'ThC', 'remotor')",0.0,0.0
closed_G3_top20_drive_s2_c01_7002,"('rh', 'ThC', 'rotator_ant')",0.02685062890180853,0.0
closed_G3_top20_drive_s2_c01_7002,"('rh', 'ThC', 'rotator_post')",0.13471304698137349,0.0
closed_G3_top20_drive_s2_c01_7002,"('rh', 'TiTa', 'depressor')",0.00015151515151515152,0.0
closed_G3_top20_drive_s2_c01_7002,"('rh', 'TiTa', 'levator')",0.0,0.0
closed_G3_top20_drive_s2_c01_7002,"('rh', 'TrF', 'reductor')",0.11086098850343065,0.0
closed_G3_top20_drive_s2_c01_7002,"('rm', 'CTr', 'extensor')",0.0027149945070178987,0.0
closed_G3_top20_drive_s2_c01_7002,"('rm', 'CTr', 'flexor')",0.1644989920251862,0.0
closed_G3_top20_drive_s2_c01_7002,"('rm', 'FTi', 'extensor')",0.2736779775653364,0.0
closed_G3_top20_drive_s2_c01_7002,"('rm', 'FTi', 'flexor')",0.009744079982589917,0.0
closed_G3_top20_drive_s2_c01_7002,"('rm', 'ThC', 'adductor')",0.0,0.0
closed_G3_top20_drive_s2_c01_7002,"('rm', 'ThC', 'rotator_ant')",0.13943931089163586,0.0
closed_G3_top20_drive_s2_c01_7002,"('rm', 'ThC', 'rotator_post')",0.002000000384169378,0.0
closed_G3_top20_drive_s2_c01_7002,"('rm', 'TiTa', 'depressor')",2.04513404291161e-10,0.0
closed_G3_top20_drive_s2_c01_7002,"('rm', 'TiTa', 'levator')",0.0,0.0
closed_G3_top20_drive_s2_c01_7002,"('rm', 'TrF', 'reductor')",0.06433631960283746,0.0
closed_G3_top20_drive_s2_c01_7003,"('lf', 'CTr', 'extensor')",0.028613638573234287,0.0
closed_G3_top20_drive_s2_c01_7003,"('lf', 'CTr', 'flexor')",0.1037330577211162,0.0
closed_G3_top20_drive_s2_c01_7003,"('lf', 'FTi', 'extensor')",0.08980653938154827,0.0
closed_G3_top20_drive_s2_c01_7003,"('lf', 'FTi', 'flexor')",0.01898524002697218,0.0
closed_G3_top20_drive_s2_c01_7003,"('lf', 'ThC', 'adductor')",2.747800682925863e-11,0.0
closed_G3_top20_drive_s2_c01_7003,"('lf', 'ThC', 'promotor')",0.3114829537341124,0.0
closed_G3_top20_drive_s2_c01_7003,"('lf', 'ThC', 'remotor')",0.003333347401459745,0.0
closed_G3_top20_drive_s2_c01_7003,"('lf', 'ThC', 'rotator_ant')",0.017400922629170004,0.0
closed_G3_top20_drive_s2_c01_7003,"('lf', 'ThC', 'rotator_post')",0.015000006559809395,0.0
closed_G3_top20_drive_s2_c01_7003,"('lf', 'TiTa', 'depressor')",0.0,0.0
closed_G3_top20_drive_s2_c01_7003,"('lf', 'TiTa', 'levator')",0.0,0.0
closed_G3_top20_drive_s2_c01_7003,"('lf', 'TrF', 'reductor')",0.15376934459013925,0.0
closed_G3_top20_drive_s2_c01_7003,"('lh', 'CTr', 'extensor')",0.0516372225478592,0.0
closed_G3_top20_drive_s2_c01_7003,"('lh', 'CTr', 'flexor')",0.2242020902315417,0.0
closed_G3_top20_drive_s2_c01_7003,"('lh', 'FTi', 'extensor')",0.2908350676991361,0.0
closed_G3_top20_drive_s2_c01_7003,"('lh', 'FTi', 'flexor')",0.010575347278606284,0.0
closed_G3_top20_drive_s2_c01_7003,"('lh', 'ThC', 'adductor')",0.07496690538869936,0.0
closed_G3_top20_drive_s2_c01_7003,"('lh', 'ThC', 'remotor')",0.0,0.0
closed_G3_top20_drive_s2_c01_7003,"('lh', 'ThC', 'rotator_ant')",0.09355555515179041,0.0
closed_G3_top20_drive_s2_c01_7003,"('lh', 'ThC', 'rotator_post')",0.09016715009530353,0.0
closed_G3_top20_drive_s2_c01_7003,"('lh', 'TiTa', 'depressor')",0.0,0.0
closed_G3_top20_drive_s2_c01_7003,"('lh', 'TiTa', 'levator')",0.0,0.0
closed_G3_top20_drive_s2_c01_7003,"('lh', 'TrF', 'reductor')",0.1049400493391272,0.0
closed_G3_top20_drive_s2_c01_7003,"('lm', 'CTr', 'extensor')",0.020795112593604507,0.0
closed_G3_top20_drive_s2_c01_7003,"('lm', 'CTr', 'flexor')",0.17551764415552373,0.0
closed_G3_top20_drive_s2_c01_7003,"('lm', 'FTi', 'extensor')",0.2544440171329466,0.0
closed_G3_top20_drive_s2_c01_7003,"('lm', 'FTi', 'flexor')",0.01485789197856351,0.0
closed_G3_top20_drive_s2_c01_7003,"('lm', 'ThC', 'remotor')",0.0,0.0
closed_G3_top20_drive_s2_c01_7003,"('lm', 'ThC', 'rotator_ant')",0.17178378824720084,0.0
closed_G3_top20_drive_s2_c01_7003,"('lm', 'ThC', 'rotator_post')",8.094626335044882e-09,0.0
closed_G3_top20_drive_s2_c01_7003,"('lm', 'TiTa', 'depressor')",0.0,0.0
closed_G3_top20_drive_s2_c01_7003,"('lm', 'TiTa', 'levator')",0.0,0.0
closed_G3_top20_drive_s2_c01_7003,"('lm', 'TrF', 'reductor')",0.0005555540192827336,0.0
closed_G3_top20_drive_s2_c01_7003,"('rf', 'CTr', 'extensor')",0.013311723203223904,0.0
closed_G3_top20_drive_s2_c01_7003,"('rf', 'CTr', 'flexor')",0.16714359137314289,0.0
closed_G3_top20_drive_s2_c01_7003,"('rf', 'FTi', 'extensor')",0.1615463805445674,0.0
closed_G3_top20_drive_s2_c01_7003,"('rf', 'FTi', 'flexor')",0.01521046067077099,0.0
closed_G3_top20_drive_s2_c01_7003,"('rf', 'ThC', 'adductor')",0.0,0.0
closed_G3_top20_drive_s2_c01_7003,"('rf', 'ThC', 'promotor')",0.2457955005164554,0.0
closed_G3_top20_drive_s2_c01_7003,"('rf', 'ThC', 'remotor')",0.025420874187071913,0.0
closed_G3_top20_drive_s2_c01_7003,"('rf', 'ThC', 'rotator_ant')",0.08309763323046757,0.0
closed_G3_top20_drive_s2_c01_7003,"('rf', 'ThC', 'rotator_post')",0.0003333438506179452,0.0
closed_G3_top20_drive_s2_c01_7003,"('rf', 'TiTa', 'depressor')",0.0014792531703965632,0.0
closed_G3_top20_drive_s2_c01_7003,"('rf', 'TiTa', 'levator')",0.0,0.0
closed_G3_top20_drive_s2_c01_7003,"('rf', 'TrF', 'reductor')",0.12663233946804084,0.0
closed_G3_top20_drive_s2_c01_7003,"('rh', 'CTr', 'extensor')",0.09877377804394681,0.0
closed_G3_top20_drive_s2_c01_7003,"('rh', 'CTr', 'flexor')",0.1471844281111964,0.0
closed_G3_top20_drive_s2_c01_7003,"('rh', 'FTi', 'extensor')",0.28244341429263087,0.0
closed_G3_top20_drive_s2_c01_7003,"('rh', 'FTi', 'flexor')",0.003724173177804143,0.0
closed_G3_top20_drive_s2_c01_7003,"('rh', 'ThC', 'adductor')",0.03414251715088392,0.0
closed_G3_top20_drive_s2_c01_7003,"('rh', 'ThC', 'remotor')",0.0,0.0
closed_G3_top20_drive_s2_c01_7003,"('rh', 'ThC', 'rotator_ant')",0.026218444590060577,0.0
closed_G3_top20_drive_s2_c01_7003,"('rh', 'ThC', 'rotator_post')",0.1419272584720317,0.0
closed_G3_top20_drive_s2_c01_7003,"('rh', 'TiTa', 'depressor')",0.0,0.0
closed_G3_top20_drive_s2_c01_7003,"('rh', 'TiTa', 'levator')",0.0,0.0
closed_G3_top20_drive_s2_c01_7003,"('rh', 'TrF', 'reductor')",0.08709034824009165,0.0
closed_G3_top20_drive_s2_c01_7003,"('rm', 'CTr', 'extensor')",0.005364753722852913,0.0
closed_G3_top20_drive_s2_c01_7003,"('rm', 'CTr', 'flexor')",0.1705524605690563,0.0
closed_G3_top20_drive_s2_c01_7003,"('rm', 'FTi', 'extensor')",0.283522900699481,0.0
closed_G3_top20_drive_s2_c01_7003,"('rm', 'FTi', 'flexor')",0.006633320907192871,0.0
closed_G3_top20_drive_s2_c01_7003,"('rm', 'ThC', 'adductor')",0.0,0.0
closed_G3_top20_drive_s2_c01_7003,"('rm', 'ThC', 'rotator_ant')",0.1372345631690603,0.0
closed_G3_top20_drive_s2_c01_7003,"('rm', 'ThC', 'rotator_post')",0.0030000379103234777,0.0
closed_G3_top20_drive_s2_c01_7003,"('rm', 'TiTa', 'depressor')",8.597052888406427e-12,0.0
closed_G3_top20_drive_s2_c01_7003,"('rm', 'TiTa', 'levator')",0.0,0.0
closed_G3_top20_drive_s2_c01_7003,"('rm', 'TrF', 'reductor')",0.029611798449501715,0.0
closed_G3_top20_drive_s2_c01_7004,"('lf', 'CTr', 'extensor')",0.02978213937916695,0.0
closed_G3_top20_drive_s2_c01_7004,"('lf', 'CTr', 'flexor')",0.08742344894391171,0.0
closed_G3_top20_drive_s2_c01_7004,"('lf', 'FTi', 'extensor')",0.09496750876975212,0.0
closed_G3_top20_drive_s2_c01_7004,"('lf', 'FTi', 'flexor')",0.01788137589280042,0.0
closed_G3_top20_drive_s2_c01_7004,"('lf', 'ThC', 'adductor')",8.540900703346934e-10,0.0
closed_G3_top20_drive_s2_c01_7004,"('lf', 'ThC', 'promotor')",0.32647549331087394,0.0
closed_G3_top20_drive_s2_c01_7004,"('lf', 'ThC', 'remotor')",0.0034788950917681092,0.0
closed_G3_top20_drive_s2_c01_7004,"('lf', 'ThC', 'rotator_ant')",0.024405212928408488,0.0
closed_G3_top20_drive_s2_c01_7004,"('lf', 'ThC', 'rotator_post')",0.004783905247629202,0.0
closed_G3_top20_drive_s2_c01_7004,"('lf', 'TiTa', 'depressor')",0.0,0.0
closed_G3_top20_drive_s2_c01_7004,"('lf', 'TiTa', 'levator')",0.0,0.0
closed_G3_top20_drive_s2_c01_7004,"('lf', 'TrF', 'reductor')",0.15335291791056516,0.0
closed_G3_top20_drive_s2_c01_7004,"('lh', 'CTr', 'extensor')",0.0883375539981597,0.0
closed_G3_top20_drive_s2_c01_7004,"('lh', 'CTr', 'flexor')",0.19063019574863332,0.0
closed_G3_top20_drive_s2_c01_7004,"('lh', 'FTi', 'extensor')",0.29042749000594836,0.0
closed_G3_top20_drive_s2_c01_7004,"('lh', 'FTi', 'flexor')",0.011597470799446586,0.0
closed_G3_top20_drive_s2_c01_7004,"('lh', 'ThC', 'adductor')",0.05857119000554626,0.0
closed_G3_top20_drive_s2_c01_7004,"('lh', 'ThC', 'remotor')",0.0,0.0
closed_G3_top20_drive_s2_c01_7004,"('lh', 'ThC', 'rotator_ant')",0.0650546248085176,0.0
closed_G3_top20_drive_s2_c01_7004,"('lh', 'ThC', 'rotator_post')",0.08725065643640603,0.0
closed_G3_top20_drive_s2_c01_7004,"('lh', 'TiTa', 'depressor')",0.0,0.0
closed_G3_top20_drive_s2_c01_7004,"('lh', 'TiTa', 'levator')",0.0,0.0
closed_G3_top20_drive_s2_c01_7004,"('lh', 'TrF', 'reductor')",0.08558753183369695,0.0
closed_G3_top20_drive_s2_c01_7004,"('lm', 'CTr', 'extensor')",0.028577666621924794,0.0
closed_G3_top20_drive_s2_c01_7004,"('lm', 'CTr', 'flexor')",0.1595718228295524,0.0
closed_G3_top20_drive_s2_c01_7004,"('lm', 'FTi', 'extensor')",0.24194650057232361,0.0
closed_G3_top20_drive_s2_c01_7004,"('lm', 'FTi', 'flexor')",0.023694796905739512,0.0
closed_G3_top20_drive_s2_c01_7004,"('lm', 'ThC', 'remotor')",0.0,0.0
closed_G3_top20_drive_s2_c01_7004,"('lm', 'ThC', 'rotator_ant')",0.2050302817482602,0.0
closed_G3_top20_drive_s2_c01_7004,"('lm', 'ThC', 'rotator_post')",1.932583847080843e-08,0.0
closed_G3_top20_drive_s2_c01_7004,"('lm', 'TiTa', 'depressor')",0.0,0.0
closed_G3_top20_drive_s2_c01_7004,"('lm', 'TiTa', 'levator')",0.0,0.0
closed_G3_top20_drive_s2_c01_7004,"('lm', 'TrF', 'reductor')",0.0002777777777777773,0.0
closed_G3_top20_drive_s2_c01_7004,"('rf', 'CTr', 'extensor')",0.008721444724969142,0.0
closed_G3_top20_drive_s2_c01_7004,"('rf', 'CTr', 'flexor')",0.17000403420750212,0.0
closed_G3_top20_drive_s2_c01_7004,"('rf', 'FTi', 'extensor')",0.17125320831887822,0.0
closed_G3_top20_drive_s2_c01_7004,"('rf', 'FTi', 'flexor')",0.01704724720127164,0.0
closed_G3_top20_drive_s2_c01_7004,"('rf', 'ThC', 'adductor')",0.0,0.0
closed_G3_top20_drive_s2_c01_7004,"('rf', 'ThC', 'promotor')",0.24229934023869665,0.0
closed_G3_top20_drive_s2_c01_7004,"('rf', 'ThC', 'remotor')",0.030241035765577243,0.0
closed_G3_top20_drive_s2_c01_7004,"('rf', 'ThC', 'rotator_ant')",0.08702689144285237,0.0
closed_G3_top20_drive_s2_c01_7004,"('rf', 'ThC', 'rotator_post')",9.195631919287657e-09,0.0
closed_G3_top20_drive_s2_c01_7004,"('rf', 'TiTa', 'depressor')",0.0015485595757170664,0.0
closed_G3_top20_drive_s2_c01_7004,"('rf', 'TiTa', 'levator')",0.0,0.0
closed_G3_top20_drive_s2_c01_7004,"('rf', 'TrF', 'reductor')",0.1206238269619649,0.0
closed_G3_top20_drive_s2_c01_7004,"('rh', 'CTr', 'extensor')",0.11065839894470213,0.0
closed_G3_top20_drive_s2_c01_7004,"('rh', 'CTr', 'flexor')",0.13872941703454547,0.0
closed_G3_top20_drive_s2_c01_7004,"('rh', 'FTi', 'extensor')",0.2881796108574896,0.0
closed_G3_top20_drive_s2_c01_7004,"('rh', 'FTi', 'flexor')",0.005495175720298733,0.0
closed_G3_top20_drive_s2_c01_7004,"('rh', 'ThC', 'adductor')",0.05092530449734543,0.0
closed_G3_top20_drive_s2_c01_7004,"('rh', 'ThC', 'remotor')",0.0,0.0
closed_G3_top20_drive_s2_c01_7004,"('rh', 'ThC', 'rotator_ant')",0.03981311670967216,0.0
closed_G3_top20_drive_s2_c01_7004,"('rh', 'ThC', 'rotator_post')",0.12800208690528292,0.0
closed_G3_top20_drive_s2_c01_7004,"('rh', 'TiTa', 'depressor')",0.0,0.0
closed_G3_top20_drive_s2_c01_7004,"('rh', 'TiTa', 'levator')",0.0,0.0
closed_G3_top20_drive_s2_c01_7004,"('rh', 'TrF', 'reductor')",0.1068863929357949,0.0
closed_G3_top20_drive_s2_c01_7004,"('rm', 'CTr', 'extensor')",0.004586137561038201,0.0
closed_G3_top20_drive_s2_c01_7004,"('rm', 'CTr', 'flexor')",0.17645586028525967,0.0
closed_G3_top20_drive_s2_c01_7004,"('rm', 'FTi', 'extensor')",0.28804943662431176,0.0
closed_G3_top20_drive_s2_c01_7004,"('rm', 'FTi', 'flexor')",0.011563388724130519,0.0
closed_G3_top20_drive_s2_c01_7004,"('rm', 'ThC', 'adductor')",0.0,0.0
closed_G3_top20_drive_s2_c01_7004,"('rm', 'ThC', 'rotator_ant')",0.1466128609343776,0.0
closed_G3_top20_drive_s2_c01_7004,"('rm', 'ThC', 'rotator_post')",0.0013318257975664196,0.0
closed_G3_top20_drive_s2_c01_7004,"('rm', 'TiTa', 'depressor')",5.996442704299635e-10,0.0
closed_G3_top20_drive_s2_c01_7004,"('rm', 'TiTa', 'levator')",0.0,0.0
closed_G3_top20_drive_s2_c01_7004,"('rm', 'TrF', 'reductor')",0.03105020812361244,0.0
closed_G3_top20_drive_s2_c10_7000,"('lf', 'CTr', 'extensor')",0.07042136224218774,0.0
closed_G3_top20_drive_s2_c10_7000,"('lf', 'CTr', 'flexor')",0.07110780065452967,0.0
closed_G3_top20_drive_s2_c10_7000,"('lf', 'FTi', 'extensor')",0.042509105486175626,0.0
closed_G3_top20_drive_s2_c10_7000,"('lf', 'FTi', 'flexor')",0.02886869399331511,0.0
closed_G3_top20_drive_s2_c10_7000,"('lf', 'ThC', 'adductor')",0.0,0.0
closed_G3_top20_drive_s2_c10_7000,"('lf', 'ThC', 'promotor')",0.30012136369453596,0.0
closed_G3_top20_drive_s2_c10_7000,"('lf', 'ThC', 'remotor')",1.3023110540202855e-08,0.0
closed_G3_top20_drive_s2_c10_7000,"('lf', 'ThC', 'rotator_ant')",0.12657281797762582,0.0
closed_G3_top20_drive_s2_c10_7000,"('lf', 'ThC', 'rotator_post')",0.0010000082553537307,0.0
closed_G3_top20_drive_s2_c10_7000,"('lf', 'TiTa', 'depressor')",0.00015151515151515152,0.0
closed_G3_top20_drive_s2_c10_7000,"('lf', 'TiTa', 'levator')",0.0,0.0
closed_G3_top20_drive_s2_c10_7000,"('lf', 'TrF', 'reductor')",0.10645997816316334,0.0
closed_G3_top20_drive_s2_c10_7000,"('lh', 'CTr', 'extensor')",0.0506585055791022,0.0
closed_G3_top20_drive_s2_c10_7000,"('lh', 'CTr', 'flexor')",0.23455842524445897,0.0
closed_G3_top20_drive_s2_c10_7000,"('lh', 'FTi', 'extensor')",0.17219010096940515,0.0
closed_G3_top20_drive_s2_c10_7000,"('lh', 'FTi', 'flexor')",0.059383925469861945,0.0
closed_G3_top20_drive_s2_c10_7000,"('lh', 'ThC', 'adductor')",0.09232404864427907,0.0
closed_G3_top20_drive_s2_c10_7000,"('lh', 'ThC', 'remotor')",0.0,0.0
closed_G3_top20_drive_s2_c10_7000,"('lh', 'ThC', 'rotator_ant')",0.08960409391454519,0.0
closed_G3_top20_drive_s2_c10_7000,"('lh', 'ThC', 'rotator_post')",0.09968246210651478,0.0
closed_G3_top20_drive_s2_c10_7000,"('lh', 'TiTa', 'depressor')",2.0782077194538335e-10,0.0
closed_G3_top20_drive_s2_c10_7000,"('lh', 'TiTa', 'levator')",0.0,0.0
closed_G3_top20_drive_s2_c10_7000,"('lh', 'TrF', 'reductor')",0.10298739292444901,0.0
closed_G3_top20_drive_s2_c10_7000,"('lm', 'CTr', 'extensor')",0.08386821714412461,0.0
closed_G3_top20_drive_s2_c10_7000,"('lm', 'CTr', 'flexor')",0.132452559433984,0.0
closed_G3_top20_drive_s2_c10_7000,"('lm', 'FTi', 'extensor')",0.09318673844800673,0.0
closed_G3_top20_drive_s2_c10_7000,"('lm', 'FTi', 'flexor')",0.08856616713978437,0.0
closed_G3_top20_drive_s2_c10_7000,"('lm', 'ThC', 'remotor')",0.0,0.0
closed_G3_top20_drive_s2_c10_7000,"('lm', 'ThC', 'rotator_ant')",0.2520716752775473,0.0
closed_G3_top20_drive_s2_c10_7000,"('lm', 'ThC', 'rotator_post')",1.0039111784463653e-08,0.0
closed_G3_top20_drive_s2_c10_7000,"('lm', 'TiTa', 'depressor')",0.0,0.0
closed_G3_top20_drive_s2_c10_7000,"('lm', 'TiTa', 'levator')",0.0,0.0
closed_G3_top20_drive_s2_c10_7000,"('lm', 'TrF', 'reductor')",0.001667528757347364,0.0
closed_G3_top20_drive_s2_c10_7000,"('rf', 'CTr', 'extensor')",0.11783188033867964,0.0
closed_G3_top20_drive_s2_c10_7000,"('rf', 'CTr', 'flexor')",0.1313040958328452,0.0
closed_G3_top20_drive_s2_c10_7000,"('rf', 'FTi', 'extensor')",0.14654711086102673,0.0
closed_G3_top20_drive_s2_c10_7000,"('rf', 'FTi', 'flexor')",0.024273063955977305,0.0
closed_G3_top20_drive_s2_c10_7000,"('rf', 'ThC', 'adductor')",0.0,0.0
closed_G3_top20_drive_s2_c10_7000,"('rf', 'ThC', 'promotor')",0.22620211485136743,0.0
closed_G3_top20_drive_s2_c10_7000,"('rf', 'ThC', 'remotor')",0.028318663563099263,0.0
closed_G3_top20_drive_s2_c10_7000,"('rf', 'ThC', 'rotator_ant')",0.08637568017598853,0.0
closed_G3_top20_drive_s2_c10_7000,"('rf', 'ThC', 'rotator_post')",2.6916085006865974e-06,0.0
closed_G3_top20_drive_s2_c10_7000,"('rf', 'TiTa', 'depressor')",0.0074289327531827124,0.0
closed_G3_top20_drive_s2_c10_7000,"('rf', 'TiTa', 'levator')",0.0,0.0
closed_G3_top20_drive_s2_c10_7000,"('rf', 'TrF', 'reductor')",0.05533898896786317,0.0
closed_G3_top20_drive_s2_c10_7000,"('rh', 'CTr', 'extensor')",0.1813827125514764,0.0
closed_G3_top20_drive_s2_c10_7000,"('rh', 'CTr', 'flexor')",0.10628691129088222,0.0
closed_G3_top20_drive_s2_c10_7000,"('rh', 'FTi', 'extensor')",0.21371355352839627,0.0
closed_G3_top20_drive_s2_c10_7000,"('rh', 'FTi', 'flexor')",0.04467833161784778,0.0
closed_G3_top20_drive_s2_c10_7000,"('rh', 'ThC', 'adductor')",0.05806661453752121,0.0
closed_G3_top20_drive_s2_c10_7000,"('rh', 'ThC', 'remotor')",0.0,0.0
closed_G3_top20_drive_s2_c10_7000,"('rh', 'ThC', 'rotator_ant')",0.02406035159907259,0.0
closed_G3_top20_drive_s2_c10_7000,"('rh', 'ThC', 'rotator_post')",0.1318605487586475,0.0
closed_G3_top20_drive_s2_c10_7000,"('rh', 'TiTa', 'depressor')",1.3917239394723107e-10,0.0
closed_G3_top20_drive_s2_c10_7000,"('rh', 'TiTa', 'levator')",0.0,0.0
closed_G3_top20_drive_s2_c10_7000,"('rh', 'TrF', 'reductor')",0.12501649856818037,0.0
closed_G3_top20_drive_s2_c10_7000,"('rm', 'CTr', 'extensor')",0.032591015641707674,0.0
closed_G3_top20_drive_s2_c10_7000,"('rm', 'CTr', 'flexor')",0.10974960475555427,0.0
closed_G3_top20_drive_s2_c10_7000,"('rm', 'FTi', 'extensor')",0.14459274916847228,0.0
closed_G3_top20_drive_s2_c10_7000,"('rm', 'FTi', 'flexor')",0.05709608430132174,0.0
closed_G3_top20_drive_s2_c10_7000,"('rm', 'ThC', 'adductor')",0.0,0.0
closed_G3_top20_drive_s2_c10_7000,"('rm', 'ThC', 'rotator_ant')",0.16314975817956784,0.0
closed_G3_top20_drive_s2_c10_7000,"('rm', 'ThC', 'rotator_post')",0.011988973904067701,0.0
closed_G3_top20_drive_s2_c10_7000,"('rm', 'TiTa', 'depressor')",5.8190808010471767e-11,0.0
closed_G3_top20_drive_s2_c10_7000,"('rm', 'TiTa', 'levator')",0.0,0.0
closed_G3_top20_drive_s2_c10_7000,"('rm', 'TrF', 'reductor')",0.08399248739287427,0.0
closed_G3_top20_drive_s2_c10_7001,"('lf', 'CTr', 'extensor')",0.0655670318193806,0.0
closed_G3_top20_drive_s2_c10_7001,"('lf', 'CTr', 'flexor')",0.06823249709767165,0.0
closed_G3_top20_drive_s2_c10_7001,"('lf', 'FTi', 'extensor')",0.05477929698309875,0.0
closed_G3_top20_drive_s2_c10_7001,"('lf', 'FTi', 'flexor')",0.026567286729982143,0.0
closed_G3_top20_drive_s2_c10_7001,"('lf', 'ThC', 'adductor')",0.0,0.0
closed_G3_top20_drive_s2_c10_7001,"('lf', 'ThC', 'promotor')",0.31375532464836325,0.0
closed_G3_top20_drive_s2_c10_7001,"('lf', 'ThC', 'remotor')",3.2806568366309026e-09,0.0
closed_G3_top20_drive_s2_c10_7001,"('lf', 'ThC', 'rotator_ant')",0.09934504999596203,0.0
closed_G3_top20_drive_s2_c10_7001,"('lf', 'ThC', 'rotator_post')",0.0016670074558459405,0.0
closed_G3_top20_drive_s2_c10_7001,"('lf', 'TiTa', 'depressor')",0.0,0.0
closed_G3_top20_drive_s2_c10_7001,"('lf', 'TiTa', 'levator')",0.0,0.0
closed_G3_top20_drive_s2_c10_7001,"('lf', 'TrF', 'reductor')",0.10856361199859808,0.0
closed_G3_top20_drive_s2_c10_7001,"('lh', 'CTr', 'extensor')",0.15603996733635409,0.0
closed_G3_top20_drive_s2_c10_7001,"('lh', 'CTr', 'flexor')",0.18427525489442023,0.0
closed_G3_top20_drive_s2_c10_7001,"('lh', 'FTi', 'extensor')",0.17282038849441175,0.0
closed_G3_top20_drive_s2_c10_7001,"('lh', 'FTi', 'flexor')",0.08577078509135917,0.0
closed_G3_top20_drive_s2_c10_7001,"('lh', 'ThC', 'adductor')",0.04034054636931085,0.0
closed_G3_top20_drive_s2_c10_7001,"('lh', 'ThC', 'remotor')",0.0,0.0
closed_G3_top20_drive_s2_c10_7001,"('lh', 'ThC', 'rotator_ant')",0.03455916216318364,0.0
closed_G3_top20_drive_s2_c10_7001,"('lh', 'ThC', 'rotator_post')",0.0861983017487206,0.0
closed_G3_top20_drive_s2_c10_7001,"('lh', 'TiTa', 'depressor')",0.0,0.0
closed_G3_top20_drive_s2_c10_7001,"('lh', 'TiTa', 'levator')",0.0,0.0
closed_G3_top20_drive_s2_c10_7001,"('lh', 'TrF', 'reductor')",0.062240833405297,0.0
closed_G3_top20_drive_s2_c10_7001,"('lm', 'CTr', 'extensor')",0.06624213194625764,0.0
closed_G3_top20_drive_s2_c10_7001,"('lm', 'CTr', 'flexor')",0.1466438154282514,0.0
closed_G3_top20_drive_s2_c10_7001,"('lm', 'FTi', 'extensor')",0.09117170648220765,0.0
closed_G3_top20_drive_s2_c10_7001,"('lm', 'FTi', 'flexor')",0.08411126684890932,0.0
closed_G3_top20_drive_s2_c10_7001,"('lm', 'ThC', 'remotor')",0.0,0.0
closed_G3_top20_drive_s2_c10_7001,"('lm', 'ThC', 'rotator_ant')",0.18999635384529578,0.0
closed_G3_top20_drive_s2_c10_7001,"('lm', 'ThC', 'rotator_post')",0.0003333425286708142,0.0
closed_G3_top20_drive_s2_c10_7001,"('lm', 'TiTa', 'depressor')",0.0,0.0
closed_G3_top20_drive_s2_c10_7001,"('lm', 'TiTa', 'levator')",0.0,0.0
closed_G3_top20_drive_s2_c10_7001,"('lm', 'TrF', 'reductor')",0.00027829389639331546,0.0
closed_G3_top20_drive_s2_c10_7001,"('rf', 'CTr', 'extensor')",0.08947485850980301,0.0
closed_G3_top20_drive_s2_c10_7001,"('rf', 'CTr', 'flexor')",0.13839286194599823,0.0
closed_G3_top20_drive_s2_c10_7001,"('rf', 'FTi', 'extensor')",0.1507451185502015,0.0
closed_G3_top20_drive_s2_c10_7001,"('rf', 'FTi', 'flexor')",0.025570940974761987,0.0
closed_G3_top20_drive_s2_c10_7001,"('rf', 'ThC', 'adductor')",0.0,0.0
closed_G3_top20_drive_s2_c10_7001,"('rf', 'ThC', 'promotor')",0.22454498474273366,0.0
closed_G3_top20_drive_s2_c10_7001,"('rf', 'ThC', 'remotor')",0.07749188040436994,0.0
closed_G3_top20_drive_s2_c10_7001,"('rf', 'ThC', 'rotator_ant')",0.0566506545857061,0.0
closed_G3_top20_drive_s2_c10_7001,"('rf', 'ThC', 'rotator_post')",0.011271925962223794,0.0
closed_G3_top20_drive_s2_c10_7001,"('rf', 'TiTa', 'depressor')",0.001059940369167109,0.0
closed_G3_top20_drive_s2_c10_7001,"('rf', 'TiTa', 'levator')",0.0,0.0
closed_G3_top20_drive_s2_c10_7001,"('rf', 'TrF', 'reductor')",0.050355396309918345,0.0
closed_G3_top20_drive_s2_c10_7001,"('rh', 'CTr', 'extensor')",0.1858479016170805,0.0
closed_G3_top20_drive_s2_c10_7001,"('rh', 'CTr', 'flexor')",0.10731999087205582,0.0
closed_G3_top20_drive_s2_c10_7001,"('rh', 'FTi', 'extensor')",0.20032204918103105,0.0
closed_G3_top20_drive_s2_c10_7001,"('rh', 'FTi', 'flexor')",0.056203741575114465,0.0
closed_G3_top20_drive_s2_c10_7001,"('rh', 'ThC', 'adductor')",0.0865318226069162,0.0
closed_G3_top20_drive_s2_c10_7001,"('rh', 'ThC', 'remotor')",0.0,0.0
closed_G3_top20_drive_s2_c10_7001,"('rh', 'ThC', 'rotator_ant')",0.03832379258165348,0.0
closed_G3_top20_drive_s2_c10_7001,"('rh', 'ThC', 'rotator_post')",0.1329286094433816,0.0
closed_G3_top20_drive_s2_c10_7001,"('rh', 'TiTa', 'depressor')",0.0,0.0
closed_G3_top20_drive_s2_c10_7001,"('rh', 'TiTa', 'levator')",0.0,0.0
closed_G3_top20_drive_s2_c10_7001,"('rh', 'TrF', 'reductor')",0.1415196464993557,0.0
closed_G3_top20_drive_s2_c10_7001,"('rm', 'CTr', 'extensor')",0.03582921886795157,0.0
closed_G3_top20_drive_s2_c10_7001,"('rm', 'CTr', 'flexor')",0.15149979991231782,0.0
closed_G3_top20_drive_s2_c10_7001,"('rm', 'FTi', 'extensor')",0.17843859955617786,0.0
closed_G3_top20_drive_s2_c10_7001,"('rm', 'FTi', 'flexor')",0.07469617050417947,0.0
closed_G3_top20_drive_s2_c10_7001,"('rm', 'ThC', 'adductor')",0.0,0.0
closed_G3_top20_drive_s2_c10_7001,"('rm', 'ThC', 'rotator_ant')",0.12525102291093448,0.0
closed_G3_top20_drive_s2_c10_7001,"('rm', 'ThC', 'rotator_post')",0.04175985566488508,0.0
closed_G3_top20_drive_s2_c10_7001,"('rm', 'TiTa', 'depressor')",5.37905138494723e-10,0.0
closed_G3_top20_drive_s2_c10_7001,"('rm', 'TiTa', 'levator')",0.0,0.0
closed_G3_top20_drive_s2_c10_7001,"('rm', 'TrF', 'reductor')",0.03623880087604214,0.0
closed_G3_top20_drive_s2_c10_7002,"('lf', 'CTr', 'extensor')",0.062048383911801445,0.0
closed_G3_top20_drive_s2_c10_7002,"('lf', 'CTr', 'flexor')",0.09530463720075705,0.0
closed_G3_top20_drive_s2_c10_7002,"('lf', 'FTi', 'extensor')",0.030272888162864702,0.0
closed_G3_top20_drive_s2_c10_7002,"('lf', 'FTi', 'flexor')",0.027657447662678816,0.0
closed_G3_top20_drive_s2_c10_7002,"('lf', 'ThC', 'adductor')",0.0,0.0
closed_G3_top20_drive_s2_c10_7002,"('lf', 'ThC', 'promotor')",0.31151841513901923,0.0
closed_G3_top20_drive_s2_c10_7002,"('lf', 'ThC', 'remotor')",0.0010000102044856911,0.0
closed_G3_top20_drive_s2_c10_7002,"('lf', 'ThC', 'rotator_ant')",0.14297385251634753,0.0
closed_G3_top20_drive_s2_c10_7002,"('lf', 'ThC', 'rotator_post')",0.0010002113478392125,0.0
closed_G3_top20_drive_s2_c10_7002,"('lf', 'TiTa', 'depressor')",0.0,0.0
closed_G3_top20_drive_s2_c10_7002,"('lf', 'TiTa', 'levator')",0.0,0.0
closed_G3_top20_drive_s2_c10_7002,"('lf', 'TrF', 'reductor')",0.14104071377308472,0.0
closed_G3_top20_drive_s2_c10_7002,"('lh', 'CTr', 'extensor')",0.16405522447744045,0.0
closed_G3_top20_drive_s2_c10_7002,"('lh', 'CTr', 'flexor')",0.1677164856257552,0.0
closed_G3_top20_drive_s2_c10_7002,"('lh', 'FTi', 'extensor')",0.17581049463682114,0.0
closed_G3_top20_drive_s2_c10_7002,"('lh', 'FTi', 'flexor')",0.09308698170792593,0.0
closed_G3_top20_drive_s2_c10_7002,"('lh', 'ThC', 'adductor')",0.05965914091490825,0.0
closed_G3_top20_drive_s2_c10_7002,"('lh', 'ThC', 'remotor')",0.0,0.0
closed_G3_top20_drive_s2_c10_7002,"('lh', 'ThC', 'rotator_ant')",0.051502851484889874,0.0
closed_G3_top20_drive_s2_c10_7002,"('lh', 'ThC', 'rotator_post')",0.08460873199307847,0.0
closed_G3_top20_drive_s2_c10_7002,"('lh', 'TiTa', 'depressor')",0.0,0.0
closed_G3_top20_drive_s2_c10_7002,"('lh', 'TiTa', 'levator')",0.0,0.0
closed_G3_top20_drive_s2_c10_7002,"('lh', 'TrF', 'reductor')",0.07661111397348519,0.0
closed_G3_top20_drive_s2_c10_7002,"('lm', 'CTr', 'extensor')",0.07892662495415385,0.0
closed_G3_top20_drive_s2_c10_7002,"('lm', 'CTr', 'flexor')",0.14313287392685511,0.0
closed_G3_top20_drive_s2_c10_7002,"('lm', 'FTi', 'extensor')",0.11032697260971806,0.0
closed_G3_top20_drive_s2_c10_7002,"('lm', 'FTi', 'flexor')",0.1025077901672505,0.0
closed_G3_top20_drive_s2_c10_7002,"('lm', 'ThC', 'remotor')",0.0,0.0
closed_G3_top20_drive_s2_c10_7002,"('lm', 'ThC', 'rotator_ant')",0.19999522932053682,0.0
closed_G3_top20_drive_s2_c10_7002,"('lm', 'ThC', 'rotator_post')",0.0020000028581912323,0.0
closed_G3_top20_drive_s2_c10_7002,"('lm', 'TiTa', 'depressor')",0.0,0.0
closed_G3_top20_drive_s2_c10_7002,"('lm', 'TiTa', 'levator')",0.0,0.0
closed_G3_top20_drive_s2_c10_7002,"('lm', 'TrF', 'reductor')",0.0029959311911850624,0.0
closed_G3_top20_drive_s2_c10_7002,"('rf', 'CTr', 'extensor')",0.04476654062826388,0.0
closed_G3_top20_drive_s2_c10_7002,"('rf', 'CTr', 'flexor')",0.1504830966131594,0.0
closed_G3_top20_drive_s2_c10_7002,"('rf', 'FTi', 'extensor')",0.16468445233643925,0.0
closed_G3_top20_drive_s2_c10_7002,"('rf', 'FTi', 'flexor')",0.013333762251450014,0.0
closed_G3_top20_drive_s2_c10_7002,"('rf', 'ThC', 'adductor')",0.0,0.0
closed_G3_top20_drive_s2_c10_7002,"('rf', 'ThC', 'promotor')",0.26391060767535135,0.0
closed_G3_top20_drive_s2_c10_7002,"('rf', 'ThC', 'remotor')",0.02314714138878335,0.0
closed_G3_top20_drive_s2_c10_7002,"('rf', 'ThC', 'rotator_ant')",0.11709089739116153,0.0
closed_G3_top20_drive_s2_c10_7002,"('rf', 'ThC', 'rotator_post')",1.0216828450735164e-07,0.0
closed_G3_top20_drive_s2_c10_7002,"('rf', 'TiTa', 'depressor')",0.0065941704455814215,0.0
closed_G3_top20_drive_s2_c10_7002,"('rf', 'TiTa', 'levator')",0.0,0.0
closed_G3_top20_drive_s2_c10_7002,"('rf', 'TrF', 'reductor')",0.10748152613229228,0.0
closed_G3_top20_drive_s2_c10_7002,"('rh', 'CTr', 'extensor')",0.16220933938605264,0.0
closed_G3_top20_drive_s2_c10_7002,"('rh', 'CTr', 'flexor')",0.11117794301236254,0.0
closed_G3_top20_drive_s2_c10_7002,"('rh', 'FTi', 'extensor')",0.19384263063262772,0.0
closed_G3_top20_drive_s2_c10_7002,"('rh', 'FTi', 'flexor')",0.052563311434423714,0.0
closed_G3_top20_drive_s2_c10_7002,"('rh', 'ThC', 'adductor')",0.06363989609500556,0.0
closed_G3_top20_drive_s2_c10_7002,"('rh', 'ThC', 'remotor')",0.0,0.0
closed_G3_top20_drive_s2_c10_7002,"('rh', 'ThC', 'rotator_ant')",0.022756052399753562,0.0
closed_G3_top20_drive_s2_c10_7002,"('rh', 'ThC', 'rotator_post')",0.12463961549001445,0.0
closed_G3_top20_drive_s2_c10_7002,"('rh', 'TiTa', 'depressor')",0.0,0.0
closed_G3_top20_drive_s2_c10_7002,"('rh', 'TiTa', 'levator')",0.0,0.0
closed_G3_top20_drive_s2_c10_7002,"('rh', 'TrF', 'reductor')",0.08925280877130069,0.0
closed_G3_top20_drive_s2_c10_7002,"('rm', 'CTr', 'extensor')",0.02293286343167488,0.0
closed_G3_top20_drive_s2_c10_7002,"('rm', 'CTr', 'flexor')",0.11262767416444831,0.0
closed_G3_top20_drive_s2_c10_7002,"('rm', 'FTi', 'extensor')",0.17364530496362063,0.0
closed_G3_top20_drive_s2_c10_7002,"('rm', 'FTi', 'flexor')",0.060125810869036574,0.0
closed_G3_top20_drive_s2_c10_7002,"('rm', 'ThC', 'adductor')",0.0,0.0
closed_G3_top20_drive_s2_c10_7002,"('rm', 'ThC', 'rotator_ant')",0.1267671556627744,0.0
closed_G3_top20_drive_s2_c10_7002,"('rm', 'ThC', 'rotator_post')",0.05417896102314637,0.0
closed_G3_top20_drive_s2_c10_7002,"('rm', 'TiTa', 'depressor')",0.0,0.0
closed_G3_top20_drive_s2_c10_7002,"('rm', 'TiTa', 'levator')",0.0,0.0
closed_G3_top20_drive_s2_c10_7002,"('rm', 'TrF', 'reductor')",0.06815969219170147,0.0
closed_G3_top20_drive_s2_c10_7003,"('lf', 'CTr', 'extensor')",0.028018524614529246,0.0
closed_G3_top20_drive_s2_c10_7003,"('lf', 'CTr', 'flexor')",0.07725057856230567,0.0
closed_G3_top20_drive_s2_c10_7003,"('lf', 'FTi', 'extensor')",0.06953825696391132,0.0
closed_G3_top20_drive_s2_c10_7003,"('lf', 'FTi', 'flexor')",0.025710534894149675,0.0
closed_G3_top20_drive_s2_c10_7003,"('lf', 'ThC', 'adductor')",0.0,0.0
closed_G3_top20_drive_s2_c10_7003,"('lf', 'ThC', 'promotor')",0.31429180424684017,0.0
closed_G3_top20_drive_s2_c10_7003,"('lf', 'ThC', 'remotor')",0.0010000029930006065,0.0
closed_G3_top20_drive_s2_c10_7003,"('lf', 'ThC', 'rotator_ant')",0.03875801299994519,0.0
closed_G3_top20_drive_s2_c10_7003,"('lf', 'ThC', 'rotator_post')",0.004663485531400198,0.0
closed_G3_top20_drive_s2_c10_7003,"('lf', 'TiTa', 'depressor')",0.0,0.0
closed_G3_top20_drive_s2_c10_7003,"('lf', 'TiTa', 'levator')",0.0,0.0
closed_G3_top20_drive_s2_c10_7003,"('lf', 'TrF', 'reductor')",0.13275892075360962,0.0
closed_G3_top20_drive_s2_c10_7003,"('lh', 'CTr', 'extensor')",0.1542454109459158,0.0
closed_G3_top20_drive_s2_c10_7003,"('lh', 'CTr', 'flexor')",0.1491289919953281,0.0
closed_G3_top20_drive_s2_c10_7003,"('lh', 'FTi', 'extensor')",0.1564110908886362,0.0
closed_G3_top20_drive_s2_c10_7003,"('lh', 'FTi', 'flexor')",0.09498425117900958,0.0
closed_G3_top20_drive_s2_c10_7003,"('lh', 'ThC', 'adductor')",0.07348047259796593,0.0
closed_G3_top20_drive_s2_c10_7003,"('lh', 'ThC', 'remotor')",0.0,0.0
closed_G3_top20_drive_s2_c10_7003,"('lh', 'ThC', 'rotator_ant')",0.04824057431123871,0.0
closed_G3_top20_drive_s2_c10_7003,"('lh', 'ThC', 'rotator_post')",0.0785178862713711,0.0
closed_G3_top20_drive_s2_c10_7003,"('lh', 'TiTa', 'depressor')",0.0,0.0
closed_G3_top20_drive_s2_c10_7003,"('lh', 'TiTa', 'levator')",0.0,0.0
closed_G3_top20_drive_s2_c10_7003,"('lh', 'TrF', 'reductor')",0.07482186396504238,0.0
closed_G3_top20_drive_s2_c10_7003,"('lm', 'CTr', 'extensor')",0.05091152052805966,0.0
closed_G3_top20_drive_s2_c10_7003,"('lm', 'CTr', 'flexor')",0.14514198507114165,0.0
closed_G3_top20_drive_s2_c10_7003,"('lm', 'FTi', 'extensor')",0.09367814962918494,0.0
closed_G3_top20_drive_s2_c10_7003,"('lm', 'FTi', 'flexor')",0.09102404115633103,0.0
closed_G3_top20_drive_s2_c10_7003,"('lm', 'ThC', 'remotor')",0.0,0.0
closed_G3_top20_drive_s2_c10_7003,"('lm', 'ThC', 'rotator_ant')",0.19763866028197416,0.0
closed_G3_top20_drive_s2_c10_7003,"('lm', 'ThC', 'rotator_post')",5.694348075556894e-09,0.0
closed_G3_top20_drive_s2_c10_7003,"('lm', 'TiTa', 'depressor')",0.0,0.0
closed_G3_top20_drive_s2_c10_7003,"('lm', 'TiTa', 'levator')",0.0,0.0
closed_G3_top20_drive_s2_c10_7003,"('lm', 'TrF', 'reductor')",1.0776671995730439e-08,0.0
closed_G3_top20_drive_s2_c10_7003,"('rf', 'CTr', 'extensor')",0.013159762334862027,0.0
closed_G3_top20_drive_s2_c10_7003,"('rf', 'CTr', 'flexor')",0.16405214827701972,0.0
closed_G3_top20_drive_s2_c10_7003,"('rf', 'FTi', 'extensor')",0.15797520268975387,0.0
closed_G3_top20_drive_s2_c10_7003,"('rf', 'FTi', 'flexor')",0.01864319450996873,0.0
closed_G3_top20_drive_s2_c10_7003,"('rf', 'ThC', 'adductor')",0.0,0.0
closed_G3_top20_drive_s2_c10_7003,"('rf', 'ThC', 'promotor')",0.24211939072492278,0.0
closed_G3_top20_drive_s2_c10_7003,"('rf', 'ThC', 'remotor')",0.023325967807304414,0.0
closed_G3_top20_drive_s2_c10_7003,"('rf', 'ThC', 'rotator_ant')",0.08379873032326778,0.0
closed_G3_top20_drive_s2_c10_7003,"('rf', 'ThC', 'rotator_post')",0.0003333405903761566,0.0
closed_G3_top20_drive_s2_c10_7003,"('rf', 'TiTa', 'depressor')",0.0015511570681652678,0.0
closed_G3_top20_drive_s2_c10_7003,"('rf', 'TiTa', 'levator')",0.0,0.0
closed_G3_top20_drive_s2_c10_7003,"('rf', 'TrF', 'reductor')",0.11893070460545163,0.0
closed_G3_top20_drive_s2_c10_7003,"('rh', 'CTr', 'extensor')",0.16152660142321434,0.0
closed_G3_top20_drive_s2_c10_7003,"('rh', 'CTr', 'flexor')",0.10158010039681409,0.0
closed_G3_top20_drive_s2_c10_7003,"('rh', 'FTi', 'extensor')",0.17451002506896324,0.0
closed_G3_top20_drive_s2_c10_7003,"('rh', 'FTi', 'flexor')",0.06680564694349134,0.0
closed_G3_top20_drive_s2_c10_7003,"('rh', 'ThC', 'adductor')",0.07321448898317164,0.0
closed_G3_top20_drive_s2_c10_7003,"('rh', 'ThC', 'remotor')",0.0,0.0
closed_G3_top20_drive_s2_c10_7003,"('rh', 'ThC', 'rotator_ant')",0.03835042651074267,0.0
closed_G3_top20_drive_s2_c10_7003,"('rh', 'ThC', 'rotator_post')",0.11385812914219574,0.0
closed_G3_top20_drive_s2_c10_7003,"('rh', 'TiTa', 'depressor')",0.0,0.0
closed_G3_top20_drive_s2_c10_7003,"('rh', 'TiTa', 'levator')",0.0,0.0
closed_G3_top20_drive_s2_c10_7003,"('rh', 'TrF', 'reductor')",0.09012585650195162,0.0
closed_G3_top20_drive_s2_c10_7003,"('rm', 'CTr', 'extensor')",0.018535747572142693,0.0
closed_G3_top20_drive_s2_c10_7003,"('rm', 'CTr', 'flexor')",0.14166388882877173,0.0
closed_G3_top20_drive_s2_c10_7003,"('rm', 'FTi', 'extensor')",0.16007494105931885,0.0
closed_G3_top20_drive_s2_c10_7003,"('rm', 'FTi', 'flexor')",0.06336431707916891,0.0
closed_G3_top20_drive_s2_c10_7003,"('rm', 'ThC', 'adductor')",0.0,0.0
closed_G3_top20_drive_s2_c10_7003,"('rm', 'ThC', 'rotator_ant')",0.11918268070897445,0.0
closed_G3_top20_drive_s2_c10_7003,"('rm', 'ThC', 'rotator_post')",0.026757488003536153,0.0
closed_G3_top20_drive_s2_c10_7003,"('rm', 'TiTa', 'depressor')",0.0,0.0
closed_G3_top20_drive_s2_c10_7003,"('rm', 'TiTa', 'levator')",0.0,0.0
closed_G3_top20_drive_s2_c10_7003,"('rm', 'TrF', 'reductor')",0.02034857141270172,0.0
closed_G3_top20_drive_s2_c10_7004,"('lf', 'CTr', 'extensor')",0.046548418207492885,0.0
closed_G3_top20_drive_s2_c10_7004,"('lf', 'CTr', 'flexor')",0.06828072262416608,0.0
closed_G3_top20_drive_s2_c10_7004,"('lf', 'FTi', 'extensor')",0.0657941472041053,0.0
closed_G3_top20_drive_s2_c10_7004,"('lf', 'FTi', 'flexor')",0.02480343627548275,0.0
closed_G3_top20_drive_s2_c10_7004,"('lf', 'ThC', 'adductor')",0.0,0.0
closed_G3_top20_drive_s2_c10_7004,"('lf', 'ThC', 'promotor')",0.30710505835636254,0.0
closed_G3_top20_drive_s2_c10_7004,"('lf', 'ThC', 'remotor')",0.0009921246857355563,0.0
closed_G3_top20_drive_s2_c10_7004,"('lf', 'ThC', 'rotator_ant')",0.02900206770680641,0.0
closed_G3_top20_drive_s2_c10_7004,"('lf', 'ThC', 'rotator_post')",0.00699796987190895,0.0
closed_G3_top20_drive_s2_c10_7004,"('lf', 'TiTa', 'depressor')",0.0,0.0
closed_G3_top20_drive_s2_c10_7004,"('lf', 'TiTa', 'levator')",0.0,0.0
closed_G3_top20_drive_s2_c10_7004,"('lf', 'TrF', 'reductor')",0.12577912868109287,0.0
closed_G3_top20_drive_s2_c10_7004,"('lh', 'CTr', 'extensor')",0.0780235592222757,0.0
closed_G3_top20_drive_s2_c10_7004,"('lh', 'CTr', 'flexor')",0.2194341593913518,0.0
closed_G3_top20_drive_s2_c10_7004,"('lh', 'FTi', 'extensor')",0.14043007133507796,0.0
closed_G3_top20_drive_s2_c10_7004,"('lh', 'FTi', 'flexor')",0.07581818694924486,0.0
closed_G3_top20_drive_s2_c10_7004,"('lh', 'ThC', 'adductor')",0.09834262968401039,0.0
closed_G3_top20_drive_s2_c10_7004,"('lh', 'ThC', 'remotor')",0.0,0.0
closed_G3_top20_drive_s2_c10_7004,"('lh', 'ThC', 'rotator_ant')",0.0931814498527505,0.0
closed_G3_top20_drive_s2_c10_7004,"('lh', 'ThC', 'rotator_post')",0.09982066352994735,0.0
closed_G3_top20_drive_s2_c10_7004,"('lh', 'TiTa', 'depressor')",0.0,0.0
closed_G3_top20_drive_s2_c10_7004,"('lh', 'TiTa', 'levator')",0.0,0.0
closed_G3_top20_drive_s2_c10_7004,"('lh', 'TrF', 'reductor')",0.10879801215267615,0.0
closed_G3_top20_drive_s2_c10_7004,"('lm', 'CTr', 'extensor')",0.07927866698155502,0.0
closed_G3_top20_drive_s2_c10_7004,"('lm', 'CTr', 'flexor')",0.1397432404707003,0.0
closed_G3_top20_drive_s2_c10_7004,"('lm', 'FTi', 'extensor')",0.0965187926196742,0.0
closed_G3_top20_drive_s2_c10_7004,"('lm', 'FTi', 'flexor')",0.08754870091328426,0.0
closed_G3_top20_drive_s2_c10_7004,"('lm', 'ThC', 'remotor')",0.0,0.0
closed_G3_top20_drive_s2_c10_7004,"('lm', 'ThC', 'rotator_ant')",0.23429483108627225,0.0
closed_G3_top20_drive_s2_c10_7004,"('lm', 'ThC', 'rotator_post')",4.420373600170479e-09,0.0
closed_G3_top20_drive_s2_c10_7004,"('lm', 'TiTa', 'depressor')",0.0,0.0
closed_G3_top20_drive_s2_c10_7004,"('lm', 'TiTa', 'levator')",0.0,0.0
closed_G3_top20_drive_s2_c10_7004,"('lm', 'TrF', 'reductor')",0.0009626036880849766,0.0
closed_G3_top20_drive_s2_c10_7004,"('rf', 'CTr', 'extensor')",0.030034257666962653,0.0
closed_G3_top20_drive_s2_c10_7004,"('rf', 'CTr', 'flexor')",0.15548108130753469,0.0
closed_G3_top20_drive_s2_c10_7004,"('rf', 'FTi', 'extensor')",0.15815987949648433,0.0
closed_G3_top20_drive_s2_c10_7004,"('rf', 'FTi', 'flexor')",0.018922920660546082,0.0
closed_G3_top20_drive_s2_c10_7004,"('rf', 'ThC', 'adductor')",0.0,0.0
closed_G3_top20_drive_s2_c10_7004,"('rf', 'ThC', 'promotor')",0.245431133964122,0.0
closed_G3_top20_drive_s2_c10_7004,"('rf', 'ThC', 'remotor')",0.01698794822133413,0.0
closed_G3_top20_drive_s2_c10_7004,"('rf', 'ThC', 'rotator_ant')",0.0981325542537009,0.0
closed_G3_top20_drive_s2_c10_7004,"('rf', 'ThC', 'rotator_post')",1.1846110809047445e-08,0.0
closed_G3_top20_drive_s2_c10_7004,"('rf', 'TiTa', 'depressor')",0.002138796235401012,0.0
closed_G3_top20_drive_s2_c10_7004,"('rf', 'TiTa', 'levator')",0.0,0.0
closed_G3_top20_drive_s2_c10_7004,"('rf', 'TrF', 'reductor')",0.10746916343215517,0.0
closed_G3_top20_drive_s2_c10_7004,"('rh', 'CTr', 'extensor')",0.17368199460168546,0.0
closed_G3_top20_drive_s2_c10_7004,"('rh', 'CTr', 'flexor')",0.09927489692333756,0.0
closed_G3_top20_drive_s2_c10_7004,"('rh', 'FTi', 'extensor')",0.19706033034821768,0.0
closed_G3_top20_drive_s2_c10_7004,"('rh', 'FTi', 'flexor')",0.05487245646487381,0.0
closed_G3_top20_drive_s2_c10_7004,"('rh', 'ThC', 'adductor')",0.06900274490182594,0.0
closed_G3_top20_drive_s2_c10_7004,"('rh', 'ThC', 'remotor')",0.0,0.0
closed_G3_top20_drive_s2_c10_7004,"('rh', 'ThC', 'rotator_ant')",0.030778243969607988,0.0
closed_G3_top20_drive_s2_c10_7004,"('rh', 'ThC', 'rotator_post')",0.1044336692310584,0.0
closed_G3_top20_drive_s2_c10_7004,"('rh', 'TiTa', 'depressor')",0.0,0.0
closed_G3_top20_drive_s2_c10_7004,"('rh', 'TiTa', 'levator')",0.0,0.0
closed_G3_top20_drive_s2_c10_7004,"('rh', 'TrF', 'reductor')",0.10471721846775789,0.0
closed_G3_top20_drive_s2_c10_7004,"('rm', 'CTr', 'extensor')",0.039798401018577775,0.0
closed_G3_top20_drive_s2_c10_7004,"('rm', 'CTr', 'flexor')",0.10874912441943713,0.0
closed_G3_top20_drive_s2_c10_7004,"('rm', 'FTi', 'extensor')",0.13764027405212206,0.0
closed_G3_top20_drive_s2_c10_7004,"('rm', 'FTi', 'flexor')",0.06774762187118233,0.0
closed_G3_top20_drive_s2_c10_7004,"('rm', 'ThC', 'adductor')",0.0,0.0
closed_G3_top20_drive_s2_c10_7004,"('rm', 'ThC', 'rotator_ant')",0.14251871086423437,0.0
closed_G3_top20_drive_s2_c10_7004,"('rm', 'ThC', 'rotator_post')",0.026461795533507214,0.0
closed_G3_top20_drive_s2_c10_7004,"('rm', 'TiTa', 'depressor')",1.1272227801548104e-11,0.0
closed_G3_top20_drive_s2_c10_7004,"('rm', 'TiTa', 'levator')",0.0,0.0
closed_G3_top20_drive_s2_c10_7004,"('rm', 'TrF', 'reductor')",0.052556691344817066,0.0
closed_G3_top20_drive_s2_c11_7000,"('lf', 'CTr', 'extensor')",0.07576591694934626,0.0
closed_G3_top20_drive_s2_c11_7000,"('lf', 'CTr', 'flexor')",0.0731564627564395,0.0
closed_G3_top20_drive_s2_c11_7000,"('lf', 'FTi', 'extensor')",0.03865976659072824,0.0
closed_G3_top20_drive_s2_c11_7000,"('lf', 'FTi', 'flexor')",0.027321197511102197,0.0
closed_G3_top20_drive_s2_c11_7000,"('lf', 'ThC', 'adductor')",0.0,0.0
closed_G3_top20_drive_s2_c11_7000,"('lf', 'ThC', 'promotor')",0.3023912102356322,0.0
closed_G3_top20_drive_s2_c11_7000,"('lf', 'ThC', 'remotor')",0.00033333987644638594,0.0
closed_G3_top20_drive_s2_c11_7000,"('lf', 'ThC', 'rotator_ant')",0.11268788777547387,0.0
closed_G3_top20_drive_s2_c11_7000,"('lf', 'ThC', 'rotator_post')",0.0010000079143429443,0.0
closed_G3_top20_drive_s2_c11_7000,"('lf', 'TiTa', 'depressor')",0.00015151515151515152,0.0
closed_G3_top20_drive_s2_c11_7000,"('lf', 'TiTa', 'levator')",0.0,0.0
closed_G3_top20_drive_s2_c11_7000,"('lf', 'TrF', 'reductor')",0.11435729891547634,0.0
closed_G3_top20_drive_s2_c11_7000,"('lh', 'CTr', 'extensor')",0.050473021722651244,0.0
closed_G3_top20_drive_s2_c11_7000,"('lh', 'CTr', 'flexor')",0.23191702810539205,0.0
closed_G3_top20_drive_s2_c11_7000,"('lh', 'FTi', 'extensor')",0.18573061496485627,0.0
closed_G3_top20_drive_s2_c11_7000,"('lh', 'FTi', 'flexor')",0.04968946307168185,0.0
closed_G3_top20_drive_s2_c11_7000,"('lh', 'ThC', 'adductor')",0.09856905691057136,0.0
closed_G3_top20_drive_s2_c11_7000,"('lh', 'ThC', 'remotor')",0.0,0.0
closed_G3_top20_drive_s2_c11_7000,"('lh', 'ThC', 'rotator_ant')",0.09670318183435166,0.0
closed_G3_top20_drive_s2_c11_7000,"('lh', 'ThC', 'rotator_post')",0.10367522412561943,0.0
closed_G3_top20_drive_s2_c11_7000,"('lh', 'TiTa', 'depressor')",1.4796396444169406e-11,0.0
closed_G3_top20_drive_s2_c11_7000,"('lh', 'TiTa', 'levator')",0.0,0.0
closed_G3_top20_drive_s2_c11_7000,"('lh', 'TrF', 'reductor')",0.1070115671621788,0.0
closed_G3_top20_drive_s2_c11_7000,"('lm', 'CTr', 'extensor')",0.0846412114154286,0.0
closed_G3_top20_drive_s2_c11_7000,"('lm', 'CTr', 'flexor')",0.12763263116257328,0.0
closed_G3_top20_drive_s2_c11_7000,"('lm', 'FTi', 'extensor')",0.09100733527012017,0.0
closed_G3_top20_drive_s2_c11_7000,"('lm', 'FTi', 'flexor')",0.09171664398143425,0.0
closed_G3_top20_drive_s2_c11_7000,"('lm', 'ThC', 'remotor')",0.0,0.0
closed_G3_top20_drive_s2_c11_7000,"('lm', 'ThC', 'rotator_ant')",0.25844450814864545,0.0
closed_G3_top20_drive_s2_c11_7000,"('lm', 'ThC', 'rotator_post')",5.465231103516316e-09,0.0
closed_G3_top20_drive_s2_c11_7000,"('lm', 'TiTa', 'depressor')",0.0,0.0
closed_G3_top20_drive_s2_c11_7000,"('lm', 'TiTa', 'levator')",0.0,0.0
closed_G3_top20_drive_s2_c11_7000,"('lm', 'TrF', 'reductor')",0.001111121054897133,0.0
closed_G3_top20_drive_s2_c11_7000,"('rf', 'CTr', 'extensor')",0.11885770777676599,0.0
closed_G3_top20_drive_s2_c11_7000,"('rf', 'CTr', 'flexor')",0.12477735975121788,0.0
closed_G3_top20_drive_s2_c11_7000,"('rf', 'FTi', 'extensor')",0.14006184816247053,0.0
closed_G3_top20_drive_s2_c11_7000,"('rf', 'FTi', 'flexor')",0.024190609429697085,0.0
closed_G3_top20_drive_s2_c11_7000,"('rf', 'ThC', 'adductor')",0.0,0.0
closed_G3_top20_drive_s2_c11_7000,"('rf', 'ThC', 'promotor')",0.23858876739369342,0.0
closed_G3_top20_drive_s2_c11_7000,"('rf', 'ThC', 'remotor')",0.023698266822167045,0.0
closed_G3_top20_drive_s2_c11_7000,"('rf', 'ThC', 'rotator_ant')",0.09488497637018432,0.0
closed_G3_top20_drive_s2_c11_7000,"('rf', 'ThC', 'rotator_post')",0.0003333420996770321,0.0
closed_G3_top20_drive_s2_c11_7000,"('rf', 'TiTa', 'depressor')",0.006920197486967802,0.0
closed_G3_top20_drive_s2_c11_7000,"('rf', 'TiTa', 'levator')",0.0,0.0
closed_G3_top20_drive_s2_c11_7000,"('rf', 'TrF', 'reductor')",0.05971160911519336,0.0
closed_G3_top20_drive_s2_c11_7000,"('rh', 'CTr', 'extensor')",0.1619722520093777,0.0
closed_G3_top20_drive_s2_c11_7000,"('rh', 'CTr', 'flexor')",0.11156012536523144,0.0
closed_G3_top20_drive_s2_c11_7000,"('rh', 'FTi', 'extensor')",0.22450266184025297,0.0
closed_G3_top20_drive_s2_c11_7000,"('rh', 'FTi', 'flexor')",0.037294343819770454,0.0
closed_G3_top20_drive_s2_c11_7000,"('rh', 'ThC', 'adductor')",0.045686364200647395,0.0
closed_G3_top20_drive_s2_c11_7000,"('rh', 'ThC', 'remotor')",0.0,0.0
closed_G3_top20_drive_s2_c11_7000,"('rh', 'ThC', 'rotator_ant')",0.015761812836623583,0.0
closed_G3_top20_drive_s2_c11_7000,"('rh', 'ThC', 'rotator_post')",0.13007177234197312,0.0
closed_G3_top20_drive_s2_c11_7000,"('rh', 'TiTa', 'depressor')",0.0,0.0
closed_G3_top20_drive_s2_c11_7000,"('rh', 'TiTa', 'levator')",0.0,0.0
closed_G3_top20_drive_s2_c11_7000,"('rh', 'TrF', 'reductor')",0.11478931191370134,0.0
closed_G3_top20_drive_s2_c11_7000,"('rm', 'CTr', 'extensor')",0.034746686421480245,0.0
closed_G3_top20_drive_s2_c11_7000,"('rm', 'CTr', 'flexor')",0.11390134204252278,0.0
closed_G3_top20_drive_s2_c11_7000,"('rm', 'FTi', 'extensor')",0.163260681005281,0.0
closed_G3_top20_drive_s2_c11_7000,"('rm', 'FTi', 'flexor')",0.05319656287969048,0.0
closed_G3_top20_drive_s2_c11_7000,"('rm', 'ThC', 'adductor')",0.0,0.0
closed_G3_top20_drive_s2_c11_7000,"('rm', 'ThC', 'rotator_ant')",0.16139558574749072,0.0
closed_G3_top20_drive_s2_c11_7000,"('rm', 'ThC', 'rotator_post')",0.01299994000950839,0.0
closed_G3_top20_drive_s2_c11_7000,"('rm', 'TiTa', 'depressor')",1.545068411711887e-10,0.0
closed_G3_top20_drive_s2_c11_7000,"('rm', 'TiTa', 'levator')",0.0,0.0
closed_G3_top20_drive_s2_c11_7000,"('rm', 'TrF', 'reductor')",0.07374997976234125,0.0
closed_G3_top20_drive_s2_c11_7001,"('lf', 'CTr', 'extensor')",0.07782438700869644,0.0
closed_G3_top20_drive_s2_c11_7001,"('lf', 'CTr', 'flexor')",0.06250585652646086,0.0
closed_G3_top20_drive_s2_c11_7001,"('lf', 'FTi', 'extensor')",0.02947954689520746,0.0
closed_G3_top20_drive_s2_c11_7001,"('lf', 'FTi', 'flexor')",0.025616229781611603,0.0
closed_G3_top20_drive_s2_c11_7001,"('lf', 'ThC', 'adductor')",0.0,0.0
closed_G3_top20_drive_s2_c11_7001,"('lf', 'ThC', 'promotor')",0.2981139070108782,0.0
closed_G3_top20_drive_s2_c11_7001,"('lf', 'ThC', 'remotor')",2.043033567879734e-09,0.0
closed_G3_top20_drive_s2_c11_7001,"('lf', 'ThC', 'rotator_ant')",0.12202546088880259,0.0
closed_G3_top20_drive_s2_c11_7001,"('lf', 'ThC', 'rotator_post')",7.795193445805353e-08,0.0
closed_G3_top20_drive_s2_c11_7001,"('lf', 'TiTa', 'depressor')",0.0,0.0
closed_G3_top20_drive_s2_c11_7001,"('lf', 'TiTa', 'levator')",0.0,0.0
closed_G3_top20_drive_s2_c11_7001,"('lf', 'TrF', 'reductor')",0.1259370311371358,0.0
closed_G3_top20_drive_s2_c11_7001,"('lh', 'CTr', 'extensor')",0.16055839461069019,0.0
closed_G3_top20_drive_s2_c11_7001,"('lh', 'CTr', 'flexor')",0.17250615612776332,0.0
closed_G3_top20_drive_s2_c11_7001,"('lh', 'FTi', 'extensor')",0.22081076183745627,0.0
closed_G3_top20_drive_s2_c11_7001,"('lh', 'FTi', 'flexor')",0.07175346166423845,0.0
closed_G3_top20_drive_s2_c11_7001,"('lh', 'ThC', 'adductor')",0.042124393189746756,0.0
closed_G3_top20_drive_s2_c11_7001,"('lh', 'ThC', 'remotor')",0.0,0.0
closed_G3_top20_drive_s2_c11_7001,"('lh', 'ThC', 'rotator_ant')",0.036687279664435975,0.0
closed_G3_top20_drive_s2_c11_7001,"('lh', 'ThC', 'rotator_post')",0.08303811996809786,0.0
closed_G3_top20_drive_s2_c11_7001,"('lh', 'TiTa', 'depressor')",5.818283776446419e-10,0.0
closed_G3_top20_drive_s2_c11_7001,"('lh', 'TiTa', 'levator')",0.0,0.0
closed_G3_top20_drive_s2_c11_7001,"('lh', 'TrF', 'reductor')",0.06295086535511651,0.0
closed_G3_top20_drive_s2_c11_7001,"('lm', 'CTr', 'extensor')",0.08270014138977391,0.0
closed_G3_top20_drive_s2_c11_7001,"('lm', 'CTr', 'flexor')",0.13547497847369816,0.0
closed_G3_top20_drive_s2_c11_7001,"('lm', 'FTi', 'extensor')",0.10437535304078659,0.0
closed_G3_top20_drive_s2_c11_7001,"('lm', 'FTi', 'flexor')",0.0980320867253644,0.0
closed_G3_top20_drive_s2_c11_7001,"('lm', 'ThC', 'remotor')",1.6544705538579926e-10,0.0
closed_G3_top20_drive_s2_c11_7001,"('lm', 'ThC', 'rotator_ant')",0.20105391055712066,0.0
closed_G3_top20_drive_s2_c11_7001,"('lm', 'ThC', 'rotator_post')",0.00033336523460834666,0.0
closed_G3_top20_drive_s2_c11_7001,"('lm', 'TiTa', 'depressor')",0.0,0.0
closed_G3_top20_drive_s2_c11_7001,"('lm', 'TiTa', 'levator')",0.0,0.0
closed_G3_top20_drive_s2_c11_7001,"('lm', 'TrF', 'reductor')",0.0008333364079471385,0.0
closed_G3_top20_drive_s2_c11_7001,"('rf', 'CTr', 'extensor')",0.12963846120729175,0.0
closed_G3_top20_drive_s2_c11_7001,"('rf', 'CTr', 'flexor')",0.13317425580896802,0.0
closed_G3_top20_drive_s2_c11_7001,"('rf', 'FTi', 'extensor')",0.15560773881978351,0.0
closed_G3_top20_drive_s2_c11_7001,"('rf', 'FTi', 'flexor')",0.022572126322198963,0.0
closed_G3_top20_drive_s2_c11_7001,"('rf', 'ThC', 'adductor')",0.0,0.0
closed_G3_top20_drive_s2_c11_7001,"('rf', 'ThC', 'promotor')",0.24905780192967936,0.0
closed_G3_top20_drive_s2_c11_7001,"('rf', 'ThC', 'remotor')",0.03871040032924483,0.0
closed_G3_top20_drive_s2_c11_7001,"('rf', 'ThC', 'rotator_ant')",0.09961112722984884,0.0
closed_G3_top20_drive_s2_c11_7001,"('rf', 'ThC', 'rotator_post')",0.0023333366035221776,0.0
closed_G3_top20_drive_s2_c11_7001,"('rf', 'TiTa', 'depressor')",0.005499668390196927,0.0
closed_G3_top20_drive_s2_c11_7001,"('rf', 'TiTa', 'levator')",0.0,0.0
closed_G3_top20_drive_s2_c11_7001,"('rf', 'TrF', 'reductor')",0.07066416633379563,0.0
closed_G3_top20_drive_s2_c11_7001,"('rh', 'CTr', 'extensor')",0.17297780730650003,0.0
closed_G3_top20_drive_s2_c11_7001,"('rh', 'CTr', 'flexor')",0.10660817131739932,0.0
closed_G3_top20_drive_s2_c11_7001,"('rh', 'FTi', 'extensor')",0.23086572115196866,0.0
closed_G3_top20_drive_s2_c11_7001,"('rh', 'FTi', 'flexor')",0.04412420980561511,0.0
closed_G3_top20_drive_s2_c11_7001,"('rh', 'ThC', 'adductor')",0.06131878082372647,0.0
closed_G3_top20_drive_s2_c11_7001,"('rh', 'ThC', 'remotor')",0.0,0.0
closed_G3_top20_drive_s2_c11_7001,"('rh', 'ThC', 'rotator_ant')",0.0149995107196082,0.0
closed_G3_top20_drive_s2_c11_7001,"('rh', 'ThC', 'rotator_post')",0.15215935787606452,0.0
closed_G3_top20_drive_s2_c11_7001,"('rh', 'TiTa', 'depressor')",3.162098637957027e-10,0.0
closed_G3_top20_drive_s2_c11_7001,"('rh', 'TiTa', 'levator')",0.0,0.0
closed_G3_top20_drive_s2_c11_7001,"('rh', 'TrF', 'reductor')",0.13385875033662445,0.0
closed_G3_top20_drive_s2_c11_7001,"('rm', 'CTr', 'extensor')",0.042644530484349935,0.0
closed_G3_top20_drive_s2_c11_7001,"('rm', 'CTr', 'flexor')",0.11556189257226633,0.0
closed_G3_top20_drive_s2_c11_7001,"('rm', 'FTi', 'extensor')",0.18137920013231967,0.0
closed_G3_top20_drive_s2_c11_7001,"('rm', 'FTi', 'flexor')",0.06327949952741706,0.0
closed_G3_top20_drive_s2_c11_7001,"('rm', 'ThC', 'adductor')",9.905926354769562e-11,0.0
closed_G3_top20_drive_s2_c11_7001,"('rm', 'ThC', 'rotator_ant')",0.14929073118173108,0.0
closed_G3_top20_drive_s2_c11_7001,"('rm', 'ThC', 'rotator_post')",0.05193220831259305,0.0
closed_G3_top20_drive_s2_c11_7001,"('rm', 'TiTa', 'depressor')",2.7071386067843986e-10,0.0
closed_G3_top20_drive_s2_c11_7001,"('rm', 'TiTa', 'levator')",0.0,0.0
closed_G3_top20_drive_s2_c11_7001,"('rm', 'TrF', 'reductor')",0.04275116030950497,0.0
closed_G3_top20_drive_s2_c11_7002,"('lf', 'CTr', 'extensor')",0.07062928448732714,0.0
closed_G3_top20_drive_s2_c11_7002,"('lf', 'CTr', 'flexor')",0.08194656339002274,0.0
closed_G3_top20_drive_s2_c11_7002,"('lf', 'FTi', 'extensor')",0.03340439331461617,0.0
closed_G3_top20_drive_s2_c11_7002,"('lf', 'FTi', 'flexor')",0.02829664073098957,0.0
closed_G3_top20_drive_s2_c11_7002,"('lf', 'ThC', 'adductor')",2.7632678818222835e-10,0.0
closed_G3_top20_drive_s2_c11_7002,"('lf', 'ThC', 'promotor')",0.3129509954592656,0.0
closed_G3_top20_drive_s2_c11_7002,"('lf', 'ThC', 'remotor')",0.00033333833866871246,0.0
closed_G3_top20_drive_s2_c11_7002,"('lf', 'ThC', 'rotator_ant')",0.1431355197557782,0.0
closed_G3_top20_drive_s2_c11_7002,"('lf', 'ThC', 'rotator_post')",0.0006666877207678356,0.0
closed_G3_top20_drive_s2_c11_7002,"('lf', 'TiTa', 'depressor')",0.0,0.0
closed_G3_top20_drive_s2_c11_7002,"('lf', 'TiTa', 'levator')",0.0,0.0
closed_G3_top20_drive_s2_c11_7002,"('lf', 'TrF', 'reductor')",0.1327169151714157,0.0
closed_G3_top20_drive_s2_c11_7002,"('lh', 'CTr', 'extensor')",0.15154795483816483,0.0
closed_G3_top20_drive_s2_c11_7002,"('lh', 'CTr', 'flexor')",0.18538083328247668,0.0
closed_G3_top20_drive_s2_c11_7002,"('lh', 'FTi', 'extensor')",0.19878982932160713,0.0
closed_G3_top20_drive_s2_c11_7002,"('lh', 'FTi', 'flexor')",0.08122913134606093,0.0
closed_G3_top20_drive_s2_c11_7002,"('lh', 'ThC', 'adductor')",0.047550627417478085,0.0
closed_G3_top20_drive_s2_c11_7002,"('lh', 'ThC', 'remotor')",0.0,0.0
closed_G3_top20_drive_s2_c11_7002,"('lh', 'ThC', 'rotator_ant')",0.04019960561976247,0.0
closed_G3_top20_drive_s2_c11_7002,"('lh', 'ThC', 'rotator_post')",0.08103466907829017,0.0
closed_G3_top20_drive_s2_c11_7002,"('lh', 'TiTa', 'depressor')",5.095973888693474e-10,0.0
closed_G3_top20_drive_s2_c11_7002,"('lh', 'TiTa', 'levator')",0.0,0.0
closed_G3_top20_drive_s2_c11_7002,"('lh', 'TrF', 'reductor')",0.05866811446008326,0.0
closed_G3_top20_drive_s2_c11_7002,"('lm', 'CTr', 'extensor')",0.07355613402443772,0.0
closed_G3_top20_drive_s2_c11_7002,"('lm', 'CTr', 'flexor')",0.14562984042331872,0.0
closed_G3_top20_drive_s2_c11_7002,"('lm', 'FTi', 'extensor')",0.11535019502321887,0.0
closed_G3_top20_drive_s2_c11_7002,"('lm', 'FTi', 'flexor')",0.1016705951948208,0.0
closed_G3_top20_drive_s2_c11_7002,"('lm', 'ThC', 'remotor')",0.0,0.0
closed_G3_top20_drive_s2_c11_7002,"('lm', 'ThC', 'rotator_ant')",0.20178065289635883,0.0
closed_G3_top20_drive_s2_c11_7002,"('lm', 'ThC', 'rotator_post')",4.373619405571793e-09,0.0
closed_G3_top20_drive_s2_c11_7002,"('lm', 'TiTa', 'depressor')",0.0,0.0
closed_G3_top20_drive_s2_c11_7002,"('lm', 'TiTa', 'levator')",0.0,0.0
closed_G3_top20_drive_s2_c11_7002,"('lm', 'TrF', 'reductor')",0.003047493077664523,0.0
closed_G3_top20_drive_s2_c11_7002,"('rf', 'CTr', 'extensor')",0.04583551952908342,0.0
closed_G3_top20_drive_s2_c11_7002,"('rf', 'CTr', 'flexor')",0.14947440329956146,0.0
closed_G3_top20_drive_s2_c11_7002,"('rf', 'FTi', 'extensor')",0.15543497937608586,0.0
closed_G3_top20_drive_s2_c11_7002,"('rf', 'FTi', 'flexor')",0.01719028143778606,0.0
closed_G3_top20_drive_s2_c11_7002,"('rf', 'ThC', 'adductor')",0.0,0.0
closed_G3_top20_drive_s2_c11_7002,"('rf', 'ThC', 'promotor')",0.26697395760592724,0.0
closed_G3_top20_drive_s2_c11_7002,"('rf', 'ThC', 'remotor')",0.02064408163938655,0.0
closed_G3_top20_drive_s2_c11_7002,"('rf', 'ThC', 'rotator_ant')",0.11896295706300096,0.0
closed_G3_top20_drive_s2_c11_7002,"('rf', 'ThC', 'rotator_post')",8.645378359779269e-08,0.0
closed_G3_top20_drive_s2_c11_7002,"('rf', 'TiTa', 'depressor')",0.008065997763724993,0.0
closed_G3_top20_drive_s2_c11_7002,"('rf', 'TiTa', 'levator')",0.0,0.0
closed_G3_top20_drive_s2_c11_7002,"('rf', 'TrF', 'reductor')",0.10855223727621717,0.0
closed_G3_top20_drive_s2_c11_7002,"('rh', 'CTr', 'extensor')",0.12677989009571605,0.0
closed_G3_top20_drive_s2_c11_7002,"('rh', 'CTr', 'flexor')",0.12435033075103359,0.0
closed_G3_top20_drive_s2_c11_7002,"('rh', 'FTi', 'extensor')",0.19887344570072332,0.0
closed_G3_top20_drive_s2_c11_7002,"('rh', 'FTi', 'flexor')",0.03901345303065657,0.0
closed_G3_top20_drive_s2_c11_7002,"('rh', 'ThC', 'adductor')",0.05040007663527094,0.0
closed_G3_top20_drive_s2_c11_7002,"('rh', 'ThC', 'remotor')",0.0,0.0
closed_G3_top20_drive_s2_c11_7002,"('rh', 'ThC', 'rotator_ant')",0.021938730873606194,0.0
closed_G3_top20_drive_s2_c11_7002,"('rh', 'ThC', 'rotator_post')",0.11762919473262,0.0
closed_G3_top20_drive_s2_c11_7002,"('rh', 'TiTa', 'depressor')",0.00015151529801240828,0.0
closed_G3_top20_drive_s2_c11_7002,"('rh', 'TiTa', 'levator')",0.0,0.0
closed_G3_top20_drive_s2_c11_7002,"('rh', 'TrF', 'reductor')",0.047159715532999504,0.0
closed_G3_top20_drive_s2_c11_7002,"('rm', 'CTr', 'extensor')",0.025766804272600845,0.0
closed_G3_top20_drive_s2_c11_7002,"('rm', 'CTr', 'flexor')",0.11840338774549086,0.0
closed_G3_top20_drive_s2_c11_7002,"('rm', 'FTi', 'extensor')",0.14437977205970554,0.0
closed_G3_top20_drive_s2_c11_7002,"('rm', 'FTi', 'flexor')",0.05380461161771232,0.0
closed_G3_top20_drive_s2_c11_7002,"('rm', 'ThC', 'adductor')",0.0,0.0
closed_G3_top20_drive_s2_c11_7002,"('rm', 'ThC', 'rotator_ant')",0.14034275266349744,0.0
closed_G3_top20_drive_s2_c11_7002,"('rm', 'ThC', 'rotator_post')",0.02494997266752624,0.0
closed_G3_top20_drive_s2_c11_7002,"('rm', 'TiTa', 'depressor')",3.2913667978984266e-12,0.0
closed_G3_top20_drive_s2_c11_7002,"('rm', 'TiTa', 'levator')",0.0,0.0
closed_G3_top20_drive_s2_c11_7002,"('rm', 'TrF', 'reductor')",0.08834106671616337,0.0
closed_G3_top20_drive_s2_c11_7003,"('lf', 'CTr', 'extensor')",0.07526890942105748,0.0
closed_G3_top20_drive_s2_c11_7003,"('lf', 'CTr', 'flexor')",0.06901100817127734,0.0
closed_G3_top20_drive_s2_c11_7003,"('lf', 'FTi', 'extensor')",0.054437972824896194,0.0
closed_G3_top20_drive_s2_c11_7003,"('lf', 'FTi', 'flexor')",0.02600502775081934,0.0
closed_G3_top20_drive_s2_c11_7003,"('lf', 'ThC', 'adductor')",0.0,0.0
closed_G3_top20_drive_s2_c11_7003,"('lf', 'ThC', 'promotor')",0.30881067407002144,0.0
closed_G3_top20_drive_s2_c11_7003,"('lf', 'ThC', 'remotor')",0.0016639871993693377,0.0
closed_G3_top20_drive_s2_c11_7003,"('lf', 'ThC', 'rotator_ant')",0.02995164505358022,0.0
closed_G3_top20_drive_s2_c11_7003,"('lf', 'ThC', 'rotator_post')",0.011655444934853765,0.0
closed_G3_top20_drive_s2_c11_7003,"('lf', 'TiTa', 'depressor')",0.0,0.0
closed_G3_top20_drive_s2_c11_7003,"('lf', 'TiTa', 'levator')",0.0,0.0
closed_G3_top20_drive_s2_c11_7003,"('lf', 'TrF', 'reductor')",0.13531875834278626,0.0
closed_G3_top20_drive_s2_c11_7003,"('lh', 'CTr', 'extensor')",0.10087405325609149,0.0
closed_G3_top20_drive_s2_c11_7003,"('lh', 'CTr', 'flexor')",0.1967692283919974,0.0
closed_G3_top20_drive_s2_c11_7003,"('lh', 'FTi', 'extensor')",0.17944742707342626,0.0
closed_G3_top20_drive_s2_c11_7003,"('lh', 'FTi', 'flexor')",0.0736785563335724,0.0
closed_G3_top20_drive_s2_c11_7003,"('lh', 'ThC', 'adductor')",0.08674549133851997,0.0
closed_G3_top20_drive_s2_c11_7003,"('lh', 'ThC', 'remotor')",0.0,0.0
closed_G3_top20_drive_s2_c11_7003,"('lh', 'ThC', 'rotator_ant')",0.08301849146489455,0.0
closed_G3_top20_drive_s2_c11_7003,"('lh', 'ThC', 'rotator_post')",0.0849839687117807,0.0
closed_G3_top20_drive_s2_c11_7003,"('lh', 'TiTa', 'depressor')",2.8732426406255388e-11,0.0
closed_G3_top20_drive_s2_c11_7003,"('lh', 'TiTa', 'levator')",0.0,0.0
closed_G3_top20_drive_s2_c11_7003,"('lh', 'TrF', 'reductor')",0.09812879671051919,0.0
closed_G3_top20_drive_s2_c11_7003,"('lm', 'CTr', 'extensor')",0.0483865347054037,0.0
closed_G3_top20_drive_s2_c11_7003,"('lm', 'CTr', 'flexor')",0.15682847027974672,0.0
closed_G3_top20_drive_s2_c11_7003,"('lm', 'FTi', 'extensor')",0.11693593455998956,0.0
closed_G3_top20_drive_s2_c11_7003,"('lm', 'FTi', 'flexor')",0.09224451833164736,0.0
closed_G3_top20_drive_s2_c11_7003,"('lm', 'ThC', 'remotor')",0.0,0.0
closed_G3_top20_drive_s2_c11_7003,"('lm', 'ThC', 'rotator_ant')",0.18766123982959948,0.0
closed_G3_top20_drive_s2_c11_7003,"('lm', 'ThC', 'rotator_post')",0.0010000062231204868,0.0
closed_G3_top20_drive_s2_c11_7003,"('lm', 'TiTa', 'depressor')",0.0,0.0
closed_G3_top20_drive_s2_c11_7003,"('lm', 'TiTa', 'levator')",0.0,0.0
closed_G3_top20_drive_s2_c11_7003,"('lm', 'TrF', 'reductor')",0.0008333357600254403,0.0
closed_G3_top20_drive_s2_c11_7003,"('rf', 'CTr', 'extensor')",0.042423918331244946,0.0
closed_G3_top20_drive_s2_c11_7003,"('rf', 'CTr', 'flexor')",0.16837928981018724,0.0
closed_G3_top20_drive_s2_c11_7003,"('rf', 'FTi', 'extensor')",0.14685816022442616,0.0
closed_G3_top20_drive_s2_c11_7003,"('rf', 'FTi', 'flexor')",0.01561547097312334,0.0
closed_G3_top20_drive_s2_c11_7003,"('rf', 'ThC', 'adductor')",2.892421771500908e-11,0.0
closed_G3_top20_drive_s2_c11_7003,"('rf', 'ThC', 'promotor')",0.2523911867065634,0.0
closed_G3_top20_drive_s2_c11_7003,"('rf', 'ThC', 'remotor')",0.015197478741592354,0.0
closed_G3_top20_drive_s2_c11_7003,"('rf', 'ThC', 'rotator_ant')",0.10186196593587893,0.0
closed_G3_top20_drive_s2_c11_7003,"('rf', 'ThC', 'rotator_post')",7.715998181891515e-09,0.0
closed_G3_top20_drive_s2_c11_7003,"('rf', 'TiTa', 'depressor')",0.0037494919379888227,0.0
closed_G3_top20_drive_s2_c11_7003,"('rf', 'TiTa', 'levator')",0.0,0.0
closed_G3_top20_drive_s2_c11_7003,"('rf', 'TrF', 'reductor')",0.11233916052433764,0.0
closed_G3_top20_drive_s2_c11_7003,"('rh', 'CTr', 'extensor')",0.142402636505152,0.0
closed_G3_top20_drive_s2_c11_7003,"('rh', 'CTr', 'flexor')",0.11216450298530962,0.0
closed_G3_top20_drive_s2_c11_7003,"('rh', 'FTi', 'extensor')",0.19650015782381478,0.0
closed_G3_top20_drive_s2_c11_7003,"('rh', 'FTi', 'flexor')",0.04800696694197085,0.0
closed_G3_top20_drive_s2_c11_7003,"('rh', 'ThC', 'adductor')",0.06266409985614319,0.0
closed_G3_top20_drive_s2_c11_7003,"('rh', 'ThC', 'remotor')",0.0,0.0
closed_G3_top20_drive_s2_c11_7003,"('rh', 'ThC', 'rotator_ant')",0.026042429759984158,0.0
closed_G3_top20_drive_s2_c11_7003,"('rh', 'ThC', 'rotator_post')",0.13108299138921028,0.0
closed_G3_top20_drive_s2_c11_7003,"('rh', 'TiTa', 'depressor')",0.0003030303029067974,0.0
closed_G3_top20_drive_s2_c11_7003,"('rh', 'TiTa', 'levator')",0.0,0.0
closed_G3_top20_drive_s2_c11_7003,"('rh', 'TrF', 'reductor')",0.06575418989819978,0.0
closed_G3_top20_drive_s2_c11_7003,"('rm', 'CTr', 'extensor')",0.03367553645753065,0.0
closed_G3_top20_drive_s2_c11_7003,"('rm', 'CTr', 'flexor')",0.10320775980596385,0.0
closed_G3_top20_drive_s2_c11_7003,"('rm', 'FTi', 'extensor')",0.1496083145227531,0.0
closed_G3_top20_drive_s2_c11_7003,"('rm', 'FTi', 'flexor')",0.056300915063328176,0.0
closed_G3_top20_drive_s2_c11_7003,"('rm', 'ThC', 'adductor')",0.0,0.0
closed_G3_top20_drive_s2_c11_7003,"('rm', 'ThC', 'rotator_ant')",0.16716981036307108,0.0
closed_G3_top20_drive_s2_c11_7003,"('rm', 'ThC', 'rotator_post')",0.01333332085688463,0.0
closed_G3_top20_drive_s2_c11_7003,"('rm', 'TiTa', 'depressor')",8.962826426041826e-12,0.0
closed_G3_top20_drive_s2_c11_7003,"('rm', 'TiTa', 'levator')",0.0,0.0
closed_G3_top20_drive_s2_c11_7003,"('rm', 'TrF', 'reductor')",0.06261769719584563,0.0
closed_G3_top20_drive_s2_c11_7004,"('lf', 'CTr', 'extensor')",0.04121677921099956,0.0
closed_G3_top20_drive_s2_c11_7004,"('lf', 'CTr', 'flexor')",0.06584355917119651,0.0
closed_G3_top20_drive_s2_c11_7004,"('lf', 'FTi', 'extensor')",0.06517963865728332,0.0
closed_G3_top20_drive_s2_c11_7004,"('lf', 'FTi', 'flexor')",0.024933223746314445,0.0
closed_G3_top20_drive_s2_c11_7004,"('lf', 'ThC', 'adductor')",0.0,0.0
closed_G3_top20_drive_s2_c11_7004,"('lf', 'ThC', 'promotor')",0.3073215815820635,0.0
closed_G3_top20_drive_s2_c11_7004,"('lf', 'ThC', 'remotor')",0.0006666721438894748,0.0
closed_G3_top20_drive_s2_c11_7004,"('lf', 'ThC', 'rotator_ant')",0.030965523955303605,0.0
closed_G3_top20_drive_s2_c11_7004,"('lf', 'ThC', 'rotator_post')",0.003665143618705893,0.0
closed_G3_top20_drive_s2_c11_7004,"('lf', 'TiTa', 'depressor')",0.0,0.0
closed_G3_top20_drive_s2_c11_7004,"('lf', 'TiTa', 'levator')",0.0,0.0
closed_G3_top20_drive_s2_c11_7004,"('lf', 'TrF', 'reductor')",0.13312250029635517,0.0
closed_G3_top20_drive_s2_c11_7004,"('lh', 'CTr', 'extensor')",0.1119139593644471,0.0
closed_G3_top20_drive_s2_c11_7004,"('lh', 'CTr', 'flexor')",0.19187639235000942,0.0
closed_G3_top20_drive_s2_c11_7004,"('lh', 'FTi', 'extensor')",0.14055268624033357,0.0
closed_G3_top20_drive_s2_c11_7004,"('lh', 'FTi', 'flexor')",0.08398455486730964,0.0
closed_G3_top20_drive_s2_c11_7004,"('lh', 'ThC', 'adductor')",0.09201067139969939,0.0
closed_G3_top20_drive_s2_c11_7004,"('lh', 'ThC', 'remotor')",0.0,0.0
closed_G3_top20_drive_s2_c11_7004,"('lh', 'ThC', 'rotator_ant')",0.0783883141330143,0.0
closed_G3_top20_drive_s2_c11_7004,"('lh', 'ThC', 'rotator_post')",0.09446616904785306,0.0
closed_G3_top20_drive_s2_c11_7004,"('lh', 'TiTa', 'depressor')",1.2007266720245651e-10,0.0
closed_G3_top20_drive_s2_c11_7004,"('lh', 'TiTa', 'levator')",0.0,0.0
closed_G3_top20_drive_s2_c11_7004,"('lh', 'TrF', 'reductor')",0.09688546073378455,0.0
closed_G3_top20_drive_s2_c11_7004,"('lm', 'CTr', 'extensor')",0.08529567852567294,0.0
closed_G3_top20_drive_s2_c11_7004,"('lm', 'CTr', 'flexor')",0.12355053501827754,0.0
closed_G3_top20_drive_s2_c11_7004,"('lm', 'FTi', 'extensor')",0.09429125189822722,0.0
closed_G3_top20_drive_s2_c11_7004,"('lm', 'FTi', 'flexor')",0.08516995138965977,0.0
closed_G3_top20_drive_s2_c11_7004,"('lm', 'ThC', 'remotor')",0.0,0.0
closed_G3_top20_drive_s2_c11_7004,"('lm', 'ThC', 'rotator_ant')",0.24883360556104483,0.0
closed_G3_top20_drive_s2_c11_7004,"('lm', 'ThC', 'rotator_post')",4.859944807780479e-09,0.0
closed_G3_top20_drive_s2_c11_7004,"('lm', 'TiTa', 'depressor')",0.0,0.0
closed_G3_top20_drive_s2_c11_7004,"('lm', 'TiTa', 'levator')",0.0,0.0
closed_G3_top20_drive_s2_c11_7004,"('lm', 'TrF', 'reductor')",0.0005556093306662004,0.0
closed_G3_top20_drive_s2_c11_7004,"('rf', 'CTr', 'extensor')",0.02769443873221282,0.0
closed_G3_top20_drive_s2_c11_7004,"('rf', 'CTr', 'flexor')",0.15489461871336951,0.0
closed_G3_top20_drive_s2_c11_7004,"('rf', 'FTi', 'extensor')",0.15124793028150577,0.0
closed_G3_top20_drive_s2_c11_7004,"('rf', 'FTi', 'flexor')",0.022159426810238712,0.0
closed_G3_top20_drive_s2_c11_7004,"('rf', 'ThC', 'adductor')",0.0,0.0
closed_G3_top20_drive_s2_c11_7004,"('rf', 'ThC', 'promotor')",0.2525898994092725,0.0
closed_G3_top20_drive_s2_c11_7004,"('rf', 'ThC', 'remotor')",0.012821286755192318,0.0
closed_G3_top20_drive_s2_c11_7004,"('rf', 'ThC', 'rotator_ant')",0.09721358330061258,0.0
closed_G3_top20_drive_s2_c11_7004,"('rf', 'ThC', 'rotator_post')",1.0239699751421806e-08,0.0
closed_G3_top20_drive_s2_c11_7004,"('rf', 'TiTa', 'depressor')",0.0023036065469776565,0.0
closed_G3_top20_drive_s2_c11_7004,"('rf', 'TiTa', 'levator')",0.0,0.0
closed_G3_top20_drive_s2_c11_7004,"('rf', 'TrF', 'reductor')",0.1083950882900014,0.0
closed_G3_top20_drive_s2_c11_7004,"('rh', 'CTr', 'extensor')",0.1629828644136475,0.0
closed_G3_top20_drive_s2_c11_7004,"('rh', 'CTr', 'flexor')",0.10705602579547252,0.0
closed_G3_top20_drive_s2_c11_7004,"('rh', 'FTi', 'extensor')",0.18127673791186721,0.0
closed_G3_top20_drive_s2_c11_7004,"('rh', 'FTi', 'flexor')",0.05927048184635416,0.0
closed_G3_top20_drive_s2_c11_7004,"('rh', 'ThC', 'adductor')",0.061344244366868264,0.0
closed_G3_top20_drive_s2_c11_7004,"('rh', 'ThC', 'remotor')",0.0,0.0
closed_G3_top20_drive_s2_c11_7004,"('rh', 'ThC', 'rotator_ant')",0.02745629902437675,0.0
closed_G3_top20_drive_s2_c11_7004,"('rh', 'ThC', 'rotator_post')",0.14029766239040037,0.0
closed_G3_top20_drive_s2_c11_7004,"('rh', 'TiTa', 'depressor')",0.0,0.0
closed_G3_top20_drive_s2_c11_7004,"('rh', 'TiTa', 'levator')",0.0,0.0
closed_G3_top20_drive_s2_c11_7004,"('rh', 'TrF', 'reductor')",0.08661405171598772,0.0
closed_G3_top20_drive_s2_c11_7004,"('rm', 'CTr', 'extensor')",0.03746353747512945,0.0
closed_G3_top20_drive_s2_c11_7004,"('rm', 'CTr', 'flexor')",0.12143874059717727,0.0
closed_G3_top20_drive_s2_c11_7004,"('rm', 'FTi', 'extensor')",0.14862222778500755,0.0
closed_G3_top20_drive_s2_c11_7004,"('rm', 'FTi', 'flexor')",0.06603671141369188,0.0
closed_G3_top20_drive_s2_c11_7004,"('rm', 'ThC', 'adductor')",0.0,0.0
closed_G3_top20_drive_s2_c11_7004,"('rm', 'ThC', 'rotator_ant')",0.15217811182565152,0.0
closed_G3_top20_drive_s2_c11_7004,"('rm', 'ThC', 'rotator_post')",0.014030242141853503,0.0
closed_G3_top20_drive_s2_c11_7004,"('rm', 'TiTa', 'depressor')",2.044946433585064e-10,0.0
closed_G3_top20_drive_s2_c11_7004,"('rm', 'TiTa', 'levator')",0.0,0.0
closed_G3_top20_drive_s2_c11_7004,"('rm', 'TrF', 'reductor')",0.062005508747540516,0.0
closed_G4_walking_cluster_s1_c00_7000,"('lf', 'CTr', 'extensor')",0.1379045072548539,0.0
closed_G4_walking_cluster_s1_c00_7000,"('lf', 'CTr', 'flexor')",1.861650622957262e-13,0.0
closed_G4_walking_cluster_s1_c00_7000,"('lf', 'FTi', 'extensor')",0.0003333328718171483,0.0
closed_G4_walking_cluster_s1_c00_7000,"('lf', 'FTi', 'flexor')",0.005434014292965548,0.0
closed_G4_walking_cluster_s1_c00_7000,"('lf', 'ThC', 'adductor')",0.0,0.0
closed_G4_walking_cluster_s1_c00_7000,"('lf', 'ThC', 'promotor')",0.14428189949669507,0.0
closed_G4_walking_cluster_s1_c00_7000,"('lf', 'ThC', 'remotor')",0.03378201327419236,0.0
closed_G4_walking_cluster_s1_c00_7000,"('lf', 'ThC', 'rotator_ant')",0.0,0.0
closed_G4_walking_cluster_s1_c00_7000,"('lf', 'ThC', 'rotator_post')",0.008009196752804858,0.0
closed_G4_walking_cluster_s1_c00_7000,"('lf', 'TiTa', 'depressor')",0.0,0.0
closed_G4_walking_cluster_s1_c00_7000,"('lf', 'TiTa', 'levator')",0.0,0.0
closed_G4_walking_cluster_s1_c00_7000,"('lf', 'TrF', 'reductor')",0.076387770778814,0.0
closed_G4_walking_cluster_s1_c00_7000,"('lh', 'CTr', 'extensor')",0.0361605828435971,0.0
closed_G4_walking_cluster_s1_c00_7000,"('lh', 'CTr', 'flexor')",2.731374093434262e-09,0.0
closed_G4_walking_cluster_s1_c00_7000,"('lh', 'FTi', 'extensor')",0.15319020495010824,0.0
closed_G4_walking_cluster_s1_c00_7000,"('lh', 'FTi', 'flexor')",0.0016711094898226638,0.0
closed_G4_walking_cluster_s1_c00_7000,"('lh', 'ThC', 'adductor')",0.0,0.0
closed_G4_walking_cluster_s1_c00_7000,"('lh', 'ThC', 'remotor')",0.0,0.0
closed_G4_walking_cluster_s1_c00_7000,"('lh', 'ThC', 'rotator_ant')",0.046025887643006254,0.0
closed_G4_walking_cluster_s1_c00_7000,"('lh', 'ThC', 'rotator_post')",0.0003333333333333333,0.0
closed_G4_walking_cluster_s1_c00_7000,"('lh', 'TiTa', 'depressor')",0.00083532939883558,0.0
closed_G4_walking_cluster_s1_c00_7000,"('lh', 'TiTa', 'levator')",0.0,0.0
closed_G4_walking_cluster_s1_c00_7000,"('lh', 'TrF', 'reductor')",0.011663091268278242,0.0
closed_G4_walking_cluster_s1_c00_7000,"('lm', 'CTr', 'extensor')",0.0006250012233197463,0.0
closed_G4_walking_cluster_s1_c00_7000,"('lm', 'CTr', 'flexor')",0.0024492657764055847,0.0
closed_G4_walking_cluster_s1_c00_7000,"('lm', 'FTi', 'extensor')",0.0013333497379255889,0.0
closed_G4_walking_cluster_s1_c00_7000,"('lm', 'FTi', 'flexor')",0.0,0.0
closed_G4_walking_cluster_s1_c00_7000,"('lm', 'ThC', 'remotor')",0.0,0.0
closed_G4_walking_cluster_s1_c00_7000,"('lm', 'ThC', 'rotator_ant')",0.08885824962903174,0.0
closed_G4_walking_cluster_s1_c00_7000,"('lm', 'ThC', 'rotator_post')",0.0,0.0
closed_G4_walking_cluster_s1_c00_7000,"('lm', 'TiTa', 'depressor')",0.0,0.0
closed_G4_walking_cluster_s1_c00_7000,"('lm', 'TiTa', 'levator')",0.0,0.0
closed_G4_walking_cluster_s1_c00_7000,"('lm', 'TrF', 'reductor')",0.0011241886163514615,0.0
closed_G4_walking_cluster_s1_c00_7000,"('rf', 'CTr', 'extensor')",0.158065203231812,0.0
closed_G4_walking_cluster_s1_c00_7000,"('rf', 'CTr', 'flexor')",0.0,0.0
closed_G4_walking_cluster_s1_c00_7000,"('rf', 'FTi', 'extensor')",0.009711112390356606,0.0
closed_G4_walking_cluster_s1_c00_7000,"('rf', 'FTi', 'flexor')",0.0032220114391199443,0.0
closed_G4_walking_cluster_s1_c00_7000,"('rf', 'ThC', 'adductor')",0.0,0.0
closed_G4_walking_cluster_s1_c00_7000,"('rf', 'ThC', 'promotor')",0.09659840913971265,0.0
closed_G4_walking_cluster_s1_c00_7000,"('rf', 'ThC', 'remotor')",0.04544398398872885,0.0
closed_G4_walking_cluster_s1_c00_7000,"('rf', 'ThC', 'rotator_ant')",9.253486894013945e-14,0.0
closed_G4_walking_cluster_s1_c00_7000,"('rf', 'ThC', 'rotator_post')",0.00766555586309093,0.0
closed_G4_walking_cluster_s1_c00_7000,"('rf', 'TiTa', 'depressor')",0.0001282109836886211,0.0
closed_G4_walking_cluster_s1_c00_7000,"('rf', 'TiTa', 'levator')",0.0,0.0
closed_G4_walking_cluster_s1_c00_7000,"('rf', 'TrF', 'reductor')",0.0061111111196090325,0.0
closed_G4_walking_cluster_s1_c00_7000,"('rh', 'CTr', 'extensor')",0.0028317652780221105,0.0
closed_G4_walking_cluster_s1_c00_7000,"('rh', 'CTr', 'flexor')",0.0,0.0
closed_G4_walking_cluster_s1_c00_7000,"('rh', 'FTi', 'extensor')",0.09717612732268427,0.0
closed_G4_walking_cluster_s1_c00_7000,"('rh', 'FTi', 'flexor')",0.0009248018225031531,0.0
closed_G4_walking_cluster_s1_c00_7000,"('rh', 'ThC', 'adductor')",0.0,0.0
closed_G4_walking_cluster_s1_c00_7000,"('rh', 'ThC', 'remotor')",0.0,0.0
closed_G4_walking_cluster_s1_c00_7000,"('rh', 'ThC', 'rotator_ant')",1.161882046622113e-09,0.0
closed_G4_walking_cluster_s1_c00_7000,"('rh', 'ThC', 'rotator_post')",0.02618245515363994,0.0
closed_G4_walking_cluster_s1_c00_7000,"('rh', 'TiTa', 'depressor')",0.0,0.0
closed_G4_walking_cluster_s1_c00_7000,"('rh', 'TiTa', 'levator')",0.0,0.0
closed_G4_walking_cluster_s1_c00_7000,"('rh', 'TrF', 'reductor')",0.062148264454746464,0.0
closed_G4_walking_cluster_s1_c00_7000,"('rm', 'CTr', 'extensor')",0.004519601720567031,0.0
closed_G4_walking_cluster_s1_c00_7000,"('rm', 'CTr', 'flexor')",5.283109117406517e-10,0.0
closed_G4_walking_cluster_s1_c00_7000,"('rm', 'FTi', 'extensor')",0.15952646059743897,0.0
closed_G4_walking_cluster_s1_c00_7000,"('rm', 'FTi', 'flexor')",0.0,0.0
closed_G4_walking_cluster_s1_c00_7000,"('rm', 'ThC', 'adductor')",0.0,0.0
closed_G4_walking_cluster_s1_c00_7000,"('rm', 'ThC', 'rotator_ant')",0.009666666665687116,0.0
closed_G4_walking_cluster_s1_c00_7000,"('rm', 'ThC', 'rotator_post')",0.04800441868773249,0.0
closed_G4_walking_cluster_s1_c00_7000,"('rm', 'TiTa', 'depressor')",0.0,0.0
closed_G4_walking_cluster_s1_c00_7000,"('rm', 'TiTa', 'levator')",0.0,0.0
closed_G4_walking_cluster_s1_c00_7000,"('rm', 'TrF', 'reductor')",0.04524942556859031,0.0
closed_G4_walking_cluster_s1_c00_7001,"('lf', 'CTr', 'extensor')",0.1471644796231321,0.0
closed_G4_walking_cluster_s1_c00_7001,"('lf', 'CTr', 'flexor')",6.49082899906359e-10,0.0
closed_G4_walking_cluster_s1_c00_7001,"('lf', 'FTi', 'extensor')",0.0,0.0
closed_G4_walking_cluster_s1_c00_7001,"('lf', 'FTi', 'flexor')",0.0046678459362366935,0.0
closed_G4_walking_cluster_s1_c00_7001,"('lf', 'ThC', 'adductor')",0.0,0.0
closed_G4_walking_cluster_s1_c00_7001,"('lf', 'ThC', 'promotor')",0.16185523022390352,0.0
closed_G4_walking_cluster_s1_c00_7001,"('lf', 'ThC', 'remotor')",0.007334365443151329,0.0
closed_G4_walking_cluster_s1_c00_7001,"('lf', 'ThC', 'rotator_ant')",0.0,0.0
closed_G4_walking_cluster_s1_c00_7001,"('lf', 'ThC', 'rotator_post')",4.2126304908548715e-08,0.0
closed_G4_walking_cluster_s1_c00_7001,"('lf', 'TiTa', 'depressor')",0.0,0.0
closed_G4_walking_cluster_s1_c00_7001,"('lf', 'TiTa', 'levator')",0.0,0.0
closed_G4_walking_cluster_s1_c00_7001,"('lf', 'TrF', 'reductor')",0.07953320915873299,0.0
closed_G4_walking_cluster_s1_c00_7001,"('lh', 'CTr', 'extensor')",0.015121933411560477,0.0
closed_G4_walking_cluster_s1_c00_7001,"('lh', 'CTr', 'flexor')",0.001166666774376915,0.0
closed_G4_walking_cluster_s1_c00_7001,"('lh', 'FTi', 'extensor')",0.1505350395321793,0.0
closed_G4_walking_cluster_s1_c00_7001,"('lh', 'FTi', 'flexor')",0.001914875779743986,0.0
closed_G4_walking_cluster_s1_c00_7001,"('lh', 'ThC', 'adductor')",0.0,0.0
closed_G4_walking_cluster_s1_c00_7001,"('lh', 'ThC', 'remotor')",0.0,0.0
closed_G4_walking_cluster_s1_c00_7001,"('lh', 'ThC', 'rotator_ant')",0.034130263015692865,0.0
closed_G4_walking_cluster_s1_c00_7001,"('lh', 'ThC', 'rotator_post')",1.8435273856580077e-09,0.0
closed_G4_walking_cluster_s1_c00_7001,"('lh', 'TiTa', 'depressor')",0.0025746569391582124,0.0
closed_G4_walking_cluster_s1_c00_7001,"('lh', 'TiTa', 'levator')",0.0,0.0
closed_G4_walking_cluster_s1_c00_7001,"('lh', 'TrF', 'reductor')",0.014996921126483905,0.0
closed_G4_walking_cluster_s1_c00_7001,"('lm', 'CTr', 'extensor')",0.001250116521249958,0.0
closed_G4_walking_cluster_s1_c00_7001,"('lm', 'CTr', 'flexor')",0.001523734479781745,0.0
closed_G4_walking_cluster_s1_c00_7001,"('lm', 'FTi', 'extensor')",0.004999927270339639,0.0
closed_G4_walking_cluster_s1_c00_7001,"('lm', 'FTi', 'flexor')",0.0,0.0
closed_G4_walking_cluster_s1_c00_7001,"('lm', 'ThC', 'remotor')",0.0,0.0
closed_G4_walking_cluster_s1_c00_7001,"('lm', 'ThC', 'rotator_ant')",0.08120551351677044,0.0
closed_G4_walking_cluster_s1_c00_7001,"('lm', 'ThC', 'rotator_post')",9.464414332726657e-10,0.0
closed_G4_walking_cluster_s1_c00_7001,"('lm', 'TiTa', 'depressor')",0.0,0.0
closed_G4_walking_cluster_s1_c00_7001,"('lm', 'TiTa', 'levator')",0.0,0.0
closed_G4_walking_cluster_s1_c00_7001,"('lm', 'TrF', 'reductor')",2.4375632847525506e-09,0.0
closed_G4_walking_cluster_s1_c00_7001,"('rf', 'CTr', 'extensor')",0.1508752329611639,0.0
closed_G4_walking_cluster_s1_c00_7001,"('rf', 'CTr', 'flexor')",0.0,0.0
closed_G4_walking_cluster_s1_c00_7001,"('rf', 'FTi', 'extensor')",0.02448996785261491,0.0
closed_G4_walking_cluster_s1_c00_7001,"('rf', 'FTi', 'flexor')",0.004488304357841727,0.0
closed_G4_walking_cluster_s1_c00_7001,"('rf', 'ThC', 'adductor')",0.0,0.0
closed_G4_walking_cluster_s1_c00_7001,"('rf', 'ThC', 'promotor')",0.13246361727566902,0.0
closed_G4_walking_cluster_s1_c00_7001,"('rf', 'ThC', 'remotor')",0.028830871389190032,0.0
closed_G4_walking_cluster_s1_c00_7001,"('rf', 'ThC', 'rotator_ant')",2.530900317745182e-13,0.0
closed_G4_walking_cluster_s1_c00_7001,"('rf', 'ThC', 'rotator_post')",4.881418601290237e-13,0.0
closed_G4_walking_cluster_s1_c00_7001,"('rf', 'TiTa', 'depressor')",0.0,0.0
closed_G4_walking_cluster_s1_c00_7001,"('rf', 'TiTa', 'levator')",0.0,0.0
closed_G4_walking_cluster_s1_c00_7001,"('rf', 'TrF', 'reductor')",0.011555560551427247,0.0
closed_G4_walking_cluster_s1_c00_7001,"('rh', 'CTr', 'extensor')",0.00646700313921047,0.0
closed_G4_walking_cluster_s1_c00_7001,"('rh', 'CTr', 'flexor')",2.2227002374431086e-10,0.0
closed_G4_walking_cluster_s1_c00_7001,"('rh', 'FTi', 'extensor')",0.12696273843814573,0.0
closed_G4_walking_cluster_s1_c00_7001,"('rh', 'FTi', 'flexor')",0.001574079003965253,0.0
closed_G4_walking_cluster_s1_c00_7001,"('rh', 'ThC', 'adductor')",0.0,0.0
closed_G4_walking_cluster_s1_c00_7001,"('rh', 'ThC', 'remotor')",0.0,0.0
closed_G4_walking_cluster_s1_c00_7001,"('rh', 'ThC', 'rotator_ant')",0.0,0.0
closed_G4_walking_cluster_s1_c00_7001,"('rh', 'ThC', 'rotator_post')",0.035746289818795345,0.0
closed_G4_walking_cluster_s1_c00_7001,"('rh', 'TiTa', 'depressor')",0.0,0.0
closed_G4_walking_cluster_s1_c00_7001,"('rh', 'TiTa', 'levator')",0.0,0.0
closed_G4_walking_cluster_s1_c00_7001,"('rh', 'TrF', 'reductor')",0.0803232746510015,0.0
closed_G4_walking_cluster_s1_c00_7001,"('rm', 'CTr', 'extensor')",0.003701662360165928,0.0
closed_G4_walking_cluster_s1_c00_7001,"('rm', 'CTr', 'flexor')",0.0,0.0
closed_G4_walking_cluster_s1_c00_7001,"('rm', 'FTi', 'extensor')",0.17086612519783212,0.0
closed_G4_walking_cluster_s1_c00_7001,"('rm', 'FTi', 'flexor')",0.0,0.0
closed_G4_walking_cluster_s1_c00_7001,"('rm', 'ThC', 'adductor')",0.0,0.0
closed_G4_walking_cluster_s1_c00_7001,"('rm', 'ThC', 'rotator_ant')",0.000999999999441877,0.0
closed_G4_walking_cluster_s1_c00_7001,"('rm', 'ThC', 'rotator_post')",0.10744012338138126,0.0
closed_G4_walking_cluster_s1_c00_7001,"('rm', 'TiTa', 'depressor')",0.0,0.0
closed_G4_walking_cluster_s1_c00_7001,"('rm', 'TiTa', 'levator')",0.0,0.0
closed_G4_walking_cluster_s1_c00_7001,"('rm', 'TrF', 'reductor')",0.04591314220325024,0.0
closed_G4_walking_cluster_s1_c00_7002,"('lf', 'CTr', 'extensor')",0.13179628318180542,0.0
closed_G4_walking_cluster_s1_c00_7002,"('lf', 'CTr', 'flexor')",0.0,0.0
closed_G4_walking_cluster_s1_c00_7002,"('lf', 'FTi', 'extensor')",0.0003333333333333333,0.0
closed_G4_walking_cluster_s1_c00_7002,"('lf', 'FTi', 'flexor')",0.0037368608876402957,0.0
closed_G4_walking_cluster_s1_c00_7002,"('lf', 'ThC', 'adductor')",0.0,0.0
closed_G4_walking_cluster_s1_c00_7002,"('lf', 'ThC', 'promotor')",0.1682954930265262,0.0
closed_G4_walking_cluster_s1_c00_7002,"('lf', 'ThC', 'remotor')",0.01404905621736517,0.0
closed_G4_walking_cluster_s1_c00_7002,"('lf', 'ThC', 'rotator_ant')",0.0,0.0
closed_G4_walking_cluster_s1_c00_7002,"('lf', 'ThC', 'rotator_post')",0.0006667361179972602,0.0
closed_G4_walking_cluster_s1_c00_7002,"('lf', 'TiTa', 'depressor')",0.0,0.0
closed_G4_walking_cluster_s1_c00_7002,"('lf', 'TiTa', 'levator')",0.0,0.0
closed_G4_walking_cluster_s1_c00_7002,"('lf', 'TrF', 'reductor')",0.08098037941028983,0.0
closed_G4_walking_cluster_s1_c00_7002,"('lh', 'CTr', 'extensor')",0.029254041841546362,0.0
closed_G4_walking_cluster_s1_c00_7002,"('lh', 'CTr', 'flexor')",0.0005000009336305066,0.0
closed_G4_walking_cluster_s1_c00_7002,"('lh', 'FTi', 'extensor')",0.1479802985861239,0.0
closed_G4_walking_cluster_s1_c00_7002,"('lh', 'FTi', 'flexor')",0.0021613224241188475,0.0
closed_G4_walking_cluster_s1_c00_7002,"('lh', 'ThC', 'adductor')",0.0,0.0
closed_G4_walking_cluster_s1_c00_7002,"('lh', 'ThC', 'remotor')",0.0,0.0
closed_G4_walking_cluster_s1_c00_7002,"('lh', 'ThC', 'rotator_ant')",0.04909704698891126,0.0
closed_G4_walking_cluster_s1_c00_7002,"('lh', 'ThC', 'rotator_post')",0.0006666684180176821,0.0
closed_G4_walking_cluster_s1_c00_7002,"('lh', 'TiTa', 'depressor')",0.0011111111111111107,0.0
closed_G4_walking_cluster_s1_c00_7002,"('lh', 'TiTa', 'levator')",0.0,0.0
closed_G4_walking_cluster_s1_c00_7002,"('lh', 'TrF', 'reductor')",0.010666525718943757,0.0
closed_G4_walking_cluster_s1_c00_7002,"('lm', 'CTr', 'extensor')",0.0004166666666666663,0.0
closed_G4_walking_cluster_s1_c00_7002,"('lm', 'CTr', 'flexor')",0.001310323672421873,0.0
closed_G4_walking_cluster_s1_c00_7002,"('lm', 'FTi', 'extensor')",0.004666668089057492,0.0
closed_G4_walking_cluster_s1_c00_7002,"('lm', 'FTi', 'flexor')",0.0,0.0
closed_G4_walking_cluster_s1_c00_7002,"('lm', 'ThC', 'remotor')",0.0,0.0
closed_G4_walking_cluster_s1_c00_7002,"('lm', 'ThC', 'rotator_ant')",0.07873415774996788,0.0
closed_G4_walking_cluster_s1_c00_7002,"('lm', 'ThC', 'rotator_post')",2.5082829389232494e-11,0.0
closed_G4_walking_cluster_s1_c00_7002,"('lm', 'TiTa', 'depressor')",0.0,0.0
closed_G4_walking_cluster_s1_c00_7002,"('lm', 'TiTa', 'levator')",0.0,0.0
closed_G4_walking_cluster_s1_c00_7002,"('lm', 'TrF', 'reductor')",0.0002777777777777773,0.0
closed_G4_walking_cluster_s1_c00_7002,"('rf', 'CTr', 'extensor')",0.14535870167503817,0.0
closed_G4_walking_cluster_s1_c00_7002,"('rf', 'CTr', 'flexor')",0.0,0.0
closed_G4_walking_cluster_s1_c00_7002,"('rf', 'FTi', 'extensor')",0.01630019093778123,0.0
closed_G4_walking_cluster_s1_c00_7002,"('rf', 'FTi', 'flexor')",0.004370008774094761,0.0
closed_G4_walking_cluster_s1_c00_7002,"('rf', 'ThC', 'adductor')",0.0,0.0
closed_G4_walking_cluster_s1_c00_7002,"('rf', 'ThC', 'promotor')",0.1311933563876188,0.0
closed_G4_walking_cluster_s1_c00_7002,"('rf', 'ThC', 'remotor')",0.03698405345923521,0.0
closed_G4_walking_cluster_s1_c00_7002,"('rf', 'ThC', 'rotator_ant')",0.0,0.0
closed_G4_walking_cluster_s1_c00_7002,"('rf', 'ThC', 'rotator_post')",1.2606366880379594e-07,0.0
closed_G4_walking_cluster_s1_c00_7002,"('rf', 'TiTa', 'depressor')",0.0,0.0
closed_G4_walking_cluster_s1_c00_7002,"('rf', 'TiTa', 'levator')",0.0,0.0
closed_G4_walking_cluster_s1_c00_7002,"('rf', 'TrF', 'reductor')",0.01030556467456427,0.0
closed_G4_walking_cluster_s1_c00_7002,"('rh', 'CTr', 'extensor')",0.010874656420457688,0.0
closed_G4_walking_cluster_s1_c00_7002,"('rh', 'CTr', 'flexor')",0.0001666673143801518,0.0
closed_G4_walking_cluster_s1_c00_7002,"('rh', 'FTi', 'extensor')",0.1002062184370356,0.0
closed_G4_walking_cluster_s1_c00_7002,"('rh', 'FTi', 'flexor')",0.0007405485594782584,0.0
closed_G4_walking_cluster_s1_c00_7002,"('rh', 'ThC', 'adductor')",0.0,0.0
closed_G4_walking_cluster_s1_c00_7002,"('rh', 'ThC', 'remotor')",0.0,0.0
closed_G4_walking_cluster_s1_c00_7002,"('rh', 'ThC', 'rotator_ant')",0.0,0.0
closed_G4_walking_cluster_s1_c00_7002,"('rh', 'ThC', 'rotator_post')",0.04660947371894291,0.0
closed_G4_walking_cluster_s1_c00_7002,"('rh', 'TiTa', 'depressor')",0.0,0.0
closed_G4_walking_cluster_s1_c00_7002,"('rh', 'TiTa', 'levator')",0.0,0.0
closed_G4_walking_cluster_s1_c00_7002,"('rh', 'TrF', 'reductor')",0.05620218887226993,0.0
closed_G4_walking_cluster_s1_c00_7002,"('rm', 'CTr', 'extensor')",0.0003854404219603747,0.0
closed_G4_walking_cluster_s1_c00_7002,"('rm', 'CTr', 'flexor')",0.0,0.0
closed_G4_walking_cluster_s1_c00_7002,"('rm', 'FTi', 'extensor')",0.14329899237440008,0.0
closed_G4_walking_cluster_s1_c00_7002,"('rm', 'FTi', 'flexor')",0.0,0.0
closed_G4_walking_cluster_s1_c00_7002,"('rm', 'ThC', 'adductor')",0.0,0.0
closed_G4_walking_cluster_s1_c00_7002,"('rm', 'ThC', 'rotator_ant')",0.009383469413846357,0.0
closed_G4_walking_cluster_s1_c00_7002,"('rm', 'ThC', 'rotator_post')",0.047109575588180214,0.0
closed_G4_walking_cluster_s1_c00_7002,"('rm', 'TiTa', 'depressor')",0.0,0.0
closed_G4_walking_cluster_s1_c00_7002,"('rm', 'TiTa', 'levator')",0.0,0.0
closed_G4_walking_cluster_s1_c00_7002,"('rm', 'TrF', 'reductor')",0.04766075347203561,0.0
closed_G4_walking_cluster_s1_c00_7003,"('lf', 'CTr', 'extensor')",0.1326959874841405,0.0
closed_G4_walking_cluster_s1_c00_7003,"('lf', 'CTr', 'flexor')",9.078804286710974e-14,0.0
closed_G4_walking_cluster_s1_c00_7003,"('lf', 'FTi', 'extensor')",0.0,0.0
closed_G4_walking_cluster_s1_c00_7003,"('lf', 'FTi', 'flexor')",0.005036157570798153,0.0
closed_G4_walking_cluster_s1_c00_7003,"('lf', 'ThC', 'adductor')",0.0,0.0
closed_G4_walking_cluster_s1_c00_7003,"('lf', 'ThC', 'promotor')",0.13407515841116005,0.0
closed_G4_walking_cluster_s1_c00_7003,"('lf', 'ThC', 'remotor')",0.03766567932294616,0.0
closed_G4_walking_cluster_s1_c00_7003,"('lf', 'ThC', 'rotator_ant')",6.342685488438178e-09,0.0
closed_G4_walking_cluster_s1_c00_7003,"('lf', 'ThC', 'rotator_post')",0.005333093309308635,0.0
closed_G4_walking_cluster_s1_c00_7003,"('lf', 'TiTa', 'depressor')",0.0,0.0
closed_G4_walking_cluster_s1_c00_7003,"('lf', 'TiTa', 'levator')",0.0,0.0
closed_G4_walking_cluster_s1_c00_7003,"('lf', 'TrF', 'reductor')",0.07068623081825294,0.0
closed_G4_walking_cluster_s1_c00_7003,"('lh', 'CTr', 'extensor')",0.021893220858029708,0.0
closed_G4_walking_cluster_s1_c00_7003,"('lh', 'CTr', 'flexor')",0.0013333333521819664,0.0
closed_G4_walking_cluster_s1_c00_7003,"('lh', 'FTi', 'extensor')",0.13835608281863826,0.0
closed_G4_walking_cluster_s1_c00_7003,"('lh', 'FTi', 'flexor')",0.0017650935335747594,0.0
closed_G4_walking_cluster_s1_c00_7003,"('lh', 'ThC', 'adductor')",5.4440212563109836e-09,0.0
closed_G4_walking_cluster_s1_c00_7003,"('lh', 'ThC', 'remotor')",0.0,0.0
closed_G4_walking_cluster_s1_c00_7003,"('lh', 'ThC', 'rotator_ant')",0.03127091836446635,0.0
closed_G4_walking_cluster_s1_c00_7003,"('lh', 'ThC', 'rotator_post')",0.0,0.0
closed_G4_walking_cluster_s1_c00_7003,"('lh', 'TiTa', 'depressor')",0.00041666756258290145,0.0
closed_G4_walking_cluster_s1_c00_7003,"('lh', 'TiTa', 'levator')",0.0,0.0
closed_G4_walking_cluster_s1_c00_7003,"('lh', 'TrF', 'reductor')",0.021498236151302724,0.0
closed_G4_walking_cluster_s1_c00_7003,"('lm', 'CTr', 'extensor')",0.0014568947054428869,0.0
closed_G4_walking_cluster_s1_c00_7003,"('lm', 'CTr', 'flexor')",0.0001780510195489749,0.0
closed_G4_walking_cluster_s1_c00_7003,"('lm', 'FTi', 'extensor')",0.005635273726729008,0.0
closed_G4_walking_cluster_s1_c00_7003,"('lm', 'FTi', 'flexor')",0.0,0.0
closed_G4_walking_cluster_s1_c00_7003,"('lm', 'ThC', 'remotor')",0.0,0.0
closed_G4_walking_cluster_s1_c00_7003,"('lm', 'ThC', 'rotator_ant')",0.07469726762327977,0.0
closed_G4_walking_cluster_s1_c00_7003,"('lm', 'ThC', 'rotator_post')",2.708516870691916e-09,0.0
closed_G4_walking_cluster_s1_c00_7003,"('lm', 'TiTa', 'depressor')",0.0,0.0
closed_G4_walking_cluster_s1_c00_7003,"('lm', 'TiTa', 'levator')",0.0,0.0
closed_G4_walking_cluster_s1_c00_7003,"('lm', 'TrF', 'reductor')",0.001388888888888884,0.0
closed_G4_walking_cluster_s1_c00_7003,"('rf', 'CTr', 'extensor')",0.1607769515740843,0.0
closed_G4_walking_cluster_s1_c00_7003,"('rf', 'CTr', 'flexor')",0.0,0.0
closed_G4_walking_cluster_s1_c00_7003,"('rf', 'FTi', 'extensor')",0.015000166593212514,0.0
closed_G4_walking_cluster_s1_c00_7003,"('rf', 'FTi', 'flexor')",0.0037179830545548184,0.0
closed_G4_walking_cluster_s1_c00_7003,"('rf', 'ThC', 'adductor')",0.0,0.0
closed_G4_walking_cluster_s1_c00_7003,"('rf', 'ThC', 'promotor')",0.09709791775708763,0.0
closed_G4_walking_cluster_s1_c00_7003,"('rf', 'ThC', 'remotor')",0.048046649094309356,0.0
closed_G4_walking_cluster_s1_c00_7003,"('rf', 'ThC', 'rotator_ant')",0.0,0.0
closed_G4_walking_cluster_s1_c00_7003,"('rf', 'ThC', 'rotator_post')",0.012977130391526656,0.0
closed_G4_walking_cluster_s1_c00_7003,"('rf', 'TiTa', 'depressor')",0.0,0.0
closed_G4_walking_cluster_s1_c00_7003,"('rf', 'TiTa', 'levator')",0.0,0.0
closed_G4_walking_cluster_s1_c00_7003,"('rf', 'TrF', 'reductor')",0.003124497330952829,0.0
closed_G4_walking_cluster_s1_c00_7003,"('rh', 'CTr', 'extensor')",0.0052139731514560545,0.0
closed_G4_walking_cluster_s1_c00_7003,"('rh', 'CTr', 'flexor')",7.983583606396124e-11,0.0
closed_G4_walking_cluster_s1_c00_7003,"('rh', 'FTi', 'extensor')",0.09579874073633457,0.0
closed_G4_walking_cluster_s1_c00_7003,"('rh', 'FTi', 'flexor')",0.001020302128526566,0.0
closed_G4_walking_cluster_s1_c00_7003,"('rh', 'ThC', 'adductor')",0.0,0.0
closed_G4_walking_cluster_s1_c00_7003,"('rh', 'ThC', 'remotor')",0.0,0.0
closed_G4_walking_cluster_s1_c00_7003,"('rh', 'ThC', 'rotator_ant')",7.363974070866066e-09,0.0
closed_G4_walking_cluster_s1_c00_7003,"('rh', 'ThC', 'rotator_post')",0.03369128714141086,0.0
closed_G4_walking_cluster_s1_c00_7003,"('rh', 'TiTa', 'depressor')",0.0,0.0
closed_G4_walking_cluster_s1_c00_7003,"('rh', 'TiTa', 'levator')",0.0,0.0
closed_G4_walking_cluster_s1_c00_7003,"('rh', 'TrF', 'reductor')",0.06126133394649241,0.0
closed_G4_walking_cluster_s1_c00_7003,"('rm', 'CTr', 'extensor')",0.004166748568325654,0.0
closed_G4_walking_cluster_s1_c00_7003,"('rm', 'CTr', 'flexor')",0.0,0.0
closed_G4_walking_cluster_s1_c00_7003,"('rm', 'FTi', 'extensor')",0.14907326807657845,0.0
closed_G4_walking_cluster_s1_c00_7003,"('rm', 'FTi', 'flexor')",0.0,0.0
closed_G4_walking_cluster_s1_c00_7003,"('rm', 'ThC', 'adductor')",0.0,0.0
closed_G4_walking_cluster_s1_c00_7003,"('rm', 'ThC', 'rotator_ant')",0.007010088250329084,0.0
closed_G4_walking_cluster_s1_c00_7003,"('rm', 'ThC', 'rotator_post')",0.06176595561158064,0.0
closed_G4_walking_cluster_s1_c00_7003,"('rm', 'TiTa', 'depressor')",0.0,0.0
closed_G4_walking_cluster_s1_c00_7003,"('rm', 'TiTa', 'levator')",0.0,0.0
closed_G4_walking_cluster_s1_c00_7003,"('rm', 'TrF', 'reductor')",0.05182433936669414,0.0
closed_G4_walking_cluster_s1_c00_7004,"('lf', 'CTr', 'extensor')",0.12425824955136422,0.0
closed_G4_walking_cluster_s1_c00_7004,"('lf', 'CTr', 'flexor')",3.346158999671478e-11,0.0
closed_G4_walking_cluster_s1_c00_7004,"('lf', 'FTi', 'extensor')",3.2410813758482685e-09,0.0
closed_G4_walking_cluster_s1_c00_7004,"('lf', 'FTi', 'flexor')",0.00470407550109029,0.0
closed_G4_walking_cluster_s1_c00_7004,"('lf', 'ThC', 'adductor')",0.0,0.0
closed_G4_walking_cluster_s1_c00_7004,"('lf', 'ThC', 'promotor')",0.13625569409238916,0.0
closed_G4_walking_cluster_s1_c00_7004,"('lf', 'ThC', 'remotor')",0.033769930898415866,0.0
closed_G4_walking_cluster_s1_c00_7004,"('lf', 'ThC', 'rotator_ant')",0.0,0.0
closed_G4_walking_cluster_s1_c00_7004,"('lf', 'ThC', 'rotator_post')",0.0033404721169067943,0.0
closed_G4_walking_cluster_s1_c00_7004,"('lf', 'TiTa', 'depressor')",0.0,0.0
closed_G4_walking_cluster_s1_c00_7004,"('lf', 'TiTa', 'levator')",0.0,0.0
closed_G4_walking_cluster_s1_c00_7004,"('lf', 'TrF', 'reductor')",0.07023327906088223,0.0
closed_G4_walking_cluster_s1_c00_7004,"('lh', 'CTr', 'extensor')",0.01771766903933719,0.0
closed_G4_walking_cluster_s1_c00_7004,"('lh', 'CTr', 'flexor')",0.0008317204982247877,0.0
closed_G4_walking_cluster_s1_c00_7004,"('lh', 'FTi', 'extensor')",0.14392424245591187,0.0
closed_G4_walking_cluster_s1_c00_7004,"('lh', 'FTi', 'flexor')",0.0023859691715391734,0.0
closed_G4_walking_cluster_s1_c00_7004,"('lh', 'ThC', 'adductor')",0.0,0.0
closed_G4_walking_cluster_s1_c00_7004,"('lh', 'ThC', 'remotor')",0.0,0.0
closed_G4_walking_cluster_s1_c00_7004,"('lh', 'ThC', 'rotator_ant')",0.03725422203139058,0.0
closed_G4_walking_cluster_s1_c00_7004,"('lh', 'ThC', 'rotator_post')",0.0003333333333333333,0.0
closed_G4_walking_cluster_s1_c00_7004,"('lh', 'TiTa', 'depressor')",0.0008333357062778504,0.0
closed_G4_walking_cluster_s1_c00_7004,"('lh', 'TiTa', 'levator')",0.0,0.0
closed_G4_walking_cluster_s1_c00_7004,"('lh', 'TrF', 'reductor')",0.02501151827935351,0.0
closed_G4_walking_cluster_s1_c00_7004,"('lm', 'CTr', 'extensor')",0.0008334692379841128,0.0
closed_G4_walking_cluster_s1_c00_7004,"('lm', 'CTr', 'flexor')",0.0032776413344357113,0.0
closed_G4_walking_cluster_s1_c00_7004,"('lm', 'FTi', 'extensor')",0.006309748797418385,0.0
closed_G4_walking_cluster_s1_c00_7004,"('lm', 'FTi', 'flexor')",0.0,0.0
closed_G4_walking_cluster_s1_c00_7004,"('lm', 'ThC', 'remotor')",0.0,0.0
closed_G4_walking_cluster_s1_c00_7004,"('lm', 'ThC', 'rotator_ant')",0.06733606116372261,0.0
closed_G4_walking_cluster_s1_c00_7004,"('lm', 'ThC', 'rotator_post')",3.003625233740999e-09,0.0
closed_G4_walking_cluster_s1_c00_7004,"('lm', 'TiTa', 'depressor')",0.0,0.0
closed_G4_walking_cluster_s1_c00_7004,"('lm', 'TiTa', 'levator')",0.0,0.0
closed_G4_walking_cluster_s1_c00_7004,"('lm', 'TrF', 'reductor')",2.0191268637813176e-06,0.0
closed_G4_walking_cluster_s1_c00_7004,"('rf', 'CTr', 'extensor')",0.13859741286545577,0.0
closed_G4_walking_cluster_s1_c00_7004,"('rf', 'CTr', 'flexor')",0.0,0.0
closed_G4_walking_cluster_s1_c00_7004,"('rf', 'FTi', 'extensor')",0.010806811314883109,0.0
closed_G4_walking_cluster_s1_c00_7004,"('rf', 'FTi', 'flexor')",0.0036454207381112712,0.0
closed_G4_walking_cluster_s1_c00_7004,"('rf', 'ThC', 'adductor')",0.0,0.0
closed_G4_walking_cluster_s1_c00_7004,"('rf', 'ThC', 'promotor')",0.10124745663317111,0.0
closed_G4_walking_cluster_s1_c00_7004,"('rf', 'ThC', 'remotor')",0.042044618404063344,0.0
closed_G4_walking_cluster_s1_c00_7004,"('rf', 'ThC', 'rotator_ant')",0.0,0.0
closed_G4_walking_cluster_s1_c00_7004,"('rf', 'ThC', 'rotator_post')",0.0016748046504991804,0.0
closed_G4_walking_cluster_s1_c00_7004,"('rf', 'TiTa', 'depressor')",0.0001282051282051282,0.0
closed_G4_walking_cluster_s1_c00_7004,"('rf', 'TiTa', 'levator')",0.0,0.0
closed_G4_walking_cluster_s1_c00_7004,"('rf', 'TrF', 'reductor')",0.008283275731240788,0.0
closed_G4_walking_cluster_s1_c00_7004,"('rh', 'CTr', 'extensor')",0.02163520171152868,0.0
closed_G4_walking_cluster_s1_c00_7004,"('rh', 'CTr', 'flexor')",6.77581015671154e-10,0.0
closed_G4_walking_cluster_s1_c00_7004,"('rh', 'FTi', 'extensor')",0.11423205257915536,0.0
closed_G4_walking_cluster_s1_c00_7004,"('rh', 'FTi', 'flexor')",0.001853666137821059,0.0
closed_G4_walking_cluster_s1_c00_7004,"('rh', 'ThC', 'adductor')",0.0,0.0
closed_G4_walking_cluster_s1_c00_7004,"('rh', 'ThC', 'remotor')",0.0,0.0
closed_G4_walking_cluster_s1_c00_7004,"('rh', 'ThC', 'rotator_ant')",4.4090832958211415e-09,0.0
closed_G4_walking_cluster_s1_c00_7004,"('rh', 'ThC', 'rotator_post')",0.044358650303967184,0.0
closed_G4_walking_cluster_s1_c00_7004,"('rh', 'TiTa', 'depressor')",0.0,0.0
closed_G4_walking_cluster_s1_c00_7004,"('rh', 'TiTa', 'levator')",0.0,0.0
closed_G4_walking_cluster_s1_c00_7004,"('rh', 'TrF', 'reductor')",0.06484233099812857,0.0
closed_G4_walking_cluster_s1_c00_7004,"('rm', 'CTr', 'extensor')",0.001041872412851214,0.0
closed_G4_walking_cluster_s1_c00_7004,"('rm', 'CTr', 'flexor')",0.0,0.0
closed_G4_walking_cluster_s1_c00_7004,"('rm', 'FTi', 'extensor')",0.12974575880071762,0.0
closed_G4_walking_cluster_s1_c00_7004,"('rm', 'FTi', 'flexor')",3.3791510078248398e-12,0.0
closed_G4_walking_cluster_s1_c00_7004,"('rm', 'ThC', 'adductor')",0.0,0.0
closed_G4_walking_cluster_s1_c00_7004,"('rm', 'ThC', 'rotator_ant')",5.2633841991941383e-14,0.0
closed_G4_walking_cluster_s1_c00_7004,"('rm', 'ThC', 'rotator_post')",0.13419562233103594,0.0
closed_G4_walking_cluster_s1_c00_7004,"('rm', 'TiTa', 'depressor')",0.0,0.0
closed_G4_walking_cluster_s1_c00_7004,"('rm', 'TiTa', 'levator')",0.0,0.0
closed_G4_walking_cluster_s1_c00_7004,"('rm', 'TrF', 'reductor')",0.048112408322377266,0.0
closed_G4_walking_cluster_s1_c01_7000,"('lf', 'CTr', 'extensor')",0.14294608059517322,0.0
closed_G4_walking_cluster_s1_c01_7000,"('lf', 'CTr', 'flexor')",1.861650622957262e-13,0.0
closed_G4_walking_cluster_s1_c01_7000,"('lf', 'FTi', 'extensor')",0.0,0.0
closed_G4_walking_cluster_s1_c01_7000,"('lf', 'FTi', 'flexor')",0.0058430182211245746,0.0
closed_G4_walking_cluster_s1_c01_7000,"('lf', 'ThC', 'adductor')",0.0,0.0
closed_G4_walking_cluster_s1_c01_7000,"('lf', 'ThC', 'promotor')",0.1398703505044493,0.0
closed_G4_walking_cluster_s1_c01_7000,"('lf', 'ThC', 'remotor')",0.03315341963361287,0.0
closed_G4_walking_cluster_s1_c01_7000,"('lf', 'ThC', 'rotator_ant')",0.0,0.0
closed_G4_walking_cluster_s1_c01_7000,"('lf', 'ThC', 'rotator_post')",0.00795914424663469,0.0
closed_G4_walking_cluster_s1_c01_7000,"('lf', 'TiTa', 'depressor')",0.0,0.0
closed_G4_walking_cluster_s1_c01_7000,"('lf', 'TiTa', 'levator')",0.0,0.0
closed_G4_walking_cluster_s1_c01_7000,"('lf', 'TrF', 'reductor')",0.07610450463938147,0.0
closed_G4_walking_cluster_s1_c01_7000,"('lh', 'CTr', 'extensor')",0.024432300467820744,0.0
closed_G4_walking_cluster_s1_c01_7000,"('lh', 'CTr', 'flexor')",0.0020007289401112955,0.0
closed_G4_walking_cluster_s1_c01_7000,"('lh', 'FTi', 'extensor')",0.15576295691531478,0.0
closed_G4_walking_cluster_s1_c01_7000,"('lh', 'FTi', 'flexor')",0.0010784277913989525,0.0
closed_G4_walking_cluster_s1_c01_7000,"('lh', 'ThC', 'adductor')",0.0,0.0
closed_G4_walking_cluster_s1_c01_7000,"('lh', 'ThC', 'remotor')",0.0,0.0
closed_G4_walking_cluster_s1_c01_7000,"('lh', 'ThC', 'rotator_ant')",0.03855262976098918,0.0
closed_G4_walking_cluster_s1_c01_7000,"('lh', 'ThC', 'rotator_post')",0.0003333333333333333,0.0
closed_G4_walking_cluster_s1_c01_7000,"('lh', 'TiTa', 'depressor')",0.0011106920830308241,0.0
closed_G4_walking_cluster_s1_c01_7000,"('lh', 'TiTa', 'levator')",0.0,0.0
closed_G4_walking_cluster_s1_c01_7000,"('lh', 'TrF', 'reductor')",0.013269126625240543,0.0
closed_G4_walking_cluster_s1_c01_7000,"('lm', 'CTr', 'extensor')",0.0004166734166136138,0.0
closed_G4_walking_cluster_s1_c01_7000,"('lm', 'CTr', 'flexor')",0.0017384233697064811,0.0
closed_G4_walking_cluster_s1_c01_7000,"('lm', 'FTi', 'extensor')",0.0033333684570767404,0.0
closed_G4_walking_cluster_s1_c01_7000,"('lm', 'FTi', 'flexor')",0.0,0.0
closed_G4_walking_cluster_s1_c01_7000,"('lm', 'ThC', 'remotor')",0.0,0.0
closed_G4_walking_cluster_s1_c01_7000,"('lm', 'ThC', 'rotator_ant')",0.09867150301498431,0.0
closed_G4_walking_cluster_s1_c01_7000,"('lm', 'ThC', 'rotator_post')",0.0,0.0
closed_G4_walking_cluster_s1_c01_7000,"('lm', 'TiTa', 'depressor')",0.0,0.0
closed_G4_walking_cluster_s1_c01_7000,"('lm', 'TiTa', 'levator')",0.0,0.0
closed_G4_walking_cluster_s1_c01_7000,"('lm', 'TrF', 'reductor')",0.0002777777777777773,0.0
closed_G4_walking_cluster_s1_c01_7000,"('rf', 'CTr', 'extensor')",0.15407880744631272,0.0
closed_G4_walking_cluster_s1_c01_7000,"('rf', 'CTr', 'flexor')",0.0,0.0
closed_G4_walking_cluster_s1_c01_7000,"('rf', 'FTi', 'extensor')",0.014103065199280193,0.0
closed_G4_walking_cluster_s1_c01_7000,"('rf', 'FTi', 'flexor')",0.003118148300849645,0.0
closed_G4_walking_cluster_s1_c01_7000,"('rf', 'ThC', 'adductor')",0.0,0.0
closed_G4_walking_cluster_s1_c01_7000,"('rf', 'ThC', 'promotor')",0.10539143209870387,0.0
closed_G4_walking_cluster_s1_c01_7000,"('rf', 'ThC', 'remotor')",0.04762864457770714,0.0
closed_G4_walking_cluster_s1_c01_7000,"('rf', 'ThC', 'rotator_ant')",9.253486894013945e-14,0.0
closed_G4_walking_cluster_s1_c01_7000,"('rf', 'ThC', 'rotator_post')",0.00766725564186808,0.0
closed_G4_walking_cluster_s1_c01_7000,"('rf', 'TiTa', 'depressor')",5.0372258520842725e-09,0.0
closed_G4_walking_cluster_s1_c01_7000,"('rf', 'TiTa', 'levator')",0.0,0.0
closed_G4_walking_cluster_s1_c01_7000,"('rf', 'TrF', 'reductor')",0.007611111133347934,0.0
closed_G4_walking_cluster_s1_c01_7000,"('rh', 'CTr', 'extensor')",0.0030657250407301953,0.0
closed_G4_walking_cluster_s1_c01_7000,"('rh', 'CTr', 'flexor')",8.318917327781759e-10,0.0
closed_G4_walking_cluster_s1_c01_7000,"('rh', 'FTi', 'extensor')",0.09910379670337092,0.0
closed_G4_walking_cluster_s1_c01_7000,"('rh', 'FTi', 'flexor')",0.000645132054173743,0.0
closed_G4_walking_cluster_s1_c01_7000,"('rh', 'ThC', 'adductor')",0.0,0.0
closed_G4_walking_cluster_s1_c01_7000,"('rh', 'ThC', 'remotor')",0.0,0.0
closed_G4_walking_cluster_s1_c01_7000,"('rh', 'ThC', 'rotator_ant')",0.0010000105450103602,0.0
closed_G4_walking_cluster_s1_c01_7000,"('rh', 'ThC', 'rotator_post')",0.025381934120537696,0.0
closed_G4_walking_cluster_s1_c01_7000,"('rh', 'TiTa', 'depressor')",0.0,0.0
closed_G4_walking_cluster_s1_c01_7000,"('rh', 'TiTa', 'levator')",0.0,0.0
closed_G4_walking_cluster_s1_c01_7000,"('rh', 'TrF', 'reductor')",0.06168375570072951,0.0
closed_G4_walking_cluster_s1_c01_7000,"('rm', 'CTr', 'extensor')",0.003750249928469542,0.0
closed_G4_walking_cluster_s1_c01_7000,"('rm', 'CTr', 'flexor')",4.222777055183867e-12,0.0
closed_G4_walking_cluster_s1_c01_7000,"('rm', 'FTi', 'extensor')",0.1535203682667687,0.0
closed_G4_walking_cluster_s1_c01_7000,"('rm', 'FTi', 'flexor')",0.0,0.0
closed_G4_walking_cluster_s1_c01_7000,"('rm', 'ThC', 'adductor')",0.0,0.0
closed_G4_walking_cluster_s1_c01_7000,"('rm', 'ThC', 'rotator_ant')",0.00949555263890683,0.0
closed_G4_walking_cluster_s1_c01_7000,"('rm', 'ThC', 'rotator_post')",0.05853472271558649,0.0
closed_G4_walking_cluster_s1_c01_7000,"('rm', 'TiTa', 'depressor')",0.0,0.0
closed_G4_walking_cluster_s1_c01_7000,"('rm', 'TiTa', 'levator')",0.0,0.0
closed_G4_walking_cluster_s1_c01_7000,"('rm', 'TrF', 'reductor')",0.050883963129414525,0.0
closed_G4_walking_cluster_s1_c01_7001,"('lf', 'CTr', 'extensor')",0.13533508593799057,0.0
closed_G4_walking_cluster_s1_c01_7001,"('lf', 'CTr', 'flexor')",2.5325413689088914e-13,0.0
closed_G4_walking_cluster_s1_c01_7001,"('lf', 'FTi', 'extensor')",0.0,0.0
closed_G4_walking_cluster_s1_c01_7001,"('lf', 'FTi', 'flexor')",0.004127618579125795,0.0
closed_G4_walking_cluster_s1_c01_7001,"('lf', 'ThC', 'adductor')",0.0,0.0
closed_G4_walking_cluster_s1_c01_7001,"('lf', 'ThC', 'promotor')",0.17558346113224857,0.0
closed_G4_walking_cluster_s1_c01_7001,"('lf', 'ThC', 'remotor')",0.007444547308946623,0.0
closed_G4_walking_cluster_s1_c01_7001,"('lf', 'ThC', 'rotator_ant')",0.0,0.0
closed_G4_walking_cluster_s1_c01_7001,"('lf', 'ThC', 'rotator_post')",1.6957625271487153e-11,0.0
closed_G4_walking_cluster_s1_c01_7001,"('lf', 'TiTa', 'depressor')",0.0,0.0
closed_G4_walking_cluster_s1_c01_7001,"('lf', 'TiTa', 'levator')",0.0,0.0
closed_G4_walking_cluster_s1_c01_7001,"('lf', 'TrF', 'reductor')",0.08612967170667139,0.0
closed_G4_walking_cluster_s1_c01_7001,"('lh', 'CTr', 'extensor')",0.01358613684425801,0.0
closed_G4_walking_cluster_s1_c01_7001,"('lh', 'CTr', 'flexor')",0.0016402072340183692,0.0
closed_G4_walking_cluster_s1_c01_7001,"('lh', 'FTi', 'extensor')",0.15836949426687652,0.0
closed_G4_walking_cluster_s1_c01_7001,"('lh', 'FTi', 'flexor')",0.0017650296238399838,0.0
closed_G4_walking_cluster_s1_c01_7001,"('lh', 'ThC', 'adductor')",0.0,0.0
closed_G4_walking_cluster_s1_c01_7001,"('lh', 'ThC', 'remotor')",0.0,0.0
closed_G4_walking_cluster_s1_c01_7001,"('lh', 'ThC', 'rotator_ant')",0.035902957804284916,0.0
closed_G4_walking_cluster_s1_c01_7001,"('lh', 'ThC', 'rotator_post')",2.7788221446179092e-09,0.0
closed_G4_walking_cluster_s1_c01_7001,"('lh', 'TiTa', 'depressor')",0.0030641765494936295,0.0
closed_G4_walking_cluster_s1_c01_7001,"('lh', 'TiTa', 'levator')",0.0,0.0
closed_G4_walking_cluster_s1_c01_7001,"('lh', 'TrF', 'reductor')",0.01791288125513001,0.0
closed_G4_walking_cluster_s1_c01_7001,"('lm', 'CTr', 'extensor')",0.0012499999999999983,0.0
closed_G4_walking_cluster_s1_c01_7001,"('lm', 'CTr', 'flexor')",0.0013270007270851144,0.0
closed_G4_walking_cluster_s1_c01_7001,"('lm', 'FTi', 'extensor')",0.002949660753424317,0.0
closed_G4_walking_cluster_s1_c01_7001,"('lm', 'FTi', 'flexor')",0.0,0.0
closed_G4_walking_cluster_s1_c01_7001,"('lm', 'ThC', 'remotor')",0.0,0.0
closed_G4_walking_cluster_s1_c01_7001,"('lm', 'ThC', 'rotator_ant')",0.08093675365456378,0.0
closed_G4_walking_cluster_s1_c01_7001,"('lm', 'ThC', 'rotator_post')",2.3467083038666444e-10,0.0
closed_G4_walking_cluster_s1_c01_7001,"('lm', 'TiTa', 'depressor')",0.0,0.0
closed_G4_walking_cluster_s1_c01_7001,"('lm', 'TiTa', 'levator')",0.0,0.0
closed_G4_walking_cluster_s1_c01_7001,"('lm', 'TrF', 'reductor')",0.0008333433680072498,0.0
closed_G4_walking_cluster_s1_c01_7001,"('rf', 'CTr', 'extensor')",0.14932376600229819,0.0
closed_G4_walking_cluster_s1_c01_7001,"('rf', 'CTr', 'flexor')",0.0,0.0
closed_G4_walking_cluster_s1_c01_7001,"('rf', 'FTi', 'extensor')",0.017483981372497914,0.0
closed_G4_walking_cluster_s1_c01_7001,"('rf', 'FTi', 'flexor')",0.0044751680444529715,0.0
closed_G4_walking_cluster_s1_c01_7001,"('rf', 'ThC', 'adductor')",0.0,0.0
closed_G4_walking_cluster_s1_c01_7001,"('rf', 'ThC', 'promotor')",0.12844464806932676,0.0
closed_G4_walking_cluster_s1_c01_7001,"('rf', 'ThC', 'remotor')",0.0358104599042972,0.0
closed_G4_walking_cluster_s1_c01_7001,"('rf', 'ThC', 'rotator_ant')",2.530900317745182e-13,0.0
closed_G4_walking_cluster_s1_c01_7001,"('rf', 'ThC', 'rotator_post')",0.00033237090250018224,0.0
closed_G4_walking_cluster_s1_c01_7001,"('rf', 'TiTa', 'depressor')",0.0,0.0
closed_G4_walking_cluster_s1_c01_7001,"('rf', 'TiTa', 'levator')",0.0,0.0
closed_G4_walking_cluster_s1_c01_7001,"('rf', 'TrF', 'reductor')",0.010957804438555459,0.0
closed_G4_walking_cluster_s1_c01_7001,"('rh', 'CTr', 'extensor')",0.006261794902346959,0.0
closed_G4_walking_cluster_s1_c01_7001,"('rh', 'CTr', 'flexor')",3.8095638933798455e-10,0.0
closed_G4_walking_cluster_s1_c01_7001,"('rh', 'FTi', 'extensor')",0.11577630687340348,0.0
closed_G4_walking_cluster_s1_c01_7001,"('rh', 'FTi', 'flexor')",0.0012037059007721457,0.0
closed_G4_walking_cluster_s1_c01_7001,"('rh', 'ThC', 'adductor')",0.0,0.0
closed_G4_walking_cluster_s1_c01_7001,"('rh', 'ThC', 'remotor')",0.0,0.0
closed_G4_walking_cluster_s1_c01_7001,"('rh', 'ThC', 'rotator_ant')",0.0,0.0
closed_G4_walking_cluster_s1_c01_7001,"('rh', 'ThC', 'rotator_post')",0.02947404944407309,0.0
closed_G4_walking_cluster_s1_c01_7001,"('rh', 'TiTa', 'depressor')",0.0,0.0
closed_G4_walking_cluster_s1_c01_7001,"('rh', 'TiTa', 'levator')",0.0,0.0
closed_G4_walking_cluster_s1_c01_7001,"('rh', 'TrF', 'reductor')",0.07230748524236572,0.0
closed_G4_walking_cluster_s1_c01_7001,"('rm', 'CTr', 'extensor')",0.0016666885916253795,0.0
closed_G4_walking_cluster_s1_c01_7001,"('rm', 'CTr', 'flexor')",0.0,0.0
closed_G4_walking_cluster_s1_c01_7001,"('rm', 'FTi', 'extensor')",0.15780193077075655,0.0
closed_G4_walking_cluster_s1_c01_7001,"('rm', 'FTi', 'flexor')",2.0460638245604323e-10,0.0
closed_G4_walking_cluster_s1_c01_7001,"('rm', 'ThC', 'adductor')",0.0,0.0
closed_G4_walking_cluster_s1_c01_7001,"('rm', 'ThC', 'rotator_ant')",0.0032829316071840216,0.0
closed_G4_walking_cluster_s1_c01_7001,"('rm', 'ThC', 'rotator_post')",0.10263099786618138,0.0
closed_G4_walking_cluster_s1_c01_7001,"('rm', 'TiTa', 'depressor')",0.0,0.0
closed_G4_walking_cluster_s1_c01_7001,"('rm', 'TiTa', 'levator')",0.0,0.0
closed_G4_walking_cluster_s1_c01_7001,"('rm', 'TrF', 'reductor')",0.047796614539914566,0.0
closed_G4_walking_cluster_s1_c01_7002,"('lf', 'CTr', 'extensor')",0.1273409183947193,0.0
closed_G4_walking_cluster_s1_c01_7002,"('lf', 'CTr', 'flexor')",0.0,0.0
closed_G4_walking_cluster_s1_c01_7002,"('lf', 'FTi', 'extensor')",0.0,0.0
closed_G4_walking_cluster_s1_c01_7002,"('lf', 'FTi', 'flexor')",0.003933389396184819,0.0
closed_G4_walking_cluster_s1_c01_7002,"('lf', 'ThC', 'adductor')",0.0,0.0
closed_G4_walking_cluster_s1_c01_7002,"('lf', 'ThC', 'promotor')",0.16539334501879155,0.0
closed_G4_walking_cluster_s1_c01_7002,"('lf', 'ThC', 'remotor')",0.008438689156983478,0.0
closed_G4_walking_cluster_s1_c01_7002,"('lf', 'ThC', 'rotator_ant')",0.0,0.0
closed_G4_walking_cluster_s1_c01_7002,"('lf', 'ThC', 'rotator_post')",7.016949791928084e-09,0.0
closed_G4_walking_cluster_s1_c01_7002,"('lf', 'TiTa', 'depressor')",0.0,0.0
closed_G4_walking_cluster_s1_c01_7002,"('lf', 'TiTa', 'levator')",0.0,0.0
closed_G4_walking_cluster_s1_c01_7002,"('lf', 'TrF', 'reductor')",0.0821549279602757,0.0
closed_G4_walking_cluster_s1_c01_7002,"('lh', 'CTr', 'extensor')",0.05269399471889104,0.0
closed_G4_walking_cluster_s1_c01_7002,"('lh', 'CTr', 'flexor')",0.00016666786360966198,0.0
closed_G4_walking_cluster_s1_c01_7002,"('lh', 'FTi', 'extensor')",0.15585970385962059,0.0
closed_G4_walking_cluster_s1_c01_7002,"('lh', 'FTi', 'flexor')",0.001461286988388542,0.0
closed_G4_walking_cluster_s1_c01_7002,"('lh', 'ThC', 'adductor')",0.0,0.0
closed_G4_walking_cluster_s1_c01_7002,"('lh', 'ThC', 'remotor')",0.0,0.0
closed_G4_walking_cluster_s1_c01_7002,"('lh', 'ThC', 'rotator_ant')",0.05508340591700097,0.0
closed_G4_walking_cluster_s1_c01_7002,"('lh', 'ThC', 'rotator_post')",0.0010000026495200808,0.0
closed_G4_walking_cluster_s1_c01_7002,"('lh', 'TiTa', 'depressor')",0.0017741756193065854,0.0
closed_G4_walking_cluster_s1_c01_7002,"('lh', 'TiTa', 'levator')",0.0,0.0
closed_G4_walking_cluster_s1_c01_7002,"('lh', 'TrF', 'reductor')",0.005666172530552617,0.0
closed_G4_walking_cluster_s1_c01_7002,"('lm', 'CTr', 'extensor')",0.0008333333333333324,0.0
closed_G4_walking_cluster_s1_c01_7002,"('lm', 'CTr', 'flexor')",0.0008333337194032522,0.0
closed_G4_walking_cluster_s1_c01_7002,"('lm', 'FTi', 'extensor')",0.0020000037678566942,0.0
closed_G4_walking_cluster_s1_c01_7002,"('lm', 'FTi', 'flexor')",0.00020833333333333318,0.0
closed_G4_walking_cluster_s1_c01_7002,"('lm', 'ThC', 'remotor')",0.0,0.0
closed_G4_walking_cluster_s1_c01_7002,"('lm', 'ThC', 'rotator_ant')",0.08781515061942485,0.0
closed_G4_walking_cluster_s1_c01_7002,"('lm', 'ThC', 'rotator_post')",1.891577048988025e-11,0.0
closed_G4_walking_cluster_s1_c01_7002,"('lm', 'TiTa', 'depressor')",0.0,0.0
closed_G4_walking_cluster_s1_c01_7002,"('lm', 'TiTa', 'levator')",0.0,0.0
closed_G4_walking_cluster_s1_c01_7002,"('lm', 'TrF', 'reductor')",0.0005555555555555547,0.0
closed_G4_walking_cluster_s1_c01_7002,"('rf', 'CTr', 'extensor')",0.1524059035107259,0.0
closed_G4_walking_cluster_s1_c01_7002,"('rf', 'CTr', 'flexor')",0.0,0.0
closed_G4_walking_cluster_s1_c01_7002,"('rf', 'FTi', 'extensor')",0.010170137308662857,0.0
closed_G4_walking_cluster_s1_c01_7002,"('rf', 'FTi', 'flexor')",0.0045803631323676,0.0
closed_G4_walking_cluster_s1_c01_7002,"('rf', 'ThC', 'adductor')",0.0,0.0
closed_G4_walking_cluster_s1_c01_7002,"('rf', 'ThC', 'promotor')",0.12423018247272968,0.0
closed_G4_walking_cluster_s1_c01_7002,"('rf', 'ThC', 'remotor')",0.03958884434530013,0.0
closed_G4_walking_cluster_s1_c01_7002,"('rf', 'ThC', 'rotator_ant')",0.0,0.0
closed_G4_walking_cluster_s1_c01_7002,"('rf', 'ThC', 'rotator_post')",0.0010431433956082778,0.0
closed_G4_walking_cluster_s1_c01_7002,"('rf', 'TiTa', 'depressor')",0.0,0.0
closed_G4_walking_cluster_s1_c01_7002,"('rf', 'TiTa', 'levator')",0.0,0.0
closed_G4_walking_cluster_s1_c01_7002,"('rf', 'TrF', 'reductor')",0.00653431487360381,0.0
closed_G4_walking_cluster_s1_c01_7002,"('rh', 'CTr', 'extensor')",0.006171313539020321,0.0
closed_G4_walking_cluster_s1_c01_7002,"('rh', 'CTr', 'flexor')",1.3457480011422498e-09,0.0
closed_G4_walking_cluster_s1_c01_7002,"('rh', 'FTi', 'extensor')",0.09715723636110135,0.0
closed_G4_walking_cluster_s1_c01_7002,"('rh', 'FTi', 'flexor')",0.0008331272997093497,0.0
closed_G4_walking_cluster_s1_c01_7002,"('rh', 'ThC', 'adductor')",0.0,0.0
closed_G4_walking_cluster_s1_c01_7002,"('rh', 'ThC', 'remotor')",0.0,0.0
closed_G4_walking_cluster_s1_c01_7002,"('rh', 'ThC', 'rotator_ant')",0.0,0.0
closed_G4_walking_cluster_s1_c01_7002,"('rh', 'ThC', 'rotator_post')",0.03832565364673543,0.0
closed_G4_walking_cluster_s1_c01_7002,"('rh', 'TiTa', 'depressor')",0.0,0.0
closed_G4_walking_cluster_s1_c01_7002,"('rh', 'TiTa', 'levator')",0.0,0.0
closed_G4_walking_cluster_s1_c01_7002,"('rh', 'TrF', 'reductor')",0.06839300921645664,0.0
closed_G4_walking_cluster_s1_c01_7002,"('rm', 'CTr', 'extensor')",0.0014301563368678976,0.0
closed_G4_walking_cluster_s1_c01_7002,"('rm', 'CTr', 'flexor')",0.0,0.0
closed_G4_walking_cluster_s1_c01_7002,"('rm', 'FTi', 'extensor')",0.15494394234829628,0.0
closed_G4_walking_cluster_s1_c01_7002,"('rm', 'FTi', 'flexor')",0.0,0.0
closed_G4_walking_cluster_s1_c01_7002,"('rm', 'ThC', 'adductor')",0.0,0.0
closed_G4_walking_cluster_s1_c01_7002,"('rm', 'ThC', 'rotator_ant')",0.008664383003158554,0.0
closed_G4_walking_cluster_s1_c01_7002,"('rm', 'ThC', 'rotator_post')",0.043066585970614114,0.0
closed_G4_walking_cluster_s1_c01_7002,"('rm', 'TiTa', 'depressor')",0.0,0.0
closed_G4_walking_cluster_s1_c01_7002,"('rm', 'TiTa', 'levator')",0.0,0.0
closed_G4_walking_cluster_s1_c01_7002,"('rm', 'TrF', 'reductor')",0.04724091745665569,0.0
closed_G4_walking_cluster_s1_c01_7003,"('lf', 'CTr', 'extensor')",0.1561222089706501,0.0
closed_G4_walking_cluster_s1_c01_7003,"('lf', 'CTr', 'flexor')",5.360308273352211e-13,0.0
closed_G4_walking_cluster_s1_c01_7003,"('lf', 'FTi', 'extensor')",0.0,0.0
closed_G4_walking_cluster_s1_c01_7003,"('lf', 'FTi', 'flexor')",0.0057811287814757,0.0
closed_G4_walking_cluster_s1_c01_7003,"('lf', 'ThC', 'adductor')",0.0,0.0
closed_G4_walking_cluster_s1_c01_7003,"('lf', 'ThC', 'promotor')",0.14147315673662725,0.0
closed_G4_walking_cluster_s1_c01_7003,"('lf', 'ThC', 'remotor')",0.04032020778442924,0.0
closed_G4_walking_cluster_s1_c01_7003,"('lf', 'ThC', 'rotator_ant')",4.7620911961596444e-09,0.0
closed_G4_walking_cluster_s1_c01_7003,"('lf', 'ThC', 'rotator_post')",0.005999937189941082,0.0
closed_G4_walking_cluster_s1_c01_7003,"('lf', 'TiTa', 'depressor')",0.0,0.0
closed_G4_walking_cluster_s1_c01_7003,"('lf', 'TiTa', 'levator')",0.0,0.0
closed_G4_walking_cluster_s1_c01_7003,"('lf', 'TrF', 'reductor')",0.07167938982318033,0.0
closed_G4_walking_cluster_s1_c01_7003,"('lh', 'CTr', 'extensor')",0.021505227784874327,0.0
closed_G4_walking_cluster_s1_c01_7003,"('lh', 'CTr', 'flexor')",0.0028228879461831263,0.0
closed_G4_walking_cluster_s1_c01_7003,"('lh', 'FTi', 'extensor')",0.1560064868363656,0.0
closed_G4_walking_cluster_s1_c01_7003,"('lh', 'FTi', 'flexor')",0.0021565145184905886,0.0
closed_G4_walking_cluster_s1_c01_7003,"('lh', 'ThC', 'adductor')",0.0,0.0
closed_G4_walking_cluster_s1_c01_7003,"('lh', 'ThC', 'remotor')",0.0,0.0
closed_G4_walking_cluster_s1_c01_7003,"('lh', 'ThC', 'rotator_ant')",0.0464528706022277,0.0
closed_G4_walking_cluster_s1_c01_7003,"('lh', 'ThC', 'rotator_post')",0.0,0.0
closed_G4_walking_cluster_s1_c01_7003,"('lh', 'TiTa', 'depressor')",0.0034697967185314637,0.0
closed_G4_walking_cluster_s1_c01_7003,"('lh', 'TiTa', 'levator')",0.0,0.0
closed_G4_walking_cluster_s1_c01_7003,"('lh', 'TrF', 'reductor')",0.008263970249209298,0.0
closed_G4_walking_cluster_s1_c01_7003,"('lm', 'CTr', 'extensor')",0.00020833333333333337,0.0
closed_G4_walking_cluster_s1_c01_7003,"('lm', 'CTr', 'flexor')",0.001671504846844848,0.0
closed_G4_walking_cluster_s1_c01_7003,"('lm', 'FTi', 'extensor')",0.012666667834525185,0.0
closed_G4_walking_cluster_s1_c01_7003,"('lm', 'FTi', 'flexor')",0.0,0.0
closed_G4_walking_cluster_s1_c01_7003,"('lm', 'ThC', 'remotor')",0.0,0.0
closed_G4_walking_cluster_s1_c01_7003,"('lm', 'ThC', 'rotator_ant')",0.09411074531474198,0.0
closed_G4_walking_cluster_s1_c01_7003,"('lm', 'ThC', 'rotator_post')",2.8567266090069146e-09,0.0
closed_G4_walking_cluster_s1_c01_7003,"('lm', 'TiTa', 'depressor')",0.0,0.0
closed_G4_walking_cluster_s1_c01_7003,"('lm', 'TiTa', 'levator')",0.0,0.0
closed_G4_walking_cluster_s1_c01_7003,"('lm', 'TrF', 'reductor')",0.0005555555555555547,0.0
closed_G4_walking_cluster_s1_c01_7003,"('rf', 'CTr', 'extensor')",0.17950964957586757,0.0
closed_G4_walking_cluster_s1_c01_7003,"('rf', 'CTr', 'flexor')",0.0,0.0
closed_G4_walking_cluster_s1_c01_7003,"('rf', 'FTi', 'extensor')",0.025298450135680835,0.0
closed_G4_walking_cluster_s1_c01_7003,"('rf', 'FTi', 'flexor')",0.003986042654974454,0.0
closed_G4_walking_cluster_s1_c01_7003,"('rf', 'ThC', 'adductor')",0.0,0.0
closed_G4_walking_cluster_s1_c01_7003,"('rf', 'ThC', 'promotor')",0.11677474617043385,0.0
closed_G4_walking_cluster_s1_c01_7003,"('rf', 'ThC', 'remotor')",0.046473782310253606,0.0
closed_G4_walking_cluster_s1_c01_7003,"('rf', 'ThC', 'rotator_ant')",0.0,0.0
closed_G4_walking_cluster_s1_c01_7003,"('rf', 'ThC', 'rotator_post')",0.008049071895215603,0.0
closed_G4_walking_cluster_s1_c01_7003,"('rf', 'TiTa', 'depressor')",0.0001282051282051282,0.0
closed_G4_walking_cluster_s1_c01_7003,"('rf', 'TiTa', 'levator')",0.0,0.0
closed_G4_walking_cluster_s1_c01_7003,"('rf', 'TrF', 'reductor')",0.006939615387606718,0.0
closed_G4_walking_cluster_s1_c01_7003,"('rh', 'CTr', 'extensor')",0.0037560675833804005,0.0
closed_G4_walking_cluster_s1_c01_7003,"('rh', 'CTr', 'flexor')",0.00016666716614259402,0.0
closed_G4_walking_cluster_s1_c01_7003,"('rh', 'FTi', 'extensor')",0.11838961479675335,0.0
closed_G4_walking_cluster_s1_c01_7003,"('rh', 'FTi', 'flexor')",0.0012058934780537424,0.0
closed_G4_walking_cluster_s1_c01_7003,"('rh', 'ThC', 'adductor')",0.0,0.0
closed_G4_walking_cluster_s1_c01_7003,"('rh', 'ThC', 'remotor')",0.0,0.0
closed_G4_walking_cluster_s1_c01_7003,"('rh', 'ThC', 'rotator_ant')",0.0006666748261945647,0.0
closed_G4_walking_cluster_s1_c01_7003,"('rh', 'ThC', 'rotator_post')",0.04029656060764648,0.0
closed_G4_walking_cluster_s1_c01_7003,"('rh', 'TiTa', 'depressor')",0.0,0.0
closed_G4_walking_cluster_s1_c01_7003,"('rh', 'TiTa', 'levator')",0.0,0.0
closed_G4_walking_cluster_s1_c01_7003,"('rh', 'TrF', 'reductor')",0.06545059358972354,0.0
closed_G4_walking_cluster_s1_c01_7003,"('rm', 'CTr', 'extensor')",0.007705822341023744,0.0
closed_G4_walking_cluster_s1_c01_7003,"('rm', 'CTr', 'flexor')",0.0,0.0
closed_G4_walking_cluster_s1_c01_7003,"('rm', 'FTi', 'extensor')",0.172061146566825,0.0
closed_G4_walking_cluster_s1_c01_7003,"('rm', 'FTi', 'flexor')",0.0,0.0
closed_G4_walking_cluster_s1_c01_7003,"('rm', 'ThC', 'adductor')",0.0,0.0
closed_G4_walking_cluster_s1_c01_7003,"('rm', 'ThC', 'rotator_ant')",0.014334533304466296,0.0
closed_G4_walking_cluster_s1_c01_7003,"('rm', 'ThC', 'rotator_post')",0.03747245180748561,0.0
closed_G4_walking_cluster_s1_c01_7003,"('rm', 'TiTa', 'depressor')",0.0,0.0
closed_G4_walking_cluster_s1_c01_7003,"('rm', 'TiTa', 'levator')",0.0,0.0
closed_G4_walking_cluster_s1_c01_7003,"('rm', 'TrF', 'reductor')",0.04728146577346068,0.0
closed_G4_walking_cluster_s1_c01_7004,"('lf', 'CTr', 'extensor')",0.13264316957106484,0.0
closed_G4_walking_cluster_s1_c01_7004,"('lf', 'CTr', 'flexor')",3.445203791808453e-13,0.0
closed_G4_walking_cluster_s1_c01_7004,"('lf', 'FTi', 'extensor')",0.0003324647390658665,0.0
closed_G4_walking_cluster_s1_c01_7004,"('lf', 'FTi', 'flexor')",0.004578188577406566,0.0
closed_G4_walking_cluster_s1_c01_7004,"('lf', 'ThC', 'adductor')",0.0,0.0
closed_G4_walking_cluster_s1_c01_7004,"('lf', 'ThC', 'promotor')",0.137529559149129,0.0
closed_G4_walking_cluster_s1_c01_7004,"('lf', 'ThC', 'remotor')",0.033339557281369316,0.0
closed_G4_walking_cluster_s1_c01_7004,"('lf', 'ThC', 'rotator_ant')",0.0,0.0
closed_G4_walking_cluster_s1_c01_7004,"('lf', 'ThC', 'rotator_post')",0.004333329473148242,0.0
closed_G4_walking_cluster_s1_c01_7004,"('lf', 'TiTa', 'depressor')",0.0,0.0
closed_G4_walking_cluster_s1_c01_7004,"('lf', 'TiTa', 'levator')",0.0,0.0
closed_G4_walking_cluster_s1_c01_7004,"('lf', 'TrF', 'reductor')",0.07223432138999704,0.0
closed_G4_walking_cluster_s1_c01_7004,"('lh', 'CTr', 'extensor')",0.022793714873626126,0.0
closed_G4_walking_cluster_s1_c01_7004,"('lh', 'CTr', 'flexor')",0.0011666673981269682,0.0
closed_G4_walking_cluster_s1_c01_7004,"('lh', 'FTi', 'extensor')",0.15245043109713852,0.0
closed_G4_walking_cluster_s1_c01_7004,"('lh', 'FTi', 'flexor')",0.003039243928102872,0.0
closed_G4_walking_cluster_s1_c01_7004,"('lh', 'ThC', 'adductor')",0.0,0.0
closed_G4_walking_cluster_s1_c01_7004,"('lh', 'ThC', 'remotor')",0.0,0.0
closed_G4_walking_cluster_s1_c01_7004,"('lh', 'ThC', 'rotator_ant')",0.033823987394900404,0.0
closed_G4_walking_cluster_s1_c01_7004,"('lh', 'ThC', 'rotator_post')",0.0005832186367525151,0.0
closed_G4_walking_cluster_s1_c01_7004,"('lh', 'TiTa', 'depressor')",0.0016667899207804158,0.0
closed_G4_walking_cluster_s1_c01_7004,"('lh', 'TiTa', 'levator')",0.0,0.0
closed_G4_walking_cluster_s1_c01_7004,"('lh', 'TrF', 'reductor')",0.021615934379146808,0.0
closed_G4_walking_cluster_s1_c01_7004,"('lm', 'CTr', 'extensor')",0.00020833333333333337,0.0
closed_G4_walking_cluster_s1_c01_7004,"('lm', 'CTr', 'flexor')",0.0007948087446628031,0.0
closed_G4_walking_cluster_s1_c01_7004,"('lm', 'FTi', 'extensor')",0.0016807931728073282,0.0
closed_G4_walking_cluster_s1_c01_7004,"('lm', 'FTi', 'flexor')",0.0,0.0
closed_G4_walking_cluster_s1_c01_7004,"('lm', 'ThC', 'remotor')",0.0,0.0
closed_G4_walking_cluster_s1_c01_7004,"('lm', 'ThC', 'rotator_ant')",0.06903410874224247,0.0
closed_G4_walking_cluster_s1_c01_7004,"('lm', 'ThC', 'rotator_post')",2.202560686091265e-09,0.0
closed_G4_walking_cluster_s1_c01_7004,"('lm', 'TiTa', 'depressor')",0.0,0.0
closed_G4_walking_cluster_s1_c01_7004,"('lm', 'TiTa', 'levator')",0.0,0.0
closed_G4_walking_cluster_s1_c01_7004,"('lm', 'TrF', 'reductor')",0.0011111111111111107,0.0
closed_G4_walking_cluster_s1_c01_7004,"('rf', 'CTr', 'extensor')",0.1407449292400803,0.0
closed_G4_walking_cluster_s1_c01_7004,"('rf', 'CTr', 'flexor')",0.0,0.0
closed_G4_walking_cluster_s1_c01_7004,"('rf', 'FTi', 'extensor')",0.00634284145400923,0.0
closed_G4_walking_cluster_s1_c01_7004,"('rf', 'FTi', 'flexor')",0.003503356134448125,0.0
closed_G4_walking_cluster_s1_c01_7004,"('rf', 'ThC', 'adductor')",0.0,0.0
closed_G4_walking_cluster_s1_c01_7004,"('rf', 'ThC', 'promotor')",0.10079038036445369,0.0
closed_G4_walking_cluster_s1_c01_7004,"('rf', 'ThC', 'remotor')",0.046071466144327604,0.0
closed_G4_walking_cluster_s1_c01_7004,"('rf', 'ThC', 'rotator_ant')",0.0,0.0
closed_G4_walking_cluster_s1_c01_7004,"('rf', 'ThC', 'rotator_post')",0.0066611917063802185,0.0
closed_G4_walking_cluster_s1_c01_7004,"('rf', 'TiTa', 'depressor')",0.0,0.0
closed_G4_walking_cluster_s1_c01_7004,"('rf', 'TiTa', 'levator')",0.0,0.0
closed_G4_walking_cluster_s1_c01_7004,"('rf', 'TrF', 'reductor')",0.010408877808506625,0.0
closed_G4_walking_cluster_s1_c01_7004,"('rh', 'CTr', 'extensor')",0.01453979347642109,0.0
closed_G4_walking_cluster_s1_c01_7004,"('rh', 'CTr', 'flexor')",6.115168666432174e-10,0.0
closed_G4_walking_cluster_s1_c01_7004,"('rh', 'FTi', 'extensor')",0.1070705292931213,0.0
closed_G4_walking_cluster_s1_c01_7004,"('rh', 'FTi', 'flexor')",0.0012036615226875482,0.0
closed_G4_walking_cluster_s1_c01_7004,"('rh', 'ThC', 'adductor')",0.0,0.0
closed_G4_walking_cluster_s1_c01_7004,"('rh', 'ThC', 'remotor')",0.0,0.0
closed_G4_walking_cluster_s1_c01_7004,"('rh', 'ThC', 'rotator_ant')",1.428707966171337e-08,0.0
closed_G4_walking_cluster_s1_c01_7004,"('rh', 'ThC', 'rotator_post')",0.04494918740698977,0.0
closed_G4_walking_cluster_s1_c01_7004,"('rh', 'TiTa', 'depressor')",0.0,0.0
closed_G4_walking_cluster_s1_c01_7004,"('rh', 'TiTa', 'levator')",0.0,0.0
closed_G4_walking_cluster_s1_c01_7004,"('rh', 'TrF', 'reductor')",0.05620123143826955,0.0
closed_G4_walking_cluster_s1_c01_7004,"('rm', 'CTr', 'extensor')",0.0018760558679769854,0.0
closed_G4_walking_cluster_s1_c01_7004,"('rm', 'CTr', 'flexor')",0.0,0.0
closed_G4_walking_cluster_s1_c01_7004,"('rm', 'FTi', 'extensor')",0.14276375731930072,0.0
closed_G4_walking_cluster_s1_c01_7004,"('rm', 'FTi', 'flexor')",3.3791510078248398e-12,0.0
closed_G4_walking_cluster_s1_c01_7004,"('rm', 'ThC', 'adductor')",0.0,0.0
closed_G4_walking_cluster_s1_c01_7004,"('rm', 'ThC', 'rotator_ant')",0.00033333333338596695,0.0
closed_G4_walking_cluster_s1_c01_7004,"('rm', 'ThC', 'rotator_post')",0.12113007530138983,0.0
closed_G4_walking_cluster_s1_c01_7004,"('rm', 'TiTa', 'depressor')",0.0,0.0
closed_G4_walking_cluster_s1_c01_7004,"('rm', 'TiTa', 'levator')",0.0,0.0
closed_G4_walking_cluster_s1_c01_7004,"('rm', 'TrF', 'reductor')",0.05334452418898861,0.0
closed_G4_walking_cluster_s1_c10_7000,"('lf', 'CTr', 'extensor')",0.12647953316535598,0.0
closed_G4_walking_cluster_s1_c10_7000,"('lf', 'CTr', 'flexor')",0.0,0.0
closed_G4_walking_cluster_s1_c10_7000,"('lf', 'FTi', 'extensor')",0.003000002507886979,0.0
closed_G4_walking_cluster_s1_c10_7000,"('lf', 'FTi', 'flexor')",0.002350119699568711,0.0
closed_G4_walking_cluster_s1_c10_7000,"('lf', 'ThC', 'adductor')",0.0,0.0
closed_G4_walking_cluster_s1_c10_7000,"('lf', 'ThC', 'promotor')",0.17702824399453812,0.0
closed_G4_walking_cluster_s1_c10_7000,"('lf', 'ThC', 'remotor')",0.02856801572261783,0.0
closed_G4_walking_cluster_s1_c10_7000,"('lf', 'ThC', 'rotator_ant')",0.0,0.0
closed_G4_walking_cluster_s1_c10_7000,"('lf', 'ThC', 'rotator_post')",0.00400000273361331,0.0
closed_G4_walking_cluster_s1_c10_7000,"('lf', 'TiTa', 'depressor')",0.0,0.0
closed_G4_walking_cluster_s1_c10_7000,"('lf', 'TiTa', 'levator')",0.0,0.0
closed_G4_walking_cluster_s1_c10_7000,"('lf', 'TrF', 'reductor')",0.09013785553404381,0.0
closed_G4_walking_cluster_s1_c10_7000,"('lh', 'CTr', 'extensor')",0.062221381216895424,0.0
closed_G4_walking_cluster_s1_c10_7000,"('lh', 'CTr', 'flexor')",9.354484721692789e-11,0.0
closed_G4_walking_cluster_s1_c10_7000,"('lh', 'FTi', 'extensor')",0.14670827448954163,0.0
closed_G4_walking_cluster_s1_c10_7000,"('lh', 'FTi', 'flexor')",0.014815171007721523,0.0
closed_G4_walking_cluster_s1_c10_7000,"('lh', 'ThC', 'adductor')",0.0,0.0
closed_G4_walking_cluster_s1_c10_7000,"('lh', 'ThC', 'remotor')",0.0,0.0
closed_G4_walking_cluster_s1_c10_7000,"('lh', 'ThC', 'rotator_ant')",0.03962205359584838,0.0
closed_G4_walking_cluster_s1_c10_7000,"('lh', 'ThC', 'rotator_post')",0.0009874919535962944,0.0
closed_G4_walking_cluster_s1_c10_7000,"('lh', 'TiTa', 'depressor')",0.012066784199831107,0.0
closed_G4_walking_cluster_s1_c10_7000,"('lh', 'TiTa', 'levator')",0.0,0.0
closed_G4_walking_cluster_s1_c10_7000,"('lh', 'TrF', 'reductor')",0.007783235671394188,0.0
closed_G4_walking_cluster_s1_c10_7000,"('lm', 'CTr', 'extensor')",0.0018750073218679365,0.0
closed_G4_walking_cluster_s1_c10_7000,"('lm', 'CTr', 'flexor')",0.0006806908862978373,0.0
closed_G4_walking_cluster_s1_c10_7000,"('lm', 'FTi', 'extensor')",0.0010014617407795878,0.0
closed_G4_walking_cluster_s1_c10_7000,"('lm', 'FTi', 'flexor')",0.0004222610438751047,0.0
closed_G4_walking_cluster_s1_c10_7000,"('lm', 'ThC', 'remotor')",0.0,0.0
closed_G4_walking_cluster_s1_c10_7000,"('lm', 'ThC', 'rotator_ant')",0.09582139334741231,0.0
closed_G4_walking_cluster_s1_c10_7000,"('lm', 'ThC', 'rotator_post')",0.0,0.0
closed_G4_walking_cluster_s1_c10_7000,"('lm', 'TiTa', 'depressor')",0.0,0.0
closed_G4_walking_cluster_s1_c10_7000,"('lm', 'TiTa', 'levator')",0.0,0.0
closed_G4_walking_cluster_s1_c10_7000,"('lm', 'TrF', 'reductor')",0.0005555555555555549,0.0
closed_G4_walking_cluster_s1_c10_7000,"('rf', 'CTr', 'extensor')",0.17403515416449766,0.0
closed_G4_walking_cluster_s1_c10_7000,"('rf', 'CTr', 'flexor')",0.0,0.0
closed_G4_walking_cluster_s1_c10_7000,"('rf', 'FTi', 'extensor')",0.022179392947507863,0.0
closed_G4_walking_cluster_s1_c10_7000,"('rf', 'FTi', 'flexor')",0.004348976084136463,0.0
closed_G4_walking_cluster_s1_c10_7000,"('rf', 'ThC', 'adductor')",0.0,0.0
closed_G4_walking_cluster_s1_c10_7000,"('rf', 'ThC', 'promotor')",0.12929902052159517,0.0
closed_G4_walking_cluster_s1_c10_7000,"('rf', 'ThC', 'remotor')",0.0424839763417202,0.0
closed_G4_walking_cluster_s1_c10_7000,"('rf', 'ThC', 'rotator_ant')",9.253486894013945e-14,0.0
closed_G4_walking_cluster_s1_c10_7000,"('rf', 'ThC', 'rotator_post')",0.005755459551963104,0.0
closed_G4_walking_cluster_s1_c10_7000,"('rf', 'TiTa', 'depressor')",0.00025319476165492786,0.0
closed_G4_walking_cluster_s1_c10_7000,"('rf', 'TiTa', 'levator')",0.0,0.0
closed_G4_walking_cluster_s1_c10_7000,"('rf', 'TrF', 'reductor')",0.005555555598843222,0.0
closed_G4_walking_cluster_s1_c10_7000,"('rh', 'CTr', 'extensor')",0.012644932890116386,0.0
closed_G4_walking_cluster_s1_c10_7000,"('rh', 'CTr', 'flexor')",0.0,0.0
closed_G4_walking_cluster_s1_c10_7000,"('rh', 'FTi', 'extensor')",0.08194972895026627,0.0
closed_G4_walking_cluster_s1_c10_7000,"('rh', 'FTi', 'flexor')",0.007414535615773127,0.0
closed_G4_walking_cluster_s1_c10_7000,"('rh', 'ThC', 'adductor')",0.0,0.0
closed_G4_walking_cluster_s1_c10_7000,"('rh', 'ThC', 'remotor')",0.0,0.0
closed_G4_walking_cluster_s1_c10_7000,"('rh', 'ThC', 'rotator_ant')",2.4938492633446116e-10,0.0
closed_G4_walking_cluster_s1_c10_7000,"('rh', 'ThC', 'rotator_post')",0.017569621631322304,0.0
closed_G4_walking_cluster_s1_c10_7000,"('rh', 'TiTa', 'depressor')",0.0,0.0
closed_G4_walking_cluster_s1_c10_7000,"('rh', 'TiTa', 'levator')",0.0,0.0
closed_G4_walking_cluster_s1_c10_7000,"('rh', 'TrF', 'reductor')",0.07896063767342165,0.0
closed_G4_walking_cluster_s1_c10_7000,"('rm', 'CTr', 'extensor')",0.009526125937493265,0.0
closed_G4_walking_cluster_s1_c10_7000,"('rm', 'CTr', 'flexor')",5.457328877637121e-12,0.0
closed_G4_walking_cluster_s1_c10_7000,"('rm', 'FTi', 'extensor')",0.11931024933384292,0.0
closed_G4_walking_cluster_s1_c10_7000,"('rm', 'FTi', 'flexor')",8.655092239520083e-10,0.0
closed_G4_walking_cluster_s1_c10_7000,"('rm', 'ThC', 'adductor')",0.0,0.0
closed_G4_walking_cluster_s1_c10_7000,"('rm', 'ThC', 'rotator_ant')",0.006929440206875569,0.0
closed_G4_walking_cluster_s1_c10_7000,"('rm', 'ThC', 'rotator_post')",0.08047763113289977,0.0
closed_G4_walking_cluster_s1_c10_7000,"('rm', 'TiTa', 'depressor')",0.0,0.0
closed_G4_walking_cluster_s1_c10_7000,"('rm', 'TiTa', 'levator')",0.0,0.0
closed_G4_walking_cluster_s1_c10_7000,"('rm', 'TrF', 'reductor')",0.04366093902268955,0.0
closed_G4_walking_cluster_s1_c10_7001,"('lf', 'CTr', 'extensor')",0.1254779020385907,0.0
closed_G4_walking_cluster_s1_c10_7001,"('lf', 'CTr', 'flexor')",0.0,0.0
closed_G4_walking_cluster_s1_c10_7001,"('lf', 'FTi', 'extensor')",0.0013333333333333333,0.0
closed_G4_walking_cluster_s1_c10_7001,"('lf', 'FTi', 'flexor')",0.0014627473148708697,0.0
closed_G4_walking_cluster_s1_c10_7001,"('lf', 'ThC', 'adductor')",0.0,0.0
closed_G4_walking_cluster_s1_c10_7001,"('lf', 'ThC', 'promotor')",0.19338130155316335,0.0
closed_G4_walking_cluster_s1_c10_7001,"('lf', 'ThC', 'remotor')",0.005001577004322158,0.0
closed_G4_walking_cluster_s1_c10_7001,"('lf', 'ThC', 'rotator_ant')",2.510437663061623e-09,0.0
closed_G4_walking_cluster_s1_c10_7001,"('lf', 'ThC', 'rotator_post')",1.997336943076407e-13,0.0
closed_G4_walking_cluster_s1_c10_7001,"('lf', 'TiTa', 'depressor')",0.0,0.0
closed_G4_walking_cluster_s1_c10_7001,"('lf', 'TiTa', 'levator')",0.0,0.0
closed_G4_walking_cluster_s1_c10_7001,"('lf', 'TrF', 'reductor')",0.09191574640695664,0.0
closed_G4_walking_cluster_s1_c10_7001,"('lh', 'CTr', 'extensor')",0.04476256529661047,0.0
closed_G4_walking_cluster_s1_c10_7001,"('lh', 'CTr', 'flexor')",0.0,0.0
closed_G4_walking_cluster_s1_c10_7001,"('lh', 'FTi', 'extensor')",0.14330986698499878,0.0
closed_G4_walking_cluster_s1_c10_7001,"('lh', 'FTi', 'flexor')",0.01737018243311058,0.0
closed_G4_walking_cluster_s1_c10_7001,"('lh', 'ThC', 'adductor')",0.0,0.0
closed_G4_walking_cluster_s1_c10_7001,"('lh', 'ThC', 'remotor')",0.0,0.0
closed_G4_walking_cluster_s1_c10_7001,"('lh', 'ThC', 'rotator_ant')",0.027869443856728304,0.0
closed_G4_walking_cluster_s1_c10_7001,"('lh', 'ThC', 'rotator_post')",9.091919702572143e-08,0.0
closed_G4_walking_cluster_s1_c10_7001,"('lh', 'TiTa', 'depressor')",0.005619201111733087,0.0
closed_G4_walking_cluster_s1_c10_7001,"('lh', 'TiTa', 'levator')",0.0,0.0
closed_G4_walking_cluster_s1_c10_7001,"('lh', 'TrF', 'reductor')",0.032392732063386345,0.0
closed_G4_walking_cluster_s1_c10_7001,"('lm', 'CTr', 'extensor')",0.0022086233643732783,0.0
closed_G4_walking_cluster_s1_c10_7001,"('lm', 'CTr', 'flexor')",0.00016666666666666666,0.0
closed_G4_walking_cluster_s1_c10_7001,"('lm', 'FTi', 'extensor')",0.0006666666666666655,0.0
closed_G4_walking_cluster_s1_c10_7001,"('lm', 'FTi', 'flexor')",0.0006676310429845558,0.0
closed_G4_walking_cluster_s1_c10_7001,"('lm', 'ThC', 'remotor')",0.0,0.0
closed_G4_walking_cluster_s1_c10_7001,"('lm', 'ThC', 'rotator_ant')",0.07189157867302408,0.0
closed_G4_walking_cluster_s1_c10_7001,"('lm', 'ThC', 'rotator_post')",8.435638598248489e-09,0.0
closed_G4_walking_cluster_s1_c10_7001,"('lm', 'TiTa', 'depressor')",0.0,0.0
closed_G4_walking_cluster_s1_c10_7001,"('lm', 'TiTa', 'levator')",0.0,0.0
closed_G4_walking_cluster_s1_c10_7001,"('lm', 'TrF', 'reductor')",1.860586405494143e-07,0.0
closed_G4_walking_cluster_s1_c10_7001,"('rf', 'CTr', 'extensor')",0.14698066344475533,0.0
closed_G4_walking_cluster_s1_c10_7001,"('rf', 'CTr', 'flexor')",0.0,0.0
closed_G4_walking_cluster_s1_c10_7001,"('rf', 'FTi', 'extensor')",0.017655385918942508,0.0
closed_G4_walking_cluster_s1_c10_7001,"('rf', 'FTi', 'flexor')",0.005383194109240955,0.0
closed_G4_walking_cluster_s1_c10_7001,"('rf', 'ThC', 'adductor')",0.0,0.0
closed_G4_walking_cluster_s1_c10_7001,"('rf', 'ThC', 'promotor')",0.15020947819413125,0.0
closed_G4_walking_cluster_s1_c10_7001,"('rf', 'ThC', 'remotor')",0.037691597348493325,0.0
closed_G4_walking_cluster_s1_c10_7001,"('rf', 'ThC', 'rotator_ant')",1.9389693628207733e-13,0.0
closed_G4_walking_cluster_s1_c10_7001,"('rf', 'ThC', 'rotator_post')",0.0003333333338927105,0.0
closed_G4_walking_cluster_s1_c10_7001,"('rf', 'TiTa', 'depressor')",0.0,0.0
closed_G4_walking_cluster_s1_c10_7001,"('rf', 'TiTa', 'levator')",0.0,0.0
closed_G4_walking_cluster_s1_c10_7001,"('rf', 'TrF', 'reductor')",0.01269701399246839,0.0
closed_G4_walking_cluster_s1_c10_7001,"('rh', 'CTr', 'extensor')",0.018785594137008806,0.0
closed_G4_walking_cluster_s1_c10_7001,"('rh', 'CTr', 'flexor')",1.7293459692820565e-12,0.0
closed_G4_walking_cluster_s1_c10_7001,"('rh', 'FTi', 'extensor')",0.08450857447804579,0.0
closed_G4_walking_cluster_s1_c10_7001,"('rh', 'FTi', 'flexor')",0.011137553293909334,0.0
closed_G4_walking_cluster_s1_c10_7001,"('rh', 'ThC', 'adductor')",0.0,0.0
closed_G4_walking_cluster_s1_c10_7001,"('rh', 'ThC', 'remotor')",0.0,0.0
closed_G4_walking_cluster_s1_c10_7001,"('rh', 'ThC', 'rotator_ant')",0.0,0.0
closed_G4_walking_cluster_s1_c10_7001,"('rh', 'ThC', 'rotator_post')",0.017542901763693202,0.0
closed_G4_walking_cluster_s1_c10_7001,"('rh', 'TiTa', 'depressor')",0.0,0.0
closed_G4_walking_cluster_s1_c10_7001,"('rh', 'TiTa', 'levator')",0.0,0.0
closed_G4_walking_cluster_s1_c10_7001,"('rh', 'TrF', 'reductor')",0.09006833394571037,0.0
closed_G4_walking_cluster_s1_c10_7001,"('rm', 'CTr', 'extensor')",0.0062022521453843375,0.0
closed_G4_walking_cluster_s1_c10_7001,"('rm', 'CTr', 'flexor')",8.71706268758395e-10,0.0
closed_G4_walking_cluster_s1_c10_7001,"('rm', 'FTi', 'extensor')",0.11019825127260843,0.0
closed_G4_walking_cluster_s1_c10_7001,"('rm', 'FTi', 'flexor')",2.050357251941563e-10,0.0
closed_G4_walking_cluster_s1_c10_7001,"('rm', 'ThC', 'adductor')",0.0,0.0
closed_G4_walking_cluster_s1_c10_7001,"('rm', 'ThC', 'rotator_ant')",0.0009994260898766164,0.0
closed_G4_walking_cluster_s1_c10_7001,"('rm', 'ThC', 'rotator_post')",0.12342241122747327,0.0
closed_G4_walking_cluster_s1_c10_7001,"('rm', 'TiTa', 'depressor')",0.0,0.0
closed_G4_walking_cluster_s1_c10_7001,"('rm', 'TiTa', 'levator')",0.0,0.0
closed_G4_walking_cluster_s1_c10_7001,"('rm', 'TrF', 'reductor')",0.05231221951897575,0.0
closed_G4_walking_cluster_s1_c10_7002,"('lf', 'CTr', 'extensor')",0.12086701223767746,0.0
closed_G4_walking_cluster_s1_c10_7002,"('lf', 'CTr', 'flexor')",0.0,0.0
closed_G4_walking_cluster_s1_c10_7002,"('lf', 'FTi', 'extensor')",0.0019999999983639953,0.0
closed_G4_walking_cluster_s1_c10_7002,"('lf', 'FTi', 'flexor')",0.001078396772028831,0.0
closed_G4_walking_cluster_s1_c10_7002,"('lf', 'ThC', 'adductor')",0.0,0.0
closed_G4_walking_cluster_s1_c10_7002,"('lf', 'ThC', 'promotor')",0.1891802548836303,0.0
closed_G4_walking_cluster_s1_c10_7002,"('lf', 'ThC', 'remotor')",0.006031912639453923,0.0
closed_G4_walking_cluster_s1_c10_7002,"('lf', 'ThC', 'rotator_ant')",0.0,0.0
closed_G4_walking_cluster_s1_c10_7002,"('lf', 'ThC', 'rotator_post')",3.78490347107193e-08,0.0
closed_G4_walking_cluster_s1_c10_7002,"('lf', 'TiTa', 'depressor')",0.0,0.0
closed_G4_walking_cluster_s1_c10_7002,"('lf', 'TiTa', 'levator')",0.0,0.0
closed_G4_walking_cluster_s1_c10_7002,"('lf', 'TrF', 'reductor')",0.0950660340140804,0.0
closed_G4_walking_cluster_s1_c10_7002,"('lh', 'CTr', 'extensor')",0.049909479532979334,0.0
closed_G4_walking_cluster_s1_c10_7002,"('lh', 'CTr', 'flexor')",1.6569453854970706e-11,0.0
closed_G4_walking_cluster_s1_c10_7002,"('lh', 'FTi', 'extensor')",0.1390252119349271,0.0
closed_G4_walking_cluster_s1_c10_7002,"('lh', 'FTi', 'flexor')",0.013391267347920292,0.0
closed_G4_walking_cluster_s1_c10_7002,"('lh', 'ThC', 'adductor')",0.0,0.0
closed_G4_walking_cluster_s1_c10_7002,"('lh', 'ThC', 'remotor')",0.0,0.0
closed_G4_walking_cluster_s1_c10_7002,"('lh', 'ThC', 'rotator_ant')",0.04393239090940847,0.0
closed_G4_walking_cluster_s1_c10_7002,"('lh', 'ThC', 'rotator_post')",0.0003333348348979103,0.0
closed_G4_walking_cluster_s1_c10_7002,"('lh', 'TiTa', 'depressor')",0.0077605083605653295,0.0
closed_G4_walking_cluster_s1_c10_7002,"('lh', 'TiTa', 'levator')",0.0,0.0
closed_G4_walking_cluster_s1_c10_7002,"('lh', 'TrF', 'reductor')",0.016999491856476014,0.0
closed_G4_walking_cluster_s1_c10_7002,"('lm', 'CTr', 'extensor')",0.0026699979393046396,0.0
closed_G4_walking_cluster_s1_c10_7002,"('lm', 'CTr', 'flexor')",0.000833333333333324,0.0
closed_G4_walking_cluster_s1_c10_7002,"('lm', 'FTi', 'extensor')",0.0,0.0
closed_G4_walking_cluster_s1_c10_7002,"('lm', 'FTi', 'flexor')",0.0008333333333333307,0.0
closed_G4_walking_cluster_s1_c10_7002,"('lm', 'ThC', 'remotor')",0.0,0.0
closed_G4_walking_cluster_s1_c10_7002,"('lm', 'ThC', 'rotator_ant')",0.09605419179569126,0.0
closed_G4_walking_cluster_s1_c10_7002,"('lm', 'ThC', 'rotator_post')",1.3717227321200427e-09,0.0
closed_G4_walking_cluster_s1_c10_7002,"('lm', 'TiTa', 'depressor')",0.0,0.0
closed_G4_walking_cluster_s1_c10_7002,"('lm', 'TiTa', 'levator')",0.0,0.0
closed_G4_walking_cluster_s1_c10_7002,"('lm', 'TrF', 'reductor')",0.0008333333333333332,0.0
closed_G4_walking_cluster_s1_c10_7002,"('rf', 'CTr', 'extensor')",0.15282891789205927,0.0
closed_G4_walking_cluster_s1_c10_7002,"('rf', 'CTr', 'flexor')",0.0,0.0
closed_G4_walking_cluster_s1_c10_7002,"('rf', 'FTi', 'extensor')",0.020036950036657418,0.0
closed_G4_walking_cluster_s1_c10_7002,"('rf', 'FTi', 'flexor')",0.005043183774880957,0.0
closed_G4_walking_cluster_s1_c10_7002,"('rf', 'ThC', 'adductor')",0.0,0.0
closed_G4_walking_cluster_s1_c10_7002,"('rf', 'ThC', 'promotor')",0.15681945647711767,0.0
closed_G4_walking_cluster_s1_c10_7002,"('rf', 'ThC', 'remotor')",0.03232377427487536,0.0
closed_G4_walking_cluster_s1_c10_7002,"('rf', 'ThC', 'rotator_ant')",0.0,0.0
closed_G4_walking_cluster_s1_c10_7002,"('rf', 'ThC', 'rotator_post')",8.994098238474252e-05,0.0
closed_G4_walking_cluster_s1_c10_7002,"('rf', 'TiTa', 'depressor')",0.0,0.0
closed_G4_walking_cluster_s1_c10_7002,"('rf', 'TiTa', 'levator')",0.0,0.0
closed_G4_walking_cluster_s1_c10_7002,"('rf', 'TrF', 'reductor')",0.010442228680697756,0.0
closed_G4_walking_cluster_s1_c10_7002,"('rh', 'CTr', 'extensor')",0.016727756315819575,0.0
closed_G4_walking_cluster_s1_c10_7002,"('rh', 'CTr', 'flexor')",9.669837969836267e-13,0.0
closed_G4_walking_cluster_s1_c10_7002,"('rh', 'FTi', 'extensor')",0.0751735382208972,0.0
closed_G4_walking_cluster_s1_c10_7002,"('rh', 'FTi', 'flexor')",0.00750544979088462,0.0
closed_G4_walking_cluster_s1_c10_7002,"('rh', 'ThC', 'adductor')",0.0,0.0
closed_G4_walking_cluster_s1_c10_7002,"('rh', 'ThC', 'remotor')",0.0,0.0
closed_G4_walking_cluster_s1_c10_7002,"('rh', 'ThC', 'rotator_ant')",0.0,0.0
closed_G4_walking_cluster_s1_c10_7002,"('rh', 'ThC', 'rotator_post')",0.030332655661901162,0.0
closed_G4_walking_cluster_s1_c10_7002,"('rh', 'TiTa', 'depressor')",0.0,0.0
closed_G4_walking_cluster_s1_c10_7002,"('rh', 'TiTa', 'levator')",0.0,0.0
closed_G4_walking_cluster_s1_c10_7002,"('rh', 'TrF', 'reductor')",0.08038883292457072,0.0
closed_G4_walking_cluster_s1_c10_7002,"('rm', 'CTr', 'extensor')",0.0038945723624690047,0.0
closed_G4_walking_cluster_s1_c10_7002,"('rm', 'CTr', 'flexor')",0.0,0.0
closed_G4_walking_cluster_s1_c10_7002,"('rm', 'FTi', 'extensor')",0.10653949003194674,0.0
closed_G4_walking_cluster_s1_c10_7002,"('rm', 'FTi', 'flexor')",2.6147226347887745e-12,0.0
closed_G4_walking_cluster_s1_c10_7002,"('rm', 'ThC', 'adductor')",0.0,0.0
closed_G4_walking_cluster_s1_c10_7002,"('rm', 'ThC', 'rotator_ant')",0.010716202969341573,0.0
closed_G4_walking_cluster_s1_c10_7002,"('rm', 'ThC', 'rotator_post')",0.04816848496904266,0.0
closed_G4_walking_cluster_s1_c10_7002,"('rm', 'TiTa', 'depressor')",0.0,0.0
closed_G4_walking_cluster_s1_c10_7002,"('rm', 'TiTa', 'levator')",0.0,0.0
closed_G4_walking_cluster_s1_c10_7002,"('rm', 'TrF', 'reductor')",0.04688625549197826,0.0
closed_G4_walking_cluster_s1_c10_7003,"('lf', 'CTr', 'extensor')",0.13463524556013384,0.0
closed_G4_walking_cluster_s1_c10_7003,"('lf', 'CTr', 'flexor')",0.0,0.0
closed_G4_walking_cluster_s1_c10_7003,"('lf', 'FTi', 'extensor')",0.002331646643660834,0.0
closed_G4_walking_cluster_s1_c10_7003,"('lf', 'FTi', 'flexor')",0.0019607134030407525,0.0
closed_G4_walking_cluster_s1_c10_7003,"('lf', 'ThC', 'adductor')",0.0,0.0
closed_G4_walking_cluster_s1_c10_7003,"('lf', 'ThC', 'promotor')",0.1456678224955968,0.0
closed_G4_walking_cluster_s1_c10_7003,"('lf', 'ThC', 'remotor')",0.04162543504486999,0.0
closed_G4_walking_cluster_s1_c10_7003,"('lf', 'ThC', 'rotator_ant')",6.956356643250321e-09,0.0
closed_G4_walking_cluster_s1_c10_7003,"('lf', 'ThC', 'rotator_post')",0.00730873377332237,0.0
closed_G4_walking_cluster_s1_c10_7003,"('lf', 'TiTa', 'depressor')",0.0,0.0
closed_G4_walking_cluster_s1_c10_7003,"('lf', 'TiTa', 'levator')",0.0,0.0
closed_G4_walking_cluster_s1_c10_7003,"('lf', 'TrF', 'reductor')",0.08059932550910909,0.0
closed_G4_walking_cluster_s1_c10_7003,"('lh', 'CTr', 'extensor')",0.04217586932436528,0.0
closed_G4_walking_cluster_s1_c10_7003,"('lh', 'CTr', 'flexor')",0.00016990959995276663,0.0
closed_G4_walking_cluster_s1_c10_7003,"('lh', 'FTi', 'extensor')",0.1347819212269505,0.0
closed_G4_walking_cluster_s1_c10_7003,"('lh', 'FTi', 'flexor')",0.013981108700356832,0.0
closed_G4_walking_cluster_s1_c10_7003,"('lh', 'ThC', 'adductor')",0.0,0.0
closed_G4_walking_cluster_s1_c10_7003,"('lh', 'ThC', 'remotor')",0.0,0.0
closed_G4_walking_cluster_s1_c10_7003,"('lh', 'ThC', 'rotator_ant')",0.04050175061930104,0.0
closed_G4_walking_cluster_s1_c10_7003,"('lh', 'ThC', 'rotator_post')",2.1501996042082025e-09,0.0
closed_G4_walking_cluster_s1_c10_7003,"('lh', 'TiTa', 'depressor')",0.00888266703970492,0.0
closed_G4_walking_cluster_s1_c10_7003,"('lh', 'TiTa', 'levator')",0.0,0.0
closed_G4_walking_cluster_s1_c10_7003,"('lh', 'TrF', 'reductor')",0.016019338211965627,0.0
closed_G4_walking_cluster_s1_c10_7003,"('lm', 'CTr', 'extensor')",0.011157699898230651,0.0
closed_G4_walking_cluster_s1_c10_7003,"('lm', 'CTr', 'flexor')",0.0,0.0
closed_G4_walking_cluster_s1_c10_7003,"('lm', 'FTi', 'extensor')",0.0009999578779333641,0.0
closed_G4_walking_cluster_s1_c10_7003,"('lm', 'FTi', 'flexor')",0.0016548826903052397,0.0
closed_G4_walking_cluster_s1_c10_7003,"('lm', 'ThC', 'remotor')",0.0,0.0
closed_G4_walking_cluster_s1_c10_7003,"('lm', 'ThC', 'rotator_ant')",0.10352106551055021,0.0
closed_G4_walking_cluster_s1_c10_7003,"('lm', 'ThC', 'rotator_post')",6.077732181855528e-09,0.0
closed_G4_walking_cluster_s1_c10_7003,"('lm', 'TiTa', 'depressor')",0.0001282051282051282,0.0
closed_G4_walking_cluster_s1_c10_7003,"('lm', 'TiTa', 'levator')",0.0,0.0
closed_G4_walking_cluster_s1_c10_7003,"('lm', 'TrF', 'reductor')",0.0008333345846371483,0.0
closed_G4_walking_cluster_s1_c10_7003,"('rf', 'CTr', 'extensor')",0.1726768711992919,0.0
closed_G4_walking_cluster_s1_c10_7003,"('rf', 'CTr', 'flexor')",0.0,0.0
closed_G4_walking_cluster_s1_c10_7003,"('rf', 'FTi', 'extensor')",0.01991652520214937,0.0
closed_G4_walking_cluster_s1_c10_7003,"('rf', 'FTi', 'flexor')",0.004684039870045143,0.0
closed_G4_walking_cluster_s1_c10_7003,"('rf', 'ThC', 'adductor')",0.0,0.0
closed_G4_walking_cluster_s1_c10_7003,"('rf', 'ThC', 'promotor')",0.12656575959165428,0.0
closed_G4_walking_cluster_s1_c10_7003,"('rf', 'ThC', 'remotor')",0.05303762802738274,0.0
closed_G4_walking_cluster_s1_c10_7003,"('rf', 'ThC', 'rotator_ant')",0.0,0.0
closed_G4_walking_cluster_s1_c10_7003,"('rf', 'ThC', 'rotator_post')",0.010642589101995838,0.0
closed_G4_walking_cluster_s1_c10_7003,"('rf', 'TiTa', 'depressor')",0.0001282051282051282,0.0
closed_G4_walking_cluster_s1_c10_7003,"('rf', 'TiTa', 'levator')",0.0,0.0
closed_G4_walking_cluster_s1_c10_7003,"('rf', 'TrF', 'reductor')",0.005042881721646916,0.0
closed_G4_walking_cluster_s1_c10_7003,"('rh', 'CTr', 'extensor')",0.024878805610472794,0.0
closed_G4_walking_cluster_s1_c10_7003,"('rh', 'CTr', 'flexor')",0.00016666674187647631,0.0
closed_G4_walking_cluster_s1_c10_7003,"('rh', 'FTi', 'extensor')",0.08150668308878058,0.0
closed_G4_walking_cluster_s1_c10_7003,"('rh', 'FTi', 'flexor')",0.008730789524838944,0.0
closed_G4_walking_cluster_s1_c10_7003,"('rh', 'ThC', 'adductor')",0.0,0.0
closed_G4_walking_cluster_s1_c10_7003,"('rh', 'ThC', 'remotor')",0.0,0.0
closed_G4_walking_cluster_s1_c10_7003,"('rh', 'ThC', 'rotator_ant')",0.0003333263375579662,0.0
closed_G4_walking_cluster_s1_c10_7003,"('rh', 'ThC', 'rotator_post')",0.03567432314598002,0.0
closed_G4_walking_cluster_s1_c10_7003,"('rh', 'TiTa', 'depressor')",0.0,0.0
closed_G4_walking_cluster_s1_c10_7003,"('rh', 'TiTa', 'levator')",0.0,0.0
closed_G4_walking_cluster_s1_c10_7003,"('rh', 'TrF', 'reductor')",0.07992847829950768,0.0
closed_G4_walking_cluster_s1_c10_7003,"('rm', 'CTr', 'extensor')",0.010207300400935902,0.0
closed_G4_walking_cluster_s1_c10_7003,"('rm', 'CTr', 'flexor')",0.0,0.0
closed_G4_walking_cluster_s1_c10_7003,"('rm', 'FTi', 'extensor')",0.12494473849778298,0.0
closed_G4_walking_cluster_s1_c10_7003,"('rm', 'FTi', 'flexor')",0.00019607843670599645,0.0
closed_G4_walking_cluster_s1_c10_7003,"('rm', 'ThC', 'adductor')",0.0,0.0
closed_G4_walking_cluster_s1_c10_7003,"('rm', 'ThC', 'rotator_ant')",0.010464092035636592,0.0
closed_G4_walking_cluster_s1_c10_7003,"('rm', 'ThC', 'rotator_post')",0.07155809279014975,0.0
closed_G4_walking_cluster_s1_c10_7003,"('rm', 'TiTa', 'depressor')",0.0,0.0
closed_G4_walking_cluster_s1_c10_7003,"('rm', 'TiTa', 'levator')",0.0,0.0
closed_G4_walking_cluster_s1_c10_7003,"('rm', 'TrF', 'reductor')",0.04877836398698632,0.0
closed_G4_walking_cluster_s1_c10_7004,"('lf', 'CTr', 'extensor')",0.12112453164948865,0.0
closed_G4_walking_cluster_s1_c10_7004,"('lf', 'CTr', 'flexor')",2.8061400209516816e-13,0.0
closed_G4_walking_cluster_s1_c10_7004,"('lf', 'FTi', 'extensor')",0.002038273250968146,0.0
closed_G4_walking_cluster_s1_c10_7004,"('lf', 'FTi', 'flexor')",0.001862715231611397,0.0
closed_G4_walking_cluster_s1_c10_7004,"('lf', 'ThC', 'adductor')",0.0,0.0
closed_G4_walking_cluster_s1_c10_7004,"('lf', 'ThC', 'promotor')",0.15398053404055062,0.0
closed_G4_walking_cluster_s1_c10_7004,"('lf', 'ThC', 'remotor')",0.03205795872716575,0.0
closed_G4_walking_cluster_s1_c10_7004,"('lf', 'ThC', 'rotator_ant')",1.8229471141630562e-11,0.0
closed_G4_walking_cluster_s1_c10_7004,"('lf', 'ThC', 'rotator_post')",0.004007037570082078,0.0
closed_G4_walking_cluster_s1_c10_7004,"('lf', 'TiTa', 'depressor')",0.0,0.0
closed_G4_walking_cluster_s1_c10_7004,"('lf', 'TiTa', 'levator')",0.0,0.0
closed_G4_walking_cluster_s1_c10_7004,"('lf', 'TrF', 'reductor')",0.07903476442965189,0.0
closed_G4_walking_cluster_s1_c10_7004,"('lh', 'CTr', 'extensor')",0.04212128841423346,0.0
closed_G4_walking_cluster_s1_c10_7004,"('lh', 'CTr', 'flexor')",7.509413234798668e-10,0.0
closed_G4_walking_cluster_s1_c10_7004,"('lh', 'FTi', 'extensor')",0.13007754862469745,0.0
closed_G4_walking_cluster_s1_c10_7004,"('lh', 'FTi', 'flexor')",0.011606508486949692,0.0
closed_G4_walking_cluster_s1_c10_7004,"('lh', 'ThC', 'adductor')",0.0,0.0
closed_G4_walking_cluster_s1_c10_7004,"('lh', 'ThC', 'remotor')",0.0,0.0
closed_G4_walking_cluster_s1_c10_7004,"('lh', 'ThC', 'rotator_ant')",0.031804371842024975,0.0
closed_G4_walking_cluster_s1_c10_7004,"('lh', 'ThC', 'rotator_post')",0.0,0.0
closed_G4_walking_cluster_s1_c10_7004,"('lh', 'TiTa', 'depressor')",0.002916657656798303,0.0
closed_G4_walking_cluster_s1_c10_7004,"('lh', 'TiTa', 'levator')",0.0,0.0
closed_G4_walking_cluster_s1_c10_7004,"('lh', 'TrF', 'reductor')",0.02966713715674114,0.0
closed_G4_walking_cluster_s1_c10_7004,"('lm', 'CTr', 'extensor')",0.006667648096675661,0.0
closed_G4_walking_cluster_s1_c10_7004,"('lm', 'CTr', 'flexor')",0.0,0.0
closed_G4_walking_cluster_s1_c10_7004,"('lm', 'FTi', 'extensor')",0.0006666666666666663,0.0
closed_G4_walking_cluster_s1_c10_7004,"('lm', 'FTi', 'flexor')",0.000624876792451812,0.0
closed_G4_walking_cluster_s1_c10_7004,"('lm', 'ThC', 'remotor')",0.0,0.0
closed_G4_walking_cluster_s1_c10_7004,"('lm', 'ThC', 'rotator_ant')",0.07984590722315918,0.0
closed_G4_walking_cluster_s1_c10_7004,"('lm', 'ThC', 'rotator_post')",5.285313575660046e-09,0.0
closed_G4_walking_cluster_s1_c10_7004,"('lm', 'TiTa', 'depressor')",0.0,0.0
closed_G4_walking_cluster_s1_c10_7004,"('lm', 'TiTa', 'levator')",0.0,0.0
closed_G4_walking_cluster_s1_c10_7004,"('lm', 'TrF', 'reductor')",0.0016667114387490503,0.0
closed_G4_walking_cluster_s1_c10_7004,"('rf', 'CTr', 'extensor')",0.15199663292080512,0.0
closed_G4_walking_cluster_s1_c10_7004,"('rf', 'CTr', 'flexor')",0.0,0.0
closed_G4_walking_cluster_s1_c10_7004,"('rf', 'FTi', 'extensor')",0.009682127554384383,0.0
closed_G4_walking_cluster_s1_c10_7004,"('rf', 'FTi', 'flexor')",0.004279827141234148,0.0
closed_G4_walking_cluster_s1_c10_7004,"('rf', 'ThC', 'adductor')",0.0,0.0
closed_G4_walking_cluster_s1_c10_7004,"('rf', 'ThC', 'promotor')",0.11571444261137032,0.0
closed_G4_walking_cluster_s1_c10_7004,"('rf', 'ThC', 'remotor')",0.043335720529160494,0.0
closed_G4_walking_cluster_s1_c10_7004,"('rf', 'ThC', 'rotator_ant')",0.0,0.0
closed_G4_walking_cluster_s1_c10_7004,"('rf', 'ThC', 'rotator_post')",0.004666521255904589,0.0
closed_G4_walking_cluster_s1_c10_7004,"('rf', 'TiTa', 'depressor')",0.00038461431583763613,0.0
closed_G4_walking_cluster_s1_c10_7004,"('rf', 'TiTa', 'levator')",0.0,0.0
closed_G4_walking_cluster_s1_c10_7004,"('rf', 'TrF', 'reductor')",0.008743550126503631,0.0
closed_G4_walking_cluster_s1_c10_7004,"('rh', 'CTr', 'extensor')",0.027994332489445654,0.0
closed_G4_walking_cluster_s1_c10_7004,"('rh', 'CTr', 'flexor')",0.0,0.0
closed_G4_walking_cluster_s1_c10_7004,"('rh', 'FTi', 'extensor')",0.08922882343962125,0.0
closed_G4_walking_cluster_s1_c10_7004,"('rh', 'FTi', 'flexor')",0.010126143900761676,0.0
closed_G4_walking_cluster_s1_c10_7004,"('rh', 'ThC', 'adductor')",0.0,0.0
closed_G4_walking_cluster_s1_c10_7004,"('rh', 'ThC', 'remotor')",0.0,0.0
closed_G4_walking_cluster_s1_c10_7004,"('rh', 'ThC', 'rotator_ant')",7.751551653543227e-09,0.0
closed_G4_walking_cluster_s1_c10_7004,"('rh', 'ThC', 'rotator_post')",0.031852947585368295,0.0
closed_G4_walking_cluster_s1_c10_7004,"('rh', 'TiTa', 'depressor')",0.0,0.0
closed_G4_walking_cluster_s1_c10_7004,"('rh', 'TiTa', 'levator')",0.0,0.0
closed_G4_walking_cluster_s1_c10_7004,"('rh', 'TrF', 'reductor')",0.08090960938322131,0.0
closed_G4_walking_cluster_s1_c10_7004,"('rm', 'CTr', 'extensor')",0.002291948645298779,0.0
closed_G4_walking_cluster_s1_c10_7004,"('rm', 'CTr', 'flexor')",0.0,0.0
closed_G4_walking_cluster_s1_c10_7004,"('rm', 'FTi', 'extensor')",0.09592666402893629,0.0
closed_G4_walking_cluster_s1_c10_7004,"('rm', 'FTi', 'flexor')",5.052031151009524e-10,0.0
closed_G4_walking_cluster_s1_c10_7004,"('rm', 'ThC', 'adductor')",0.0,0.0
closed_G4_walking_cluster_s1_c10_7004,"('rm', 'ThC', 'rotator_ant')",5.2633841991941383e-14,0.0
closed_G4_walking_cluster_s1_c10_7004,"('rm', 'ThC', 'rotator_post')",0.13631521963215712,0.0
closed_G4_walking_cluster_s1_c10_7004,"('rm', 'TiTa', 'depressor')",0.0,0.0
closed_G4_walking_cluster_s1_c10_7004,"('rm', 'TiTa', 'levator')",0.0,0.0
closed_G4_walking_cluster_s1_c10_7004,"('rm', 'TrF', 'reductor')",0.047169945969658574,0.0
closed_G4_walking_cluster_s1_c11_7000,"('lf', 'CTr', 'extensor')",0.13566933160881064,0.0
closed_G4_walking_cluster_s1_c11_7000,"('lf', 'CTr', 'flexor')",0.0,0.0
closed_G4_walking_cluster_s1_c11_7000,"('lf', 'FTi', 'extensor')",0.002666665812576585,0.0
closed_G4_walking_cluster_s1_c11_7000,"('lf', 'FTi', 'flexor')",0.002719032604968548,0.0
closed_G4_walking_cluster_s1_c11_7000,"('lf', 'ThC', 'adductor')",0.0,0.0
closed_G4_walking_cluster_s1_c11_7000,"('lf', 'ThC', 'promotor')",0.15833807359701724,0.0
closed_G4_walking_cluster_s1_c11_7000,"('lf', 'ThC', 'remotor')",0.03545673815548817,0.0
closed_G4_walking_cluster_s1_c11_7000,"('lf', 'ThC', 'rotator_ant')",0.0,0.0
closed_G4_walking_cluster_s1_c11_7000,"('lf', 'ThC', 'rotator_post')",0.007000001684779215,0.0
closed_G4_walking_cluster_s1_c11_7000,"('lf', 'TiTa', 'depressor')",0.0,0.0
closed_G4_walking_cluster_s1_c11_7000,"('lf', 'TiTa', 'levator')",0.0,0.0
closed_G4_walking_cluster_s1_c11_7000,"('lf', 'TrF', 'reductor')",0.08055686719920765,0.0
closed_G4_walking_cluster_s1_c11_7000,"('lh', 'CTr', 'extensor')",0.05869599409315923,0.0
closed_G4_walking_cluster_s1_c11_7000,"('lh', 'CTr', 'flexor')",2.4716769390518033e-07,0.0
closed_G4_walking_cluster_s1_c11_7000,"('lh', 'FTi', 'extensor')",0.14651270071505382,0.0
closed_G4_walking_cluster_s1_c11_7000,"('lh', 'FTi', 'flexor')",0.011077837927477118,0.0
closed_G4_walking_cluster_s1_c11_7000,"('lh', 'ThC', 'adductor')",0.0,0.0
closed_G4_walking_cluster_s1_c11_7000,"('lh', 'ThC', 'remotor')",0.0,0.0
closed_G4_walking_cluster_s1_c11_7000,"('lh', 'ThC', 'rotator_ant')",0.04532691997312773,0.0
closed_G4_walking_cluster_s1_c11_7000,"('lh', 'ThC', 'rotator_post')",0.0,0.0
closed_G4_walking_cluster_s1_c11_7000,"('lh', 'TiTa', 'depressor')",0.008641242534098648,0.0
closed_G4_walking_cluster_s1_c11_7000,"('lh', 'TiTa', 'levator')",0.0,0.0
closed_G4_walking_cluster_s1_c11_7000,"('lh', 'TrF', 'reductor')",0.00832282356605926,0.0
closed_G4_walking_cluster_s1_c11_7000,"('lm', 'CTr', 'extensor')",0.0027083364004923146,0.0
closed_G4_walking_cluster_s1_c11_7000,"('lm', 'CTr', 'flexor')",0.0011666666666666661,0.0
closed_G4_walking_cluster_s1_c11_7000,"('lm', 'FTi', 'extensor')",0.0016668841141079108,0.0
closed_G4_walking_cluster_s1_c11_7000,"('lm', 'FTi', 'flexor')",0.00020833422930350063,0.0
closed_G4_walking_cluster_s1_c11_7000,"('lm', 'ThC', 'remotor')",0.0,0.0
closed_G4_walking_cluster_s1_c11_7000,"('lm', 'ThC', 'rotator_ant')",0.09089252565549451,0.0
closed_G4_walking_cluster_s1_c11_7000,"('lm', 'ThC', 'rotator_post')",0.0,0.0
closed_G4_walking_cluster_s1_c11_7000,"('lm', 'TiTa', 'depressor')",0.0,0.0
closed_G4_walking_cluster_s1_c11_7000,"('lm', 'TiTa', 'levator')",0.0,0.0
closed_G4_walking_cluster_s1_c11_7000,"('lm', 'TrF', 'reductor')",0.0011121526122098724,0.0
closed_G4_walking_cluster_s1_c11_7000,"('rf', 'CTr', 'extensor')",0.16284337271040225,0.0
closed_G4_walking_cluster_s1_c11_7000,"('rf', 'CTr', 'flexor')",0.0,0.0
closed_G4_walking_cluster_s1_c11_7000,"('rf', 'FTi', 'extensor')",0.011507457273556116,0.0
closed_G4_walking_cluster_s1_c11_7000,"('rf', 'FTi', 'flexor')",0.004133344403221819,0.0
closed_G4_walking_cluster_s1_c11_7000,"('rf', 'ThC', 'adductor')",0.0,0.0
closed_G4_walking_cluster_s1_c11_7000,"('rf', 'ThC', 'promotor')",0.12050745610729552,0.0
closed_G4_walking_cluster_s1_c11_7000,"('rf', 'ThC', 'remotor')",0.04737014639482711,0.0
closed_G4_walking_cluster_s1_c11_7000,"('rf', 'ThC', 'rotator_ant')",9.253486894013945e-14,0.0
closed_G4_walking_cluster_s1_c11_7000,"('rf', 'ThC', 'rotator_post')",0.0060723199105187035,0.0
closed_G4_walking_cluster_s1_c11_7000,"('rf', 'TiTa', 'depressor')",0.00012820650311812958,0.0
closed_G4_walking_cluster_s1_c11_7000,"('rf', 'TiTa', 'levator')",0.0,0.0
closed_G4_walking_cluster_s1_c11_7000,"('rf', 'TrF', 'reductor')",0.00450934241539593,0.0
closed_G4_walking_cluster_s1_c11_7000,"('rh', 'CTr', 'extensor')",0.010387989993539244,0.0
closed_G4_walking_cluster_s1_c11_7000,"('rh', 'CTr', 'flexor')",0.0,0.0
closed_G4_walking_cluster_s1_c11_7000,"('rh', 'FTi', 'extensor')",0.07340867276062865,0.0
closed_G4_walking_cluster_s1_c11_7000,"('rh', 'FTi', 'flexor')",0.006306859649682134,0.0
closed_G4_walking_cluster_s1_c11_7000,"('rh', 'ThC', 'adductor')",0.0,0.0
closed_G4_walking_cluster_s1_c11_7000,"('rh', 'ThC', 'remotor')",0.0,0.0
closed_G4_walking_cluster_s1_c11_7000,"('rh', 'ThC', 'rotator_ant')",2.4938492633446116e-10,0.0
closed_G4_walking_cluster_s1_c11_7000,"('rh', 'ThC', 'rotator_post')",0.021255698809378026,0.0
closed_G4_walking_cluster_s1_c11_7000,"('rh', 'TiTa', 'depressor')",0.0,0.0
closed_G4_walking_cluster_s1_c11_7000,"('rh', 'TiTa', 'levator')",0.0,0.0
closed_G4_walking_cluster_s1_c11_7000,"('rh', 'TrF', 'reductor')",0.07577126656865579,0.0
closed_G4_walking_cluster_s1_c11_7000,"('rm', 'CTr', 'extensor')",0.004581310195686906,0.0
closed_G4_walking_cluster_s1_c11_7000,"('rm', 'CTr', 'flexor')",4.925239312067494e-12,0.0
closed_G4_walking_cluster_s1_c11_7000,"('rm', 'FTi', 'extensor')",0.10950112404205237,0.0
closed_G4_walking_cluster_s1_c11_7000,"('rm', 'FTi', 'flexor')",4.015405229276982e-10,0.0
closed_G4_walking_cluster_s1_c11_7000,"('rm', 'ThC', 'adductor')",0.0,0.0
closed_G4_walking_cluster_s1_c11_7000,"('rm', 'ThC', 'rotator_ant')",0.008016666666666651,0.0
closed_G4_walking_cluster_s1_c11_7000,"('rm', 'ThC', 'rotator_post')",0.09688628214763452,0.0
closed_G4_walking_cluster_s1_c11_7000,"('rm', 'TiTa', 'depressor')",0.0,0.0
closed_G4_walking_cluster_s1_c11_7000,"('rm', 'TiTa', 'levator')",0.0,0.0
closed_G4_walking_cluster_s1_c11_7000,"('rm', 'TrF', 'reductor')",0.05061617874963359,0.0
closed_G4_walking_cluster_s1_c11_7001,"('lf', 'CTr', 'extensor')",0.12598928622325575,0.0
closed_G4_walking_cluster_s1_c11_7001,"('lf', 'CTr', 'flexor')",0.0,0.0
closed_G4_walking_cluster_s1_c11_7001,"('lf', 'FTi', 'extensor')",0.002702415842004182,0.0
closed_G4_walking_cluster_s1_c11_7001,"('lf', 'FTi', 'flexor')",0.0014200747145082068,0.0
closed_G4_walking_cluster_s1_c11_7001,"('lf', 'ThC', 'adductor')",0.0,0.0
closed_G4_walking_cluster_s1_c11_7001,"('lf', 'ThC', 'promotor')",0.1816227562067328,0.0
closed_G4_walking_cluster_s1_c11_7001,"('lf', 'ThC', 'remotor')",0.009334825124546586,0.0
closed_G4_walking_cluster_s1_c11_7001,"('lf', 'ThC', 'rotator_ant')",2.510437663061623e-09,0.0
closed_G4_walking_cluster_s1_c11_7001,"('lf', 'ThC', 'rotator_post')",4.6672860257277594e-08,0.0
closed_G4_walking_cluster_s1_c11_7001,"('lf', 'TiTa', 'depressor')",0.0,0.0
closed_G4_walking_cluster_s1_c11_7001,"('lf', 'TiTa', 'levator')",0.0,0.0
closed_G4_walking_cluster_s1_c11_7001,"('lf', 'TrF', 'reductor')",0.0922435126547039,0.0
closed_G4_walking_cluster_s1_c11_7001,"('lh', 'CTr', 'extensor')",0.04595192909985106,0.0
closed_G4_walking_cluster_s1_c11_7001,"('lh', 'CTr', 'flexor')",0.0,0.0
closed_G4_walking_cluster_s1_c11_7001,"('lh', 'FTi', 'extensor')",0.14635529304083086,0.0
closed_G4_walking_cluster_s1_c11_7001,"('lh', 'FTi', 'flexor')",0.017060011268321216,0.0
closed_G4_walking_cluster_s1_c11_7001,"('lh', 'ThC', 'adductor')",0.0,0.0
closed_G4_walking_cluster_s1_c11_7001,"('lh', 'ThC', 'remotor')",0.0,0.0
closed_G4_walking_cluster_s1_c11_7001,"('lh', 'ThC', 'rotator_ant')",0.03365932407371622,0.0
closed_G4_walking_cluster_s1_c11_7001,"('lh', 'ThC', 'rotator_post')",8.0591727587315e-08,0.0
closed_G4_walking_cluster_s1_c11_7001,"('lh', 'TiTa', 'depressor')",0.004687222728416659,0.0
closed_G4_walking_cluster_s1_c11_7001,"('lh', 'TiTa', 'levator')",0.0,0.0
closed_G4_walking_cluster_s1_c11_7001,"('lh', 'TrF', 'reductor')",0.028980455243676703,0.0
closed_G4_walking_cluster_s1_c11_7001,"('lm', 'CTr', 'extensor')",0.003333989217185916,0.0
closed_G4_walking_cluster_s1_c11_7001,"('lm', 'CTr', 'flexor')",0.0003333333333333318,0.0
closed_G4_walking_cluster_s1_c11_7001,"('lm', 'FTi', 'extensor')",0.0,0.0
closed_G4_walking_cluster_s1_c11_7001,"('lm', 'FTi', 'flexor')",0.000534227361108893,0.0
closed_G4_walking_cluster_s1_c11_7001,"('lm', 'ThC', 'remotor')",0.0,0.0
closed_G4_walking_cluster_s1_c11_7001,"('lm', 'ThC', 'rotator_ant')",0.08216149182331361,0.0
closed_G4_walking_cluster_s1_c11_7001,"('lm', 'ThC', 'rotator_post')",6.03592911163956e-09,0.0
closed_G4_walking_cluster_s1_c11_7001,"('lm', 'TiTa', 'depressor')",0.0,0.0
closed_G4_walking_cluster_s1_c11_7001,"('lm', 'TiTa', 'levator')",0.0,0.0
closed_G4_walking_cluster_s1_c11_7001,"('lm', 'TrF', 'reductor')",0.0005555603400755996,0.0
closed_G4_walking_cluster_s1_c11_7001,"('rf', 'CTr', 'extensor')",0.1500837051180698,0.0
closed_G4_walking_cluster_s1_c11_7001,"('rf', 'CTr', 'flexor')",0.0,0.0
closed_G4_walking_cluster_s1_c11_7001,"('rf', 'FTi', 'extensor')",0.012541842320868139,0.0
closed_G4_walking_cluster_s1_c11_7001,"('rf', 'FTi', 'flexor')",0.005409563477088054,0.0
closed_G4_walking_cluster_s1_c11_7001,"('rf', 'ThC', 'adductor')",0.0,0.0
closed_G4_walking_cluster_s1_c11_7001,"('rf', 'ThC', 'promotor')",0.13848564343788408,0.0
closed_G4_walking_cluster_s1_c11_7001,"('rf', 'ThC', 'remotor')",0.04297456256291903,0.0
closed_G4_walking_cluster_s1_c11_7001,"('rf', 'ThC', 'rotator_ant')",1.9389693628207733e-13,0.0
closed_G4_walking_cluster_s1_c11_7001,"('rf', 'ThC', 'rotator_post')",0.0006666666672258423,0.0
closed_G4_walking_cluster_s1_c11_7001,"('rf', 'TiTa', 'depressor')",0.00025641013864899993,0.0
closed_G4_walking_cluster_s1_c11_7001,"('rf', 'TiTa', 'levator')",0.0,0.0
closed_G4_walking_cluster_s1_c11_7001,"('rf', 'TrF', 'reductor')",0.011166529852507228,0.0
closed_G4_walking_cluster_s1_c11_7001,"('rh', 'CTr', 'extensor')",0.01674099941868894,0.0
closed_G4_walking_cluster_s1_c11_7001,"('rh', 'CTr', 'flexor')",5.349849446970324e-12,0.0
closed_G4_walking_cluster_s1_c11_7001,"('rh', 'FTi', 'extensor')",0.08765501032297239,0.0
closed_G4_walking_cluster_s1_c11_7001,"('rh', 'FTi', 'flexor')",0.010262474256424861,0.0
closed_G4_walking_cluster_s1_c11_7001,"('rh', 'ThC', 'adductor')",0.0,0.0
closed_G4_walking_cluster_s1_c11_7001,"('rh', 'ThC', 'remotor')",0.0,0.0
closed_G4_walking_cluster_s1_c11_7001,"('rh', 'ThC', 'rotator_ant')",0.0,0.0
closed_G4_walking_cluster_s1_c11_7001,"('rh', 'ThC', 'rotator_post')",0.017353692950422914,0.0
closed_G4_walking_cluster_s1_c11_7001,"('rh', 'TiTa', 'depressor')",0.0,0.0
closed_G4_walking_cluster_s1_c11_7001,"('rh', 'TiTa', 'levator')",0.0,0.0
closed_G4_walking_cluster_s1_c11_7001,"('rh', 'TrF', 'reductor')",0.08364012677396951,0.0
closed_G4_walking_cluster_s1_c11_7001,"('rm', 'CTr', 'extensor')",0.0045967993780609675,0.0
closed_G4_walking_cluster_s1_c11_7001,"('rm', 'CTr', 'flexor')",0.0,0.0
closed_G4_walking_cluster_s1_c11_7001,"('rm', 'FTi', 'extensor')",0.10938272345557241,0.0
closed_G4_walking_cluster_s1_c11_7001,"('rm', 'FTi', 'flexor')",6.807077533513114e-10,0.0
closed_G4_walking_cluster_s1_c11_7001,"('rm', 'ThC', 'adductor')",0.0,0.0
closed_G4_walking_cluster_s1_c11_7001,"('rm', 'ThC', 'rotator_ant')",0.0013333333107664984,0.0
closed_G4_walking_cluster_s1_c11_7001,"('rm', 'ThC', 'rotator_post')",0.11879164854175453,0.0
closed_G4_walking_cluster_s1_c11_7001,"('rm', 'TiTa', 'depressor')",0.0,0.0
closed_G4_walking_cluster_s1_c11_7001,"('rm', 'TiTa', 'levator')",0.0,0.0
closed_G4_walking_cluster_s1_c11_7001,"('rm', 'TrF', 'reductor')",0.04953651615343682,0.0
closed_G4_walking_cluster_s1_c11_7002,"('lf', 'CTr', 'extensor')",0.12343608008636356,0.0
closed_G4_walking_cluster_s1_c11_7002,"('lf', 'CTr', 'flexor')",0.0,0.0
closed_G4_walking_cluster_s1_c11_7002,"('lf', 'FTi', 'extensor')",0.0039999999925629005,0.0
closed_G4_walking_cluster_s1_c11_7002,"('lf', 'FTi', 'flexor')",0.0012743212897240166,0.0
closed_G4_walking_cluster_s1_c11_7002,"('lf', 'ThC', 'adductor')",0.0,0.0
closed_G4_walking_cluster_s1_c11_7002,"('lf', 'ThC', 'promotor')",0.18874527402982968,0.0
closed_G4_walking_cluster_s1_c11_7002,"('lf', 'ThC', 'remotor')",0.008003188805061071,0.0
closed_G4_walking_cluster_s1_c11_7002,"('lf', 'ThC', 'rotator_ant')",0.0,0.0
closed_G4_walking_cluster_s1_c11_7002,"('lf', 'ThC', 'rotator_post')",3.604173196834263e-09,0.0
closed_G4_walking_cluster_s1_c11_7002,"('lf', 'TiTa', 'depressor')",0.0,0.0
closed_G4_walking_cluster_s1_c11_7002,"('lf', 'TiTa', 'levator')",0.0,0.0
closed_G4_walking_cluster_s1_c11_7002,"('lf', 'TrF', 'reductor')",0.09825138400949114,0.0
closed_G4_walking_cluster_s1_c11_7002,"('lh', 'CTr', 'extensor')",0.06391716317348296,0.0
closed_G4_walking_cluster_s1_c11_7002,"('lh', 'CTr', 'flexor')",8.331162830941014e-11,0.0
closed_G4_walking_cluster_s1_c11_7002,"('lh', 'FTi', 'extensor')",0.1341357620548712,0.0
closed_G4_walking_cluster_s1_c11_7002,"('lh', 'FTi', 'flexor')",0.012403683221467773,0.0
closed_G4_walking_cluster_s1_c11_7002,"('lh', 'ThC', 'adductor')",0.0,0.0
closed_G4_walking_cluster_s1_c11_7002,"('lh', 'ThC', 'remotor')",0.0,0.0
closed_G4_walking_cluster_s1_c11_7002,"('lh', 'ThC', 'rotator_ant')",0.04534830273496397,0.0
closed_G4_walking_cluster_s1_c11_7002,"('lh', 'ThC', 'rotator_post')",0.0003333348348979103,0.0
closed_G4_walking_cluster_s1_c11_7002,"('lh', 'TiTa', 'depressor')",0.009306743499545161,0.0
closed_G4_walking_cluster_s1_c11_7002,"('lh', 'TiTa', 'levator')",0.0,0.0
closed_G4_walking_cluster_s1_c11_7002,"('lh', 'TrF', 'reductor')",0.007666723091006554,0.0
closed_G4_walking_cluster_s1_c11_7002,"('lm', 'CTr', 'extensor')",0.004733908141372524,0.0
closed_G4_walking_cluster_s1_c11_7002,"('lm', 'CTr', 'flexor')",0.00016666666666666666,0.0
closed_G4_walking_cluster_s1_c11_7002,"('lm', 'FTi', 'extensor')",0.0003333333333333333,0.0
closed_G4_walking_cluster_s1_c11_7002,"('lm', 'FTi', 'flexor')",0.0008343118588712383,0.0
closed_G4_walking_cluster_s1_c11_7002,"('lm', 'ThC', 'remotor')",0.0,0.0
closed_G4_walking_cluster_s1_c11_7002,"('lm', 'ThC', 'rotator_ant')",0.10490404202090771,0.0
closed_G4_walking_cluster_s1_c11_7002,"('lm', 'ThC', 'rotator_post')",1.275242116620006e-09,0.0
closed_G4_walking_cluster_s1_c11_7002,"('lm', 'TiTa', 'depressor')",0.0,0.0
closed_G4_walking_cluster_s1_c11_7002,"('lm', 'TiTa', 'levator')",0.0,0.0
closed_G4_walking_cluster_s1_c11_7002,"('lm', 'TrF', 'reductor')",0.0,0.0
closed_G4_walking_cluster_s1_c11_7002,"('rf', 'CTr', 'extensor')",0.1550301691533416,0.0
closed_G4_walking_cluster_s1_c11_7002,"('rf', 'CTr', 'flexor')",0.0,0.0
closed_G4_walking_cluster_s1_c11_7002,"('rf', 'FTi', 'extensor')",0.014600207923026654,0.0
closed_G4_walking_cluster_s1_c11_7002,"('rf', 'FTi', 'flexor')",0.0052344935961554035,0.0
closed_G4_walking_cluster_s1_c11_7002,"('rf', 'ThC', 'adductor')",0.0,0.0
closed_G4_walking_cluster_s1_c11_7002,"('rf', 'ThC', 'promotor')",0.15021451032165217,0.0
closed_G4_walking_cluster_s1_c11_7002,"('rf', 'ThC', 'remotor')",0.040468951477948524,0.0
closed_G4_walking_cluster_s1_c11_7002,"('rf', 'ThC', 'rotator_ant')",0.0,0.0
closed_G4_walking_cluster_s1_c11_7002,"('rf', 'ThC', 'rotator_post')",0.00036365952804800003,0.0
closed_G4_walking_cluster_s1_c11_7002,"('rf', 'TiTa', 'depressor')",0.0,0.0
closed_G4_walking_cluster_s1_c11_7002,"('rf', 'TiTa', 'levator')",0.0,0.0
closed_G4_walking_cluster_s1_c11_7002,"('rf', 'TrF', 'reductor')",0.007830657456597933,0.0
closed_G4_walking_cluster_s1_c11_7002,"('rh', 'CTr', 'extensor')",0.013877756889039142,0.0
closed_G4_walking_cluster_s1_c11_7002,"('rh', 'CTr', 'flexor')",8.67930127580204e-13,0.0
closed_G4_walking_cluster_s1_c11_7002,"('rh', 'FTi', 'extensor')",0.07188762557451493,0.0
closed_G4_walking_cluster_s1_c11_7002,"('rh', 'FTi', 'flexor')",0.007960461711059892,0.0
closed_G4_walking_cluster_s1_c11_7002,"('rh', 'ThC', 'adductor')",0.0,0.0
closed_G4_walking_cluster_s1_c11_7002,"('rh', 'ThC', 'remotor')",0.0,0.0
closed_G4_walking_cluster_s1_c11_7002,"('rh', 'ThC', 'rotator_ant')",0.0,0.0
closed_G4_walking_cluster_s1_c11_7002,"('rh', 'ThC', 'rotator_post')",0.028210131598493414,0.0
closed_G4_walking_cluster_s1_c11_7002,"('rh', 'TiTa', 'depressor')",0.0,0.0
closed_G4_walking_cluster_s1_c11_7002,"('rh', 'TiTa', 'levator')",0.0,0.0
closed_G4_walking_cluster_s1_c11_7002,"('rh', 'TrF', 'reductor')",0.08355824000081459,0.0
closed_G4_walking_cluster_s1_c11_7002,"('rm', 'CTr', 'extensor')",0.0018024962215791428,0.0
closed_G4_walking_cluster_s1_c11_7002,"('rm', 'CTr', 'flexor')",0.0,0.0
closed_G4_walking_cluster_s1_c11_7002,"('rm', 'FTi', 'extensor')",0.10063487108559221,0.0
closed_G4_walking_cluster_s1_c11_7002,"('rm', 'FTi', 'flexor')",2.6147226347887745e-12,0.0
closed_G4_walking_cluster_s1_c11_7002,"('rm', 'ThC', 'adductor')",0.0,0.0
closed_G4_walking_cluster_s1_c11_7002,"('rm', 'ThC', 'rotator_ant')",0.011328332357579718,0.0
closed_G4_walking_cluster_s1_c11_7002,"('rm', 'ThC', 'rotator_post')",0.0573726899415747,0.0
closed_G4_walking_cluster_s1_c11_7002,"('rm', 'TiTa', 'depressor')",0.0,0.0
closed_G4_walking_cluster_s1_c11_7002,"('rm', 'TiTa', 'levator')",0.0,0.0
closed_G4_walking_cluster_s1_c11_7002,"('rm', 'TrF', 'reductor')",0.04504554540403414,0.0
closed_G4_walking_cluster_s1_c11_7003,"('lf', 'CTr', 'extensor')",0.1338115371007972,0.0
closed_G4_walking_cluster_s1_c11_7003,"('lf', 'CTr', 'flexor')",1.235057059191861e-13,0.0
closed_G4_walking_cluster_s1_c11_7003,"('lf', 'FTi', 'extensor')",0.0013332751164137967,0.0
closed_G4_walking_cluster_s1_c11_7003,"('lf', 'FTi', 'flexor')",0.001372548998190851,0.0
closed_G4_walking_cluster_s1_c11_7003,"('lf', 'ThC', 'adductor')",0.0,0.0
closed_G4_walking_cluster_s1_c11_7003,"('lf', 'ThC', 'promotor')",0.14757557098315333,0.0
closed_G4_walking_cluster_s1_c11_7003,"('lf', 'ThC', 'remotor')",0.036610489912673724,0.0
closed_G4_walking_cluster_s1_c11_7003,"('lf', 'ThC', 'rotator_ant')",7.007861272824301e-09,0.0
closed_G4_walking_cluster_s1_c11_7003,"('lf', 'ThC', 'rotator_post')",0.006333129879154511,0.0
closed_G4_walking_cluster_s1_c11_7003,"('lf', 'TiTa', 'depressor')",0.0,0.0
closed_G4_walking_cluster_s1_c11_7003,"('lf', 'TiTa', 'levator')",0.0,0.0
closed_G4_walking_cluster_s1_c11_7003,"('lf', 'TrF', 'reductor')",0.08790144139288365,0.0
closed_G4_walking_cluster_s1_c11_7003,"('lh', 'CTr', 'extensor')",0.0436970322074346,0.0
closed_G4_walking_cluster_s1_c11_7003,"('lh', 'CTr', 'flexor')",0.00016666665991410418,0.0
closed_G4_walking_cluster_s1_c11_7003,"('lh', 'FTi', 'extensor')",0.14616082381420042,0.0
closed_G4_walking_cluster_s1_c11_7003,"('lh', 'FTi', 'flexor')",0.01055391595728074,0.0
closed_G4_walking_cluster_s1_c11_7003,"('lh', 'ThC', 'adductor')",0.0,0.0
closed_G4_walking_cluster_s1_c11_7003,"('lh', 'ThC', 'remotor')",0.0,0.0
closed_G4_walking_cluster_s1_c11_7003,"('lh', 'ThC', 'rotator_ant')",0.03814321555707745,0.0
closed_G4_walking_cluster_s1_c11_7003,"('lh', 'ThC', 'rotator_post')",2.263368004429687e-09,0.0
closed_G4_walking_cluster_s1_c11_7003,"('lh', 'TiTa', 'depressor')",0.007568804322319225,0.0
closed_G4_walking_cluster_s1_c11_7003,"('lh', 'TiTa', 'levator')",0.0,0.0
closed_G4_walking_cluster_s1_c11_7003,"('lh', 'TrF', 'reductor')",0.016879662984057152,0.0
closed_G4_walking_cluster_s1_c11_7003,"('lm', 'CTr', 'extensor')",0.003871476718023041,0.0
closed_G4_walking_cluster_s1_c11_7003,"('lm', 'CTr', 'flexor')",0.0013333333313769542,0.0
closed_G4_walking_cluster_s1_c11_7003,"('lm', 'FTi', 'extensor')",0.0003333333333333333,0.0
closed_G4_walking_cluster_s1_c11_7003,"('lm', 'FTi', 'flexor')",0.0004166666666666657,0.0
closed_G4_walking_cluster_s1_c11_7003,"('lm', 'ThC', 'remotor')",0.0,0.0
closed_G4_walking_cluster_s1_c11_7003,"('lm', 'ThC', 'rotator_ant')",0.07856679996326388,0.0
closed_G4_walking_cluster_s1_c11_7003,"('lm', 'ThC', 'rotator_post')",3.87425328834731e-09,0.0
closed_G4_walking_cluster_s1_c11_7003,"('lm', 'TiTa', 'depressor')",0.0,0.0
closed_G4_walking_cluster_s1_c11_7003,"('lm', 'TiTa', 'levator')",0.0,0.0
closed_G4_walking_cluster_s1_c11_7003,"('lm', 'TrF', 'reductor')",0.0008333345846371476,0.0
closed_G4_walking_cluster_s1_c11_7003,"('rf', 'CTr', 'extensor')",0.17432796085095523,0.0
closed_G4_walking_cluster_s1_c11_7003,"('rf', 'CTr', 'flexor')",0.0,0.0
closed_G4_walking_cluster_s1_c11_7003,"('rf', 'FTi', 'extensor')",0.014895098122834127,0.0
closed_G4_walking_cluster_s1_c11_7003,"('rf', 'FTi', 'flexor')",0.0048878115314524686,0.0
closed_G4_walking_cluster_s1_c11_7003,"('rf', 'ThC', 'adductor')",0.0,0.0
closed_G4_walking_cluster_s1_c11_7003,"('rf', 'ThC', 'promotor')",0.12271090492160326,0.0
closed_G4_walking_cluster_s1_c11_7003,"('rf', 'ThC', 'remotor')",0.05057888662098389,0.0
closed_G4_walking_cluster_s1_c11_7003,"('rf', 'ThC', 'rotator_ant')",0.0,0.0
closed_G4_walking_cluster_s1_c11_7003,"('rf', 'ThC', 'rotator_post')",0.01217639231472198,0.0
closed_G4_walking_cluster_s1_c11_7003,"('rf', 'TiTa', 'depressor')",0.0001282051282051282,0.0
closed_G4_walking_cluster_s1_c11_7003,"('rf', 'TiTa', 'levator')",0.0,0.0
closed_G4_walking_cluster_s1_c11_7003,"('rf', 'TrF', 'reductor')",0.002794964238341346,0.0
closed_G4_walking_cluster_s1_c11_7003,"('rh', 'CTr', 'extensor')",0.02342334074389865,0.0
closed_G4_walking_cluster_s1_c11_7003,"('rh', 'CTr', 'flexor')",5.242349481207904e-13,0.0
closed_G4_walking_cluster_s1_c11_7003,"('rh', 'FTi', 'extensor')",0.08316406393406493,0.0
closed_G4_walking_cluster_s1_c11_7003,"('rh', 'FTi', 'flexor')",0.00794857782860855,0.0
closed_G4_walking_cluster_s1_c11_7003,"('rh', 'ThC', 'adductor')",0.0,0.0
closed_G4_walking_cluster_s1_c11_7003,"('rh', 'ThC', 'remotor')",0.0,0.0
closed_G4_walking_cluster_s1_c11_7003,"('rh', 'ThC', 'rotator_ant')",0.0,0.0
closed_G4_walking_cluster_s1_c11_7003,"('rh', 'ThC', 'rotator_post')",0.03757734695781676,0.0
closed_G4_walking_cluster_s1_c11_7003,"('rh', 'TiTa', 'depressor')",0.0,0.0
closed_G4_walking_cluster_s1_c11_7003,"('rh', 'TiTa', 'levator')",0.0,0.0
closed_G4_walking_cluster_s1_c11_7003,"('rh', 'TrF', 'reductor')",0.07399131304867591,0.0
closed_G4_walking_cluster_s1_c11_7003,"('rm', 'CTr', 'extensor')",0.005830133433755713,0.0
closed_G4_walking_cluster_s1_c11_7003,"('rm', 'CTr', 'flexor')",0.0,0.0
closed_G4_walking_cluster_s1_c11_7003,"('rm', 'FTi', 'extensor')",0.1099442089667089,0.0
closed_G4_walking_cluster_s1_c11_7003,"('rm', 'FTi', 'flexor')",7.867275966379639e-12,0.0
closed_G4_walking_cluster_s1_c11_7003,"('rm', 'ThC', 'adductor')",0.0,0.0
closed_G4_walking_cluster_s1_c11_7003,"('rm', 'ThC', 'rotator_ant')",0.0050106108261773336,0.0
closed_G4_walking_cluster_s1_c11_7003,"('rm', 'ThC', 'rotator_post')",0.08716171509408033,0.0
closed_G4_walking_cluster_s1_c11_7003,"('rm', 'TiTa', 'depressor')",0.0,0.0
closed_G4_walking_cluster_s1_c11_7003,"('rm', 'TiTa', 'levator')",0.0,0.0
closed_G4_walking_cluster_s1_c11_7003,"('rm', 'TrF', 'reductor')",0.05205742509677111,0.0
closed_G4_walking_cluster_s1_c11_7004,"('lf', 'CTr', 'extensor')",0.11945033805975229,0.0
closed_G4_walking_cluster_s1_c11_7004,"('lf', 'CTr', 'flexor')",2.665833019904097e-13,0.0
closed_G4_walking_cluster_s1_c11_7004,"('lf', 'FTi', 'extensor')",0.0023692771260584696,0.0
closed_G4_walking_cluster_s1_c11_7004,"('lf', 'FTi', 'flexor')",0.001862519296158801,0.0
closed_G4_walking_cluster_s1_c11_7004,"('lf', 'ThC', 'adductor')",0.0,0.0
closed_G4_walking_cluster_s1_c11_7004,"('lf', 'ThC', 'promotor')",0.16082018760529018,0.0
closed_G4_walking_cluster_s1_c11_7004,"('lf', 'ThC', 'remotor')",0.028351495551110887,0.0
closed_G4_walking_cluster_s1_c11_7004,"('lf', 'ThC', 'rotator_ant')",1.8229471141630562e-11,0.0
closed_G4_walking_cluster_s1_c11_7004,"('lf', 'ThC', 'rotator_post')",0.0030011577341828672,0.0
closed_G4_walking_cluster_s1_c11_7004,"('lf', 'TiTa', 'depressor')",0.0,0.0
closed_G4_walking_cluster_s1_c11_7004,"('lf', 'TiTa', 'levator')",0.0,0.0
closed_G4_walking_cluster_s1_c11_7004,"('lf', 'TrF', 'reductor')",0.07838257856071917,0.0
closed_G4_walking_cluster_s1_c11_7004,"('lh', 'CTr', 'extensor')",0.03860049938805551,0.0
closed_G4_walking_cluster_s1_c11_7004,"('lh', 'CTr', 'flexor')",7.509413234798668e-10,0.0
closed_G4_walking_cluster_s1_c11_7004,"('lh', 'FTi', 'extensor')",0.13614261268748873,0.0
closed_G4_walking_cluster_s1_c11_7004,"('lh', 'FTi', 'flexor')",0.008103820923723632,0.0
closed_G4_walking_cluster_s1_c11_7004,"('lh', 'ThC', 'adductor')",0.0,0.0
closed_G4_walking_cluster_s1_c11_7004,"('lh', 'ThC', 'remotor')",0.0,0.0
closed_G4_walking_cluster_s1_c11_7004,"('lh', 'ThC', 'rotator_ant')",0.032626685276231075,0.0
closed_G4_walking_cluster_s1_c11_7004,"('lh', 'ThC', 'rotator_post')",0.0,0.0
closed_G4_walking_cluster_s1_c11_7004,"('lh', 'TiTa', 'depressor')",0.0027463571130910925,0.0
closed_G4_walking_cluster_s1_c11_7004,"('lh', 'TiTa', 'levator')",0.0,0.0
closed_G4_walking_cluster_s1_c11_7004,"('lh', 'TrF', 'reductor')",0.023003711504785765,0.0
closed_G4_walking_cluster_s1_c11_7004,"('lm', 'CTr', 'extensor')",0.009378421956178707,0.0
closed_G4_walking_cluster_s1_c11_7004,"('lm', 'CTr', 'flexor')",0.0,0.0
closed_G4_walking_cluster_s1_c11_7004,"('lm', 'FTi', 'extensor')",0.0,0.0
closed_G4_walking_cluster_s1_c11_7004,"('lm', 'FTi', 'flexor')",0.0013541707938091606,0.0
closed_G4_walking_cluster_s1_c11_7004,"('lm', 'ThC', 'remotor')",0.0,0.0
closed_G4_walking_cluster_s1_c11_7004,"('lm', 'ThC', 'rotator_ant')",0.09135943922528648,0.0
closed_G4_walking_cluster_s1_c11_7004,"('lm', 'ThC', 'rotator_post')",5.307593962646527e-09,0.0
closed_G4_walking_cluster_s1_c11_7004,"('lm', 'TiTa', 'depressor')",0.0,0.0
closed_G4_walking_cluster_s1_c11_7004,"('lm', 'TiTa', 'levator')",0.0,0.0
closed_G4_walking_cluster_s1_c11_7004,"('lm', 'TrF', 'reductor')",0.0016666633514288234,0.0
closed_G4_walking_cluster_s1_c11_7004,"('rf', 'CTr', 'extensor')",0.1510808392400562,0.0
closed_G4_walking_cluster_s1_c11_7004,"('rf', 'CTr', 'flexor')",0.0,0.0
closed_G4_walking_cluster_s1_c11_7004,"('rf', 'FTi', 'extensor')",0.01066960777683607,0.0
closed_G4_walking_cluster_s1_c11_7004,"('rf', 'FTi', 'flexor')",0.004479560522602967,0.0
closed_G4_walking_cluster_s1_c11_7004,"('rf', 'ThC', 'adductor')",0.0,0.0
closed_G4_walking_cluster_s1_c11_7004,"('rf', 'ThC', 'promotor')",0.12037242562306638,0.0
closed_G4_walking_cluster_s1_c11_7004,"('rf', 'ThC', 'remotor')",0.04270296207952568,0.0
closed_G4_walking_cluster_s1_c11_7004,"('rf', 'ThC', 'rotator_ant')",0.0,0.0
closed_G4_walking_cluster_s1_c11_7004,"('rf', 'ThC', 'rotator_post')",0.005664951220354143,0.0
closed_G4_walking_cluster_s1_c11_7004,"('rf', 'TiTa', 'depressor')",0.00012820512820224558,0.0
closed_G4_walking_cluster_s1_c11_7004,"('rf', 'TiTa', 'levator')",0.0,0.0
closed_G4_walking_cluster_s1_c11_7004,"('rf', 'TrF', 'reductor')",0.008888907856424528,0.0
closed_G4_walking_cluster_s1_c11_7004,"('rh', 'CTr', 'extensor')",0.026276745471717187,0.0
closed_G4_walking_cluster_s1_c11_7004,"('rh', 'CTr', 'flexor')",0.0,0.0
closed_G4_walking_cluster_s1_c11_7004,"('rh', 'FTi', 'extensor')",0.07714620879091078,0.0
closed_G4_walking_cluster_s1_c11_7004,"('rh', 'FTi', 'flexor')",0.008737831135360023,0.0
closed_G4_walking_cluster_s1_c11_7004,"('rh', 'ThC', 'adductor')",0.0,0.0
closed_G4_walking_cluster_s1_c11_7004,"('rh', 'ThC', 'remotor')",0.0,0.0
closed_G4_walking_cluster_s1_c11_7004,"('rh', 'ThC', 'rotator_ant')",7.751551653543227e-09,0.0
closed_G4_walking_cluster_s1_c11_7004,"('rh', 'ThC', 'rotator_post')",0.04042404594895193,0.0
closed_G4_walking_cluster_s1_c11_7004,"('rh', 'TiTa', 'depressor')",0.0,0.0
closed_G4_walking_cluster_s1_c11_7004,"('rh', 'TiTa', 'levator')",0.0,0.0
closed_G4_walking_cluster_s1_c11_7004,"('rh', 'TrF', 'reductor')",0.07127576781772063,0.0
closed_G4_walking_cluster_s1_c11_7004,"('rm', 'CTr', 'extensor')",0.0037501019738225977,0.0
closed_G4_walking_cluster_s1_c11_7004,"('rm', 'CTr', 'flexor')",0.0,0.0
closed_G4_walking_cluster_s1_c11_7004,"('rm', 'FTi', 'extensor')",0.10669216107593263,0.0
closed_G4_walking_cluster_s1_c11_7004,"('rm', 'FTi', 'flexor')",4.800428007220287e-10,0.0
closed_G4_walking_cluster_s1_c11_7004,"('rm', 'ThC', 'adductor')",0.0,0.0
closed_G4_walking_cluster_s1_c11_7004,"('rm', 'ThC', 'rotator_ant')",0.0016666612535216798,0.0
closed_G4_walking_cluster_s1_c11_7004,"('rm', 'ThC', 'rotator_post')",0.11025639123132804,0.0
closed_G4_walking_cluster_s1_c11_7004,"('rm', 'TiTa', 'depressor')",0.0,0.0
closed_G4_walking_cluster_s1_c11_7004,"('rm', 'TiTa', 'levator')",0.0,0.0
closed_G4_walking_cluster_s1_c11_7004,"('rm', 'TrF', 'reductor')",0.05163948558747793,0.0
closed_G4_walking_cluster_s2_c00_7000,"('lf', 'CTr', 'extensor')",0.24324768287548942,0.0
closed_G4_walking_cluster_s2_c00_7000,"('lf', 'CTr', 'flexor')",5.497183457705469e-12,0.0
closed_G4_walking_cluster_s2_c00_7000,"('lf', 'FTi', 'extensor')",0.00357064054925043,0.0
closed_G4_walking_cluster_s2_c00_7000,"('lf', 'FTi', 'flexor')",0.022145125036670276,0.0
closed_G4_walking_cluster_s2_c00_7000,"('lf', 'ThC', 'adductor')",0.0,0.0
closed_G4_walking_cluster_s2_c00_7000,"('lf', 'ThC', 'promotor')",0.1334693763133659,0.0
closed_G4_walking_cluster_s2_c00_7000,"('lf', 'ThC', 'remotor')",0.08348768754483371,0.0
closed_G4_walking_cluster_s2_c00_7000,"('lf', 'ThC', 'rotator_ant')",0.0,0.0
closed_G4_walking_cluster_s2_c00_7000,"('lf', 'ThC', 'rotator_post')",0.02145525090479222,0.0
closed_G4_walking_cluster_s2_c00_7000,"('lf', 'TiTa', 'depressor')",0.00015151515151515152,0.0
closed_G4_walking_cluster_s2_c00_7000,"('lf', 'TiTa', 'levator')",0.0,0.0
closed_G4_walking_cluster_s2_c00_7000,"('lf', 'TrF', 'reductor')",0.10823108032867781,0.0
closed_G4_walking_cluster_s2_c00_7000,"('lh', 'CTr', 'extensor')",0.025757913228615682,0.0
closed_G4_walking_cluster_s2_c00_7000,"('lh', 'CTr', 'flexor')",0.004283061686008681,0.0
closed_G4_walking_cluster_s2_c00_7000,"('lh', 'FTi', 'extensor')",0.21917237810978035,0.0
closed_G4_walking_cluster_s2_c00_7000,"('lh', 'FTi', 'flexor')",0.00019607849695544647,0.0
closed_G4_walking_cluster_s2_c00_7000,"('lh', 'ThC', 'adductor')",0.0,0.0
closed_G4_walking_cluster_s2_c00_7000,"('lh', 'ThC', 'remotor')",0.0,0.0
closed_G4_walking_cluster_s2_c00_7000,"('lh', 'ThC', 'rotator_ant')",0.030795418883267506,0.0
closed_G4_walking_cluster_s2_c00_7000,"('lh', 'ThC', 'rotator_post')",0.018660191543459038,0.0
closed_G4_walking_cluster_s2_c00_7000,"('lh', 'TiTa', 'depressor')",0.004456796121510451,0.0
closed_G4_walking_cluster_s2_c00_7000,"('lh', 'TiTa', 'levator')",0.0,0.0
closed_G4_walking_cluster_s2_c00_7000,"('lh', 'TrF', 'reductor')",0.03931742996588238,0.0
closed_G4_walking_cluster_s2_c00_7000,"('lm', 'CTr', 'extensor')",0.0006250000010284135,0.0
closed_G4_walking_cluster_s2_c00_7000,"('lm', 'CTr', 'flexor')",0.010170291049826577,0.0
closed_G4_walking_cluster_s2_c00_7000,"('lm', 'FTi', 'extensor')",0.033420360772553635,0.0
closed_G4_walking_cluster_s2_c00_7000,"('lm', 'FTi', 'flexor')",0.0,0.0
closed_G4_walking_cluster_s2_c00_7000,"('lm', 'ThC', 'remotor')",0.0,0.0
closed_G4_walking_cluster_s2_c00_7000,"('lm', 'ThC', 'rotator_ant')",0.21230117950815017,0.0
closed_G4_walking_cluster_s2_c00_7000,"('lm', 'ThC', 'rotator_post')",2.444690732574292e-11,0.0
closed_G4_walking_cluster_s2_c00_7000,"('lm', 'TiTa', 'depressor')",0.0,0.0
closed_G4_walking_cluster_s2_c00_7000,"('lm', 'TiTa', 'levator')",0.0,0.0
closed_G4_walking_cluster_s2_c00_7000,"('lm', 'TrF', 'reductor')",4.803831957303009e-12,0.0
closed_G4_walking_cluster_s2_c00_7000,"('rf', 'CTr', 'extensor')",0.1878782405734648,0.0
closed_G4_walking_cluster_s2_c00_7000,"('rf', 'CTr', 'flexor')",2.298484190097126e-12,0.0
closed_G4_walking_cluster_s2_c00_7000,"('rf', 'FTi', 'extensor')",0.02606262242142764,0.0
closed_G4_walking_cluster_s2_c00_7000,"('rf', 'FTi', 'flexor')",0.019632127318408105,0.0
closed_G4_walking_cluster_s2_c00_7000,"('rf', 'ThC', 'adductor')",0.0,0.0
closed_G4_walking_cluster_s2_c00_7000,"('rf', 'ThC', 'promotor')",0.08376835910807205,0.0
closed_G4_walking_cluster_s2_c00_7000,"('rf', 'ThC', 'remotor')",0.07726200450797686,0.0
closed_G4_walking_cluster_s2_c00_7000,"('rf', 'ThC', 'rotator_ant')",0.0006666666667382666,0.0
closed_G4_walking_cluster_s2_c00_7000,"('rf', 'ThC', 'rotator_post')",0.008248062824634472,0.0
closed_G4_walking_cluster_s2_c00_7000,"('rf', 'TiTa', 'depressor')",0.0027928861949507735,0.0
closed_G4_walking_cluster_s2_c00_7000,"('rf', 'TiTa', 'levator')",0.0,0.0
closed_G4_walking_cluster_s2_c00_7000,"('rf', 'TrF', 'reductor')",0.0033333333157665275,0.0
closed_G4_walking_cluster_s2_c00_7000,"('rh', 'CTr', 'extensor')",0.0033379644014612814,0.0
closed_G4_walking_cluster_s2_c00_7000,"('rh', 'CTr', 'flexor')",0.00402138631151904,0.0
closed_G4_walking_cluster_s2_c00_7000,"('rh', 'FTi', 'extensor')",0.1670422241201422,0.0
closed_G4_walking_cluster_s2_c00_7000,"('rh', 'FTi', 'flexor')",9.259259261964933e-05,0.0
closed_G4_walking_cluster_s2_c00_7000,"('rh', 'ThC', 'adductor')",0.0,0.0
closed_G4_walking_cluster_s2_c00_7000,"('rh', 'ThC', 'remotor')",0.0,0.0
closed_G4_walking_cluster_s2_c00_7000,"('rh', 'ThC', 'rotator_ant')",0.0,0.0
closed_G4_walking_cluster_s2_c00_7000,"('rh', 'ThC', 'rotator_post')",0.1860576491706446,0.0
closed_G4_walking_cluster_s2_c00_7000,"('rh', 'TiTa', 'depressor')",0.0,0.0
closed_G4_walking_cluster_s2_c00_7000,"('rh', 'TiTa', 'levator')",0.0056511013035072276,0.0
closed_G4_walking_cluster_s2_c00_7000,"('rh', 'TrF', 'reductor')",0.15545146267397364,0.0
closed_G4_walking_cluster_s2_c00_7000,"('rm', 'CTr', 'extensor')",0.0006252170402986025,0.0
closed_G4_walking_cluster_s2_c00_7000,"('rm', 'CTr', 'flexor')",3.6987213833987844e-11,0.0
closed_G4_walking_cluster_s2_c00_7000,"('rm', 'FTi', 'extensor')",0.24077952365797056,0.0
closed_G4_walking_cluster_s2_c00_7000,"('rm', 'FTi', 'flexor')",1.087149209376957e-13,0.0
closed_G4_walking_cluster_s2_c00_7000,"('rm', 'ThC', 'adductor')",0.0,0.0
closed_G4_walking_cluster_s2_c00_7000,"('rm', 'ThC', 'rotator_ant')",0.05929685478581496,0.0
closed_G4_walking_cluster_s2_c00_7000,"('rm', 'ThC', 'rotator_post')",0.013677173002540493,0.0
closed_G4_walking_cluster_s2_c00_7000,"('rm', 'TiTa', 'depressor')",0.0,0.0
closed_G4_walking_cluster_s2_c00_7000,"('rm', 'TiTa', 'levator')",0.0,0.0
closed_G4_walking_cluster_s2_c00_7000,"('rm', 'TrF', 'reductor')",0.036262600193271606,0.0
closed_G4_walking_cluster_s2_c00_7001,"('lf', 'CTr', 'extensor')",0.20044093640829883,0.0
closed_G4_walking_cluster_s2_c00_7001,"('lf', 'CTr', 'flexor')",6.739193036217674e-12,0.0
closed_G4_walking_cluster_s2_c00_7001,"('lf', 'FTi', 'extensor')",0.002666668024225516,0.0
closed_G4_walking_cluster_s2_c00_7001,"('lf', 'FTi', 'flexor')",0.01872550258934725,0.0
closed_G4_walking_cluster_s2_c00_7001,"('lf', 'ThC', 'adductor')",0.0,0.0
closed_G4_walking_cluster_s2_c00_7001,"('lf', 'ThC', 'promotor')",0.18218905242499886,0.0
closed_G4_walking_cluster_s2_c00_7001,"('lf', 'ThC', 'remotor')",0.053004218080780555,0.0
closed_G4_walking_cluster_s2_c00_7001,"('lf', 'ThC', 'rotator_ant')",0.0029999999999989024,0.0
closed_G4_walking_cluster_s2_c00_7001,"('lf', 'ThC', 'rotator_post')",1.7596366625059174e-07,0.0
closed_G4_walking_cluster_s2_c00_7001,"('lf', 'TiTa', 'depressor')",0.00015151515151464096,0.0
closed_G4_walking_cluster_s2_c00_7001,"('lf', 'TiTa', 'levator')",0.0,0.0
closed_G4_walking_cluster_s2_c00_7001,"('lf', 'TrF', 'reductor')",0.13615520311852422,0.0
closed_G4_walking_cluster_s2_c00_7001,"('lh', 'CTr', 'extensor')",0.027202447232511442,0.0
closed_G4_walking_cluster_s2_c00_7001,"('lh', 'CTr', 'flexor')",0.0006819022402714847,0.0
closed_G4_walking_cluster_s2_c00_7001,"('lh', 'FTi', 'extensor')",0.23489338684590882,0.0
closed_G4_walking_cluster_s2_c00_7001,"('lh', 'FTi', 'flexor')",0.001986981522809191,0.0
closed_G4_walking_cluster_s2_c00_7001,"('lh', 'ThC', 'adductor')",0.0,0.0
closed_G4_walking_cluster_s2_c00_7001,"('lh', 'ThC', 'remotor')",0.0,0.0
closed_G4_walking_cluster_s2_c00_7001,"('lh', 'ThC', 'rotator_ant')",0.011889550506802024,0.0
closed_G4_walking_cluster_s2_c00_7001,"('lh', 'ThC', 'rotator_post')",0.011331152068958612,0.0
closed_G4_walking_cluster_s2_c00_7001,"('lh', 'TiTa', 'depressor')",0.004861784514588437,0.0
closed_G4_walking_cluster_s2_c00_7001,"('lh', 'TiTa', 'levator')",0.0,0.0
closed_G4_walking_cluster_s2_c00_7001,"('lh', 'TrF', 'reductor')",0.06789930326652201,0.0
closed_G4_walking_cluster_s2_c00_7001,"('lm', 'CTr', 'extensor')",0.0,0.0
closed_G4_walking_cluster_s2_c00_7001,"('lm', 'CTr', 'flexor')",0.026245884853493138,0.0
closed_G4_walking_cluster_s2_c00_7001,"('lm', 'FTi', 'extensor')",0.007666926521474796,0.0
closed_G4_walking_cluster_s2_c00_7001,"('lm', 'FTi', 'flexor')",0.0,0.0
closed_G4_walking_cluster_s2_c00_7001,"('lm', 'ThC', 'remotor')",0.0,0.0
closed_G4_walking_cluster_s2_c00_7001,"('lm', 'ThC', 'rotator_ant')",0.16973727217356877,0.0
closed_G4_walking_cluster_s2_c00_7001,"('lm', 'ThC', 'rotator_post')",7.072199235374299e-09,0.0
closed_G4_walking_cluster_s2_c00_7001,"('lm', 'TiTa', 'depressor')",0.0,0.0
closed_G4_walking_cluster_s2_c00_7001,"('lm', 'TiTa', 'levator')",0.0,0.0
closed_G4_walking_cluster_s2_c00_7001,"('lm', 'TrF', 'reductor')",1.317468727193562e-09,0.0
closed_G4_walking_cluster_s2_c00_7001,"('rf', 'CTr', 'extensor')",0.17801080503966382,0.0
closed_G4_walking_cluster_s2_c00_7001,"('rf', 'CTr', 'flexor')",3.804974773528002e-09,0.0
closed_G4_walking_cluster_s2_c00_7001,"('rf', 'FTi', 'extensor')",0.031000827961508784,0.0
closed_G4_walking_cluster_s2_c00_7001,"('rf', 'FTi', 'flexor')",0.021198822806619246,0.0
closed_G4_walking_cluster_s2_c00_7001,"('rf', 'ThC', 'adductor')",0.0,0.0
closed_G4_walking_cluster_s2_c00_7001,"('rf', 'ThC', 'promotor')",0.10782913965706663,0.0
closed_G4_walking_cluster_s2_c00_7001,"('rf', 'ThC', 'remotor')",0.05260488644175159,0.0
closed_G4_walking_cluster_s2_c00_7001,"('rf', 'ThC', 'rotator_ant')",1.6111058615063203e-13,0.0
closed_G4_walking_cluster_s2_c00_7001,"('rf', 'ThC', 'rotator_post')",0.000999983268928096,0.0
closed_G4_walking_cluster_s2_c00_7001,"('rf', 'TiTa', 'depressor')",0.0024358973593567855,0.0
closed_G4_walking_cluster_s2_c00_7001,"('rf', 'TiTa', 'levator')",0.0,0.0
closed_G4_walking_cluster_s2_c00_7001,"('rf', 'TrF', 'reductor')",0.005967209954088761,0.0
closed_G4_walking_cluster_s2_c00_7001,"('rh', 'CTr', 'extensor')",0.012857081713068829,0.0
closed_G4_walking_cluster_s2_c00_7001,"('rh', 'CTr', 'flexor')",0.0010766077227515342,0.0
closed_G4_walking_cluster_s2_c00_7001,"('rh', 'FTi', 'extensor')",0.19618374783318826,0.0
closed_G4_walking_cluster_s2_c00_7001,"('rh', 'FTi', 'flexor')",0.0005555555555943001,0.0
closed_G4_walking_cluster_s2_c00_7001,"('rh', 'ThC', 'adductor')",0.0,0.0
closed_G4_walking_cluster_s2_c00_7001,"('rh', 'ThC', 'remotor')",0.0,0.0
closed_G4_walking_cluster_s2_c00_7001,"('rh', 'ThC', 'rotator_ant')",0.0,0.0
closed_G4_walking_cluster_s2_c00_7001,"('rh', 'ThC', 'rotator_post')",0.190105202729355,0.0
closed_G4_walking_cluster_s2_c00_7001,"('rh', 'TiTa', 'depressor')",0.0,0.0
closed_G4_walking_cluster_s2_c00_7001,"('rh', 'TiTa', 'levator')",0.00144166426740403,0.0
closed_G4_walking_cluster_s2_c00_7001,"('rh', 'TrF', 'reductor')",0.17344096304435558,0.0
closed_G4_walking_cluster_s2_c00_7001,"('rm', 'CTr', 'extensor')",0.0002083333335893103,0.0
closed_G4_walking_cluster_s2_c00_7001,"('rm', 'CTr', 'flexor')",5.5593449250013134e-09,0.0
closed_G4_walking_cluster_s2_c00_7001,"('rm', 'FTi', 'extensor')",0.23947133237406212,0.0
closed_G4_walking_cluster_s2_c00_7001,"('rm', 'FTi', 'flexor')",1.7567124269104398e-13,0.0
closed_G4_walking_cluster_s2_c00_7001,"('rm', 'ThC', 'adductor')",0.0,0.0
closed_G4_walking_cluster_s2_c00_7001,"('rm', 'ThC', 'rotator_ant')",0.006288326506056395,0.0
closed_G4_walking_cluster_s2_c00_7001,"('rm', 'ThC', 'rotator_post')",0.07571210906210465,0.0
closed_G4_walking_cluster_s2_c00_7001,"('rm', 'TiTa', 'depressor')",4.23861235317771e-10,0.0
closed_G4_walking_cluster_s2_c00_7001,"('rm', 'TiTa', 'levator')",0.0,0.0
closed_G4_walking_cluster_s2_c00_7001,"('rm', 'TrF', 'reductor')",0.017696209818141434,0.0
closed_G4_walking_cluster_s2_c00_7002,"('lf', 'CTr', 'extensor')",0.31366079121454926,0.0
closed_G4_walking_cluster_s2_c00_7002,"('lf', 'CTr', 'flexor')",0.0,0.0
closed_G4_walking_cluster_s2_c00_7002,"('lf', 'FTi', 'extensor')",0.0010000020180917428,0.0
closed_G4_walking_cluster_s2_c00_7002,"('lf', 'FTi', 'flexor')",0.023861085785798233,0.0
closed_G4_walking_cluster_s2_c00_7002,"('lf', 'ThC', 'adductor')",1.645209770532158e-11,0.0
closed_G4_walking_cluster_s2_c00_7002,"('lf', 'ThC', 'promotor')",0.05561995050269457,0.0
closed_G4_walking_cluster_s2_c00_7002,"('lf', 'ThC', 'remotor')",0.11098533319722612,0.0
closed_G4_walking_cluster_s2_c00_7002,"('lf', 'ThC', 'rotator_ant')",0.0,0.0
closed_G4_walking_cluster_s2_c00_7002,"('lf', 'ThC', 'rotator_post')",0.014986249919061336,0.0
closed_G4_walking_cluster_s2_c00_7002,"('lf', 'TiTa', 'depressor')",0.00045454545454545417,0.0
closed_G4_walking_cluster_s2_c00_7002,"('lf', 'TiTa', 'levator')",0.0,0.0
closed_G4_walking_cluster_s2_c00_7002,"('lf', 'TrF', 'reductor')",0.0532964760373649,0.0
closed_G4_walking_cluster_s2_c00_7002,"('lh', 'CTr', 'extensor')",0.040820579274624735,0.0
closed_G4_walking_cluster_s2_c00_7002,"('lh', 'CTr', 'flexor')",0.00033333463878452817,0.0
closed_G4_walking_cluster_s2_c00_7002,"('lh', 'FTi', 'extensor')",0.21702174652274414,0.0
closed_G4_walking_cluster_s2_c00_7002,"('lh', 'FTi', 'flexor')",1.46354671511029e-07,0.0
closed_G4_walking_cluster_s2_c00_7002,"('lh', 'ThC', 'adductor')",0.0,0.0
closed_G4_walking_cluster_s2_c00_7002,"('lh', 'ThC', 'remotor')",0.0,0.0
closed_G4_walking_cluster_s2_c00_7002,"('lh', 'ThC', 'rotator_ant')",0.04773953520052942,0.0
closed_G4_walking_cluster_s2_c00_7002,"('lh', 'ThC', 'rotator_post')",0.008694932438293853,0.0
closed_G4_walking_cluster_s2_c00_7002,"('lh', 'TiTa', 'depressor')",0.003610994019701538,0.0
closed_G4_walking_cluster_s2_c00_7002,"('lh', 'TiTa', 'levator')",0.0,0.0
closed_G4_walking_cluster_s2_c00_7002,"('lh', 'TrF', 'reductor')",0.008000027242630221,0.0
closed_G4_walking_cluster_s2_c00_7002,"('lm', 'CTr', 'extensor')",0.0,0.0
closed_G4_walking_cluster_s2_c00_7002,"('lm', 'CTr', 'flexor')",0.024383978249313657,0.0
closed_G4_walking_cluster_s2_c00_7002,"('lm', 'FTi', 'extensor')",0.04799602130247297,0.0
closed_G4_walking_cluster_s2_c00_7002,"('lm', 'FTi', 'flexor')",0.0,0.0
closed_G4_walking_cluster_s2_c00_7002,"('lm', 'ThC', 'remotor')",0.0,0.0
closed_G4_walking_cluster_s2_c00_7002,"('lm', 'ThC', 'rotator_ant')",0.19258231335875142,0.0
closed_G4_walking_cluster_s2_c00_7002,"('lm', 'ThC', 'rotator_post')",3.2958641460869434e-09,0.0
closed_G4_walking_cluster_s2_c00_7002,"('lm', 'TiTa', 'depressor')",0.0,0.0
closed_G4_walking_cluster_s2_c00_7002,"('lm', 'TiTa', 'levator')",0.0,0.0
closed_G4_walking_cluster_s2_c00_7002,"('lm', 'TrF', 'reductor')",0.0,0.0
closed_G4_walking_cluster_s2_c00_7002,"('rf', 'CTr', 'extensor')",0.2992009856479827,0.0
closed_G4_walking_cluster_s2_c00_7002,"('rf', 'CTr', 'flexor')",7.199947133496108e-10,0.0
closed_G4_walking_cluster_s2_c00_7002,"('rf', 'FTi', 'extensor')",0.0159553192298537,0.0
closed_G4_walking_cluster_s2_c00_7002,"('rf', 'FTi', 'flexor')",0.021280011039827518,0.0
closed_G4_walking_cluster_s2_c00_7002,"('rf', 'ThC', 'adductor')",0.0,0.0
closed_G4_walking_cluster_s2_c00_7002,"('rf', 'ThC', 'promotor')",0.03485702088842721,0.0
closed_G4_walking_cluster_s2_c00_7002,"('rf', 'ThC', 'remotor')",0.09606993059572243,0.0
closed_G4_walking_cluster_s2_c00_7002,"('rf', 'ThC', 'rotator_ant')",0.0003333333333333333,0.0
closed_G4_walking_cluster_s2_c00_7002,"('rf', 'ThC', 'rotator_post')",0.03503305867301596,0.0
closed_G4_walking_cluster_s2_c00_7002,"('rf', 'TiTa', 'depressor')",0.006458217365534784,0.0
closed_G4_walking_cluster_s2_c00_7002,"('rf', 'TiTa', 'levator')",0.0,0.0
closed_G4_walking_cluster_s2_c00_7002,"('rf', 'TrF', 'reductor')",0.0,0.0
closed_G4_walking_cluster_s2_c00_7002,"('rh', 'CTr', 'extensor')",0.007457873620948721,0.0
closed_G4_walking_cluster_s2_c00_7002,"('rh', 'CTr', 'flexor')",0.0031740616968483457,0.0
closed_G4_walking_cluster_s2_c00_7002,"('rh', 'FTi', 'extensor')",0.17844852248010531,0.0
closed_G4_walking_cluster_s2_c00_7002,"('rh', 'FTi', 'flexor')",1.3770545605618185e-13,0.0
closed_G4_walking_cluster_s2_c00_7002,"('rh', 'ThC', 'adductor')",0.0,0.0
closed_G4_walking_cluster_s2_c00_7002,"('rh', 'ThC', 'remotor')",0.0,0.0
closed_G4_walking_cluster_s2_c00_7002,"('rh', 'ThC', 'rotator_ant')",0.0,0.0
closed_G4_walking_cluster_s2_c00_7002,"('rh', 'ThC', 'rotator_post')",0.21136993639750953,0.0
closed_G4_walking_cluster_s2_c00_7002,"('rh', 'TiTa', 'depressor')",0.0,0.0
closed_G4_walking_cluster_s2_c00_7002,"('rh', 'TiTa', 'levator')",0.0011789029232800812,0.0
closed_G4_walking_cluster_s2_c00_7002,"('rh', 'TrF', 'reductor')",0.1803079866134113,0.0
closed_G4_walking_cluster_s2_c00_7002,"('rm', 'CTr', 'extensor')",0.0006250009004544372,0.0
closed_G4_walking_cluster_s2_c00_7002,"('rm', 'CTr', 'flexor')",0.0016666666741252476,0.0
closed_G4_walking_cluster_s2_c00_7002,"('rm', 'FTi', 'extensor')",0.23467265611705415,0.0
closed_G4_walking_cluster_s2_c00_7002,"('rm', 'FTi', 'flexor')",1.2250539918036845e-10,0.0
closed_G4_walking_cluster_s2_c00_7002,"('rm', 'ThC', 'adductor')",0.0,0.0
closed_G4_walking_cluster_s2_c00_7002,"('rm', 'ThC', 'rotator_ant')",0.04606223296636457,0.0
closed_G4_walking_cluster_s2_c00_7002,"('rm', 'ThC', 'rotator_post')",0.02904009420024984,0.0
closed_G4_walking_cluster_s2_c00_7002,"('rm', 'TiTa', 'depressor')",0.0,0.0
closed_G4_walking_cluster_s2_c00_7002,"('rm', 'TiTa', 'levator')",0.0,0.0
closed_G4_walking_cluster_s2_c00_7002,"('rm', 'TrF', 'reductor')",0.031996014276082535,0.0
closed_G4_walking_cluster_s2_c00_7003,"('lf', 'CTr', 'extensor')",0.2609491261075671,0.0
closed_G4_walking_cluster_s2_c00_7003,"('lf', 'CTr', 'flexor')",2.1937402419024586e-11,0.0
closed_G4_walking_cluster_s2_c00_7003,"('lf', 'FTi', 'extensor')",0.001333333333764428,0.0
closed_G4_walking_cluster_s2_c00_7003,"('lf', 'FTi', 'flexor')",0.022015206266504127,0.0
closed_G4_walking_cluster_s2_c00_7003,"('lf', 'ThC', 'adductor')",0.0,0.0
closed_G4_walking_cluster_s2_c00_7003,"('lf', 'ThC', 'promotor')",0.10886161015778843,0.0
closed_G4_walking_cluster_s2_c00_7003,"('lf', 'ThC', 'remotor')",0.0975763822308095,0.0
closed_G4_walking_cluster_s2_c00_7003,"('lf', 'ThC', 'rotator_ant')",2.5050898801626043e-08,0.0
closed_G4_walking_cluster_s2_c00_7003,"('lf', 'ThC', 'rotator_post')",0.020295441566150176,0.0
closed_G4_walking_cluster_s2_c00_7003,"('lf', 'TiTa', 'depressor')",0.00015151515151515152,0.0
closed_G4_walking_cluster_s2_c00_7003,"('lf', 'TiTa', 'levator')",0.0,0.0
closed_G4_walking_cluster_s2_c00_7003,"('lf', 'TrF', 'reductor')",0.09545773931167696,0.0
closed_G4_walking_cluster_s2_c00_7003,"('lh', 'CTr', 'extensor')",0.05223693718792641,0.0
closed_G4_walking_cluster_s2_c00_7003,"('lh', 'CTr', 'flexor')",0.0010001945833157527,0.0
closed_G4_walking_cluster_s2_c00_7003,"('lh', 'FTi', 'extensor')",0.21739346665193823,0.0
closed_G4_walking_cluster_s2_c00_7003,"('lh', 'FTi', 'flexor')",0.00197633889996475,0.0
closed_G4_walking_cluster_s2_c00_7003,"('lh', 'ThC', 'adductor')",0.0,0.0
closed_G4_walking_cluster_s2_c00_7003,"('lh', 'ThC', 'remotor')",0.0,0.0
closed_G4_walking_cluster_s2_c00_7003,"('lh', 'ThC', 'rotator_ant')",0.03973340161410463,0.0
closed_G4_walking_cluster_s2_c00_7003,"('lh', 'ThC', 'rotator_post')",0.009333409524777878,0.0
closed_G4_walking_cluster_s2_c00_7003,"('lh', 'TiTa', 'depressor')",0.009583186391238173,0.0
closed_G4_walking_cluster_s2_c00_7003,"('lh', 'TiTa', 'levator')",0.0,0.0
closed_G4_walking_cluster_s2_c00_7003,"('lh', 'TrF', 'reductor')",0.01941719921873168,0.0
closed_G4_walking_cluster_s2_c00_7003,"('lm', 'CTr', 'extensor')",0.0,0.0
closed_G4_walking_cluster_s2_c00_7003,"('lm', 'CTr', 'flexor')",0.025380022511037395,0.0
closed_G4_walking_cluster_s2_c00_7003,"('lm', 'FTi', 'extensor')",0.023036654704248014,0.0
closed_G4_walking_cluster_s2_c00_7003,"('lm', 'FTi', 'flexor')",0.0,0.0
closed_G4_walking_cluster_s2_c00_7003,"('lm', 'ThC', 'remotor')",0.0,0.0
closed_G4_walking_cluster_s2_c00_7003,"('lm', 'ThC', 'rotator_ant')",0.1650935035025168,0.0
closed_G4_walking_cluster_s2_c00_7003,"('lm', 'ThC', 'rotator_post')",7.13529215797863e-09,0.0
closed_G4_walking_cluster_s2_c00_7003,"('lm', 'TiTa', 'depressor')",0.0,0.0
closed_G4_walking_cluster_s2_c00_7003,"('lm', 'TiTa', 'levator')",0.0,0.0
closed_G4_walking_cluster_s2_c00_7003,"('lm', 'TrF', 'reductor')",0.0,0.0
closed_G4_walking_cluster_s2_c00_7003,"('rf', 'CTr', 'extensor')",0.30281911299786524,0.0
closed_G4_walking_cluster_s2_c00_7003,"('rf', 'CTr', 'flexor')",0.0,0.0
closed_G4_walking_cluster_s2_c00_7003,"('rf', 'FTi', 'extensor')",0.025652416087186075,0.0
closed_G4_walking_cluster_s2_c00_7003,"('rf', 'FTi', 'flexor')",0.01980593879316711,0.0
closed_G4_walking_cluster_s2_c00_7003,"('rf', 'ThC', 'adductor')",0.0,0.0
closed_G4_walking_cluster_s2_c00_7003,"('rf', 'ThC', 'promotor')",0.05363485804967223,0.0
closed_G4_walking_cluster_s2_c00_7003,"('rf', 'ThC', 'remotor')",0.08035743135259889,0.0
closed_G4_walking_cluster_s2_c00_7003,"('rf', 'ThC', 'rotator_ant')",0.0,0.0
closed_G4_walking_cluster_s2_c00_7003,"('rf', 'ThC', 'rotator_post')",0.036648327860507604,0.0
closed_G4_walking_cluster_s2_c00_7003,"('rf', 'TiTa', 'depressor')",0.005974198112014264,0.0
closed_G4_walking_cluster_s2_c00_7003,"('rf', 'TiTa', 'levator')",0.0,0.0
closed_G4_walking_cluster_s2_c00_7003,"('rf', 'TrF', 'reductor')",0.0,0.0
closed_G4_walking_cluster_s2_c00_7003,"('rh', 'CTr', 'extensor')",0.01162696327879239,0.0
closed_G4_walking_cluster_s2_c00_7003,"('rh', 'CTr', 'flexor')",0.0031666698701646686,0.0
closed_G4_walking_cluster_s2_c00_7003,"('rh', 'FTi', 'extensor')",0.1814558576183277,0.0
closed_G4_walking_cluster_s2_c00_7003,"('rh', 'FTi', 'flexor')",9.259259247385192e-05,0.0
closed_G4_walking_cluster_s2_c00_7003,"('rh', 'ThC', 'adductor')",0.0,0.0
closed_G4_walking_cluster_s2_c00_7003,"('rh', 'ThC', 'remotor')",0.0,0.0
closed_G4_walking_cluster_s2_c00_7003,"('rh', 'ThC', 'rotator_ant')",0.0,0.0
closed_G4_walking_cluster_s2_c00_7003,"('rh', 'ThC', 'rotator_post')",0.18127337892355055,0.0
closed_G4_walking_cluster_s2_c00_7003,"('rh', 'TiTa', 'depressor')",0.00015151515151515152,0.0
closed_G4_walking_cluster_s2_c00_7003,"('rh', 'TiTa', 'levator')",0.0019999967495606683,0.0
closed_G4_walking_cluster_s2_c00_7003,"('rh', 'TrF', 'reductor')",0.15130782055736325,0.0
closed_G4_walking_cluster_s2_c00_7003,"('rm', 'CTr', 'extensor')",0.000625000936770098,0.0
closed_G4_walking_cluster_s2_c00_7003,"('rm', 'CTr', 'flexor')",0.0,0.0
closed_G4_walking_cluster_s2_c00_7003,"('rm', 'FTi', 'extensor')",0.23009628946812297,0.0
closed_G4_walking_cluster_s2_c00_7003,"('rm', 'FTi', 'flexor')",2.7708480023837644e-11,0.0
closed_G4_walking_cluster_s2_c00_7003,"('rm', 'ThC', 'adductor')",0.0,0.0
closed_G4_walking_cluster_s2_c00_7003,"('rm', 'ThC', 'rotator_ant')",0.02353029774470513,0.0
closed_G4_walking_cluster_s2_c00_7003,"('rm', 'ThC', 'rotator_post')",0.04328743660251562,0.0
closed_G4_walking_cluster_s2_c00_7003,"('rm', 'TiTa', 'depressor')",2.210743954181551e-10,0.0
closed_G4_walking_cluster_s2_c00_7003,"('rm', 'TiTa', 'levator')",0.0,0.0
closed_G4_walking_cluster_s2_c00_7003,"('rm', 'TrF', 'reductor')",0.01881239318024882,0.0
closed_G4_walking_cluster_s2_c00_7004,"('lf', 'CTr', 'extensor')",0.23590771782778333,0.0
closed_G4_walking_cluster_s2_c00_7004,"('lf', 'CTr', 'flexor')",5.534315241049862e-11,0.0
closed_G4_walking_cluster_s2_c00_7004,"('lf', 'FTi', 'extensor')",0.001666802517301295,0.0
closed_G4_walking_cluster_s2_c00_7004,"('lf', 'FTi', 'flexor')",0.02189813813672844,0.0
closed_G4_walking_cluster_s2_c00_7004,"('lf', 'ThC', 'adductor')",0.0,0.0
closed_G4_walking_cluster_s2_c00_7004,"('lf', 'ThC', 'promotor')",0.12324780959033546,0.0
closed_G4_walking_cluster_s2_c00_7004,"('lf', 'ThC', 'remotor')",0.07657076224049135,0.0
closed_G4_walking_cluster_s2_c00_7004,"('lf', 'ThC', 'rotator_ant')",0.001333333333333331,0.0
closed_G4_walking_cluster_s2_c00_7004,"('lf', 'ThC', 'rotator_post')",0.009666603506558413,0.0
closed_G4_walking_cluster_s2_c00_7004,"('lf', 'TiTa', 'depressor')",0.000303030303030303,0.0
closed_G4_walking_cluster_s2_c00_7004,"('lf', 'TiTa', 'levator')",0.0,0.0
closed_G4_walking_cluster_s2_c00_7004,"('lf', 'TrF', 'reductor')",0.10293825395412046,0.0
closed_G4_walking_cluster_s2_c00_7004,"('lh', 'CTr', 'extensor')",0.030349463056686676,0.0
closed_G4_walking_cluster_s2_c00_7004,"('lh', 'CTr', 'flexor')",0.0010000025335582404,0.0
closed_G4_walking_cluster_s2_c00_7004,"('lh', 'FTi', 'extensor')",0.21622779886778595,0.0
closed_G4_walking_cluster_s2_c00_7004,"('lh', 'FTi', 'flexor')",0.0008823676968289589,0.0
closed_G4_walking_cluster_s2_c00_7004,"('lh', 'ThC', 'adductor')",0.0,0.0
closed_G4_walking_cluster_s2_c00_7004,"('lh', 'ThC', 'remotor')",0.0,0.0
closed_G4_walking_cluster_s2_c00_7004,"('lh', 'ThC', 'rotator_ant')",0.023125879850369468,0.0
closed_G4_walking_cluster_s2_c00_7004,"('lh', 'ThC', 'rotator_post')",0.010218952201014138,0.0
closed_G4_walking_cluster_s2_c00_7004,"('lh', 'TiTa', 'depressor')",0.0077789070588155625,0.0
closed_G4_walking_cluster_s2_c00_7004,"('lh', 'TiTa', 'levator')",0.0,0.0
closed_G4_walking_cluster_s2_c00_7004,"('lh', 'TrF', 'reductor')",0.03163430663730922,0.0
closed_G4_walking_cluster_s2_c00_7004,"('lm', 'CTr', 'extensor')",0.0,0.0
closed_G4_walking_cluster_s2_c00_7004,"('lm', 'CTr', 'flexor')",0.007248613446773146,0.0
closed_G4_walking_cluster_s2_c00_7004,"('lm', 'FTi', 'extensor')",0.040898916282306824,0.0
closed_G4_walking_cluster_s2_c00_7004,"('lm', 'FTi', 'flexor')",0.0,0.0
closed_G4_walking_cluster_s2_c00_7004,"('lm', 'ThC', 'remotor')",0.0,0.0
closed_G4_walking_cluster_s2_c00_7004,"('lm', 'ThC', 'rotator_ant')",0.20091435644189104,0.0
closed_G4_walking_cluster_s2_c00_7004,"('lm', 'ThC', 'rotator_post')",1.869044739292895e-09,0.0
closed_G4_walking_cluster_s2_c00_7004,"('lm', 'TiTa', 'depressor')",0.0001282051282038595,0.0
closed_G4_walking_cluster_s2_c00_7004,"('lm', 'TiTa', 'levator')",0.0,0.0
closed_G4_walking_cluster_s2_c00_7004,"('lm', 'TrF', 'reductor')",0.0,0.0
closed_G4_walking_cluster_s2_c00_7004,"('rf', 'CTr', 'extensor')",0.3112636546679603,0.0
closed_G4_walking_cluster_s2_c00_7004,"('rf', 'CTr', 'flexor')",0.0,0.0
closed_G4_walking_cluster_s2_c00_7004,"('rf', 'FTi', 'extensor')",0.031075103204293807,0.0
closed_G4_walking_cluster_s2_c00_7004,"('rf', 'FTi', 'flexor')",0.020674005477392593,0.0
closed_G4_walking_cluster_s2_c00_7004,"('rf', 'ThC', 'adductor')",1.161882046622113e-09,0.0
closed_G4_walking_cluster_s2_c00_7004,"('rf', 'ThC', 'promotor')",0.05666858755291181,0.0
closed_G4_walking_cluster_s2_c00_7004,"('rf', 'ThC', 'remotor')",0.08164414541715159,0.0
closed_G4_walking_cluster_s2_c00_7004,"('rf', 'ThC', 'rotator_ant')",0.0003333333333333333,0.0
closed_G4_walking_cluster_s2_c00_7004,"('rf', 'ThC', 'rotator_post')",0.03309987537383752,0.0
closed_G4_walking_cluster_s2_c00_7004,"('rf', 'TiTa', 'depressor')",0.0065420243174308815,0.0
closed_G4_walking_cluster_s2_c00_7004,"('rf', 'TiTa', 'levator')",0.0,0.0
closed_G4_walking_cluster_s2_c00_7004,"('rf', 'TrF', 'reductor')",0.0,0.0
closed_G4_walking_cluster_s2_c00_7004,"('rh', 'CTr', 'extensor')",0.010033681765307015,0.0
closed_G4_walking_cluster_s2_c00_7004,"('rh', 'CTr', 'flexor')",0.001500001760961603,0.0
closed_G4_walking_cluster_s2_c00_7004,"('rh', 'FTi', 'extensor')",0.19183719785669548,0.0
closed_G4_walking_cluster_s2_c00_7004,"('rh', 'FTi', 'flexor')",0.00027777777779568115,0.0
closed_G4_walking_cluster_s2_c00_7004,"('rh', 'ThC', 'adductor')",0.0,0.0
closed_G4_walking_cluster_s2_c00_7004,"('rh', 'ThC', 'remotor')",0.0,0.0
closed_G4_walking_cluster_s2_c00_7004,"('rh', 'ThC', 'rotator_ant')",0.0,0.0
closed_G4_walking_cluster_s2_c00_7004,"('rh', 'ThC', 'rotator_post')",0.1975198593242764,0.0
closed_G4_walking_cluster_s2_c00_7004,"('rh', 'TiTa', 'depressor')",0.00015151515151515152,0.0
closed_G4_walking_cluster_s2_c00_7004,"('rh', 'TiTa', 'levator')",0.004000000000000002,0.0
closed_G4_walking_cluster_s2_c00_7004,"('rh', 'TrF', 'reductor')",0.15131634476640446,0.0
closed_G4_walking_cluster_s2_c00_7004,"('rm', 'CTr', 'extensor')",0.0012500021411988198,0.0
closed_G4_walking_cluster_s2_c00_7004,"('rm', 'CTr', 'flexor')",0.0006666666666666666,0.0
closed_G4_walking_cluster_s2_c00_7004,"('rm', 'FTi', 'extensor')",0.24692428894852006,0.0
closed_G4_walking_cluster_s2_c00_7004,"('rm', 'FTi', 'flexor')",1.4288426788787694e-10,0.0
closed_G4_walking_cluster_s2_c00_7004,"('rm', 'ThC', 'adductor')",0.0,0.0
closed_G4_walking_cluster_s2_c00_7004,"('rm', 'ThC', 'rotator_ant')",0.06957223148436466,0.0
closed_G4_walking_cluster_s2_c00_7004,"('rm', 'ThC', 'rotator_post')",0.018671475164425112,0.0
closed_G4_walking_cluster_s2_c00_7004,"('rm', 'TiTa', 'depressor')",5.0437985353717826e-11,0.0
closed_G4_walking_cluster_s2_c00_7004,"('rm', 'TiTa', 'levator')",0.0,0.0
closed_G4_walking_cluster_s2_c00_7004,"('rm', 'TrF', 'reductor')",0.03385002685112437,0.0
closed_G4_walking_cluster_s2_c01_7000,"('lf', 'CTr', 'extensor')",0.24573027939658967,0.0
closed_G4_walking_cluster_s2_c01_7000,"('lf', 'CTr', 'flexor')",0.0,0.0
closed_G4_walking_cluster_s2_c01_7000,"('lf', 'FTi', 'extensor')",0.004999966742508437,0.0
closed_G4_walking_cluster_s2_c01_7000,"('lf', 'FTi', 'flexor')",0.022676373937093288,0.0
closed_G4_walking_cluster_s2_c01_7000,"('lf', 'ThC', 'adductor')",0.0,0.0
closed_G4_walking_cluster_s2_c01_7000,"('lf', 'ThC', 'promotor')",0.12929570908292914,0.0
closed_G4_walking_cluster_s2_c01_7000,"('lf', 'ThC', 'remotor')",0.08721539315778196,0.0
closed_G4_walking_cluster_s2_c01_7000,"('lf', 'ThC', 'rotator_ant')",0.0,0.0
closed_G4_walking_cluster_s2_c01_7000,"('lf', 'ThC', 'rotator_post')",0.019522187907176344,0.0
closed_G4_walking_cluster_s2_c01_7000,"('lf', 'TiTa', 'depressor')",0.0003030303030303029,0.0
closed_G4_walking_cluster_s2_c01_7000,"('lf', 'TiTa', 'levator')",0.0,0.0
closed_G4_walking_cluster_s2_c01_7000,"('lf', 'TrF', 'reductor')",0.10178055041537035,0.0
closed_G4_walking_cluster_s2_c01_7000,"('lh', 'CTr', 'extensor')",0.013204607627339136,0.0
closed_G4_walking_cluster_s2_c01_7000,"('lh', 'CTr', 'flexor')",0.004167313018179559,0.0
closed_G4_walking_cluster_s2_c01_7000,"('lh', 'FTi', 'extensor')",0.22451726429374003,0.0
closed_G4_walking_cluster_s2_c01_7000,"('lh', 'FTi', 'flexor')",1.0986570389742065e-12,0.0
closed_G4_walking_cluster_s2_c01_7000,"('lh', 'ThC', 'adductor')",0.0,0.0
closed_G4_walking_cluster_s2_c01_7000,"('lh', 'ThC', 'remotor')",0.0,0.0
closed_G4_walking_cluster_s2_c01_7000,"('lh', 'ThC', 'rotator_ant')",0.023845780834521123,0.0
closed_G4_walking_cluster_s2_c01_7000,"('lh', 'ThC', 'rotator_post')",0.009994310158599359,0.0
closed_G4_walking_cluster_s2_c01_7000,"('lh', 'TiTa', 'depressor')",0.0031392988458919416,0.0
closed_G4_walking_cluster_s2_c01_7000,"('lh', 'TiTa', 'levator')",0.0,0.0
closed_G4_walking_cluster_s2_c01_7000,"('lh', 'TrF', 'reductor')",0.04157316079334794,0.0
closed_G4_walking_cluster_s2_c01_7000,"('lm', 'CTr', 'extensor')",0.0002083343229823986,0.0
closed_G4_walking_cluster_s2_c01_7000,"('lm', 'CTr', 'flexor')",0.013723321156816268,0.0
closed_G4_walking_cluster_s2_c01_7000,"('lm', 'FTi', 'extensor')",0.03544704905848803,0.0
closed_G4_walking_cluster_s2_c01_7000,"('lm', 'FTi', 'flexor')",0.0,0.0
closed_G4_walking_cluster_s2_c01_7000,"('lm', 'ThC', 'remotor')",0.0,0.0
closed_G4_walking_cluster_s2_c01_7000,"('lm', 'ThC', 'rotator_ant')",0.19747777043257186,0.0
closed_G4_walking_cluster_s2_c01_7000,"('lm', 'ThC', 'rotator_post')",1.8283412369882337e-11,0.0
closed_G4_walking_cluster_s2_c01_7000,"('lm', 'TiTa', 'depressor')",0.0,0.0
closed_G4_walking_cluster_s2_c01_7000,"('lm', 'TiTa', 'levator')",0.0,0.0
closed_G4_walking_cluster_s2_c01_7000,"('lm', 'TrF', 'reductor')",0.0,0.0
closed_G4_walking_cluster_s2_c01_7000,"('rf', 'CTr', 'extensor')",0.20615263244659499,0.0
closed_G4_walking_cluster_s2_c01_7000,"('rf', 'CTr', 'flexor')",1.5420763872269374e-10,0.0
closed_G4_walking_cluster_s2_c01_7000,"('rf', 'FTi', 'extensor')",0.03671481138159511,0.0
closed_G4_walking_cluster_s2_c01_7000,"('rf', 'FTi', 'flexor')",0.02025488411940192,0.0
closed_G4_walking_cluster_s2_c01_7000,"('rf', 'ThC', 'adductor')",0.0,0.0
closed_G4_walking_cluster_s2_c01_7000,"('rf', 'ThC', 'promotor')",0.08534831812210386,0.0
closed_G4_walking_cluster_s2_c01_7000,"('rf', 'ThC', 'remotor')",0.07894642195889634,0.0
closed_G4_walking_cluster_s2_c01_7000,"('rf', 'ThC', 'rotator_ant')",0.0006666666667382675,0.0
closed_G4_walking_cluster_s2_c01_7000,"('rf', 'ThC', 'rotator_post')",0.012183128089414018,0.0
closed_G4_walking_cluster_s2_c01_7000,"('rf', 'TiTa', 'depressor')",0.0026630977754098497,0.0
closed_G4_walking_cluster_s2_c01_7000,"('rf', 'TiTa', 'levator')",0.0,0.0
closed_G4_walking_cluster_s2_c01_7000,"('rf', 'TrF', 'reductor')",0.0011111111111111115,0.0
closed_G4_walking_cluster_s2_c01_7000,"('rh', 'CTr', 'extensor')",0.007292015079243501,0.0
closed_G4_walking_cluster_s2_c01_7000,"('rh', 'CTr', 'flexor')",0.0038190291943116855,0.0
closed_G4_walking_cluster_s2_c01_7000,"('rh', 'FTi', 'extensor')",0.18890640289183933,0.0
closed_G4_walking_cluster_s2_c01_7000,"('rh', 'FTi', 'flexor')",9.259259261964933e-05,0.0
closed_G4_walking_cluster_s2_c01_7000,"('rh', 'ThC', 'adductor')",0.0,0.0
closed_G4_walking_cluster_s2_c01_7000,"('rh', 'ThC', 'remotor')",0.0,0.0
closed_G4_walking_cluster_s2_c01_7000,"('rh', 'ThC', 'rotator_ant')",0.0,0.0
closed_G4_walking_cluster_s2_c01_7000,"('rh', 'ThC', 'rotator_post')",0.2137434432760958,0.0
closed_G4_walking_cluster_s2_c01_7000,"('rh', 'TiTa', 'depressor')",0.0,0.0
closed_G4_walking_cluster_s2_c01_7000,"('rh', 'TiTa', 'levator')",0.006320655022018196,0.0
closed_G4_walking_cluster_s2_c01_7000,"('rh', 'TrF', 'reductor')",0.16963366971191898,0.0
closed_G4_walking_cluster_s2_c01_7000,"('rm', 'CTr', 'extensor')",0.00041666815267681084,0.0
closed_G4_walking_cluster_s2_c01_7000,"('rm', 'CTr', 'flexor')",0.0006666666881310489,0.0
closed_G4_walking_cluster_s2_c01_7000,"('rm', 'FTi', 'extensor')",0.23966235687113321,0.0
closed_G4_walking_cluster_s2_c01_7000,"('rm', 'FTi', 'flexor')",0.0,0.0
closed_G4_walking_cluster_s2_c01_7000,"('rm', 'ThC', 'adductor')",0.0,0.0
closed_G4_walking_cluster_s2_c01_7000,"('rm', 'ThC', 'rotator_ant')",0.056821069174165226,0.0
closed_G4_walking_cluster_s2_c01_7000,"('rm', 'ThC', 'rotator_post')",0.013323181805957108,0.0
closed_G4_walking_cluster_s2_c01_7000,"('rm', 'TiTa', 'depressor')",0.0,0.0
closed_G4_walking_cluster_s2_c01_7000,"('rm', 'TiTa', 'levator')",0.0,0.0
closed_G4_walking_cluster_s2_c01_7000,"('rm', 'TrF', 'reductor')",0.036912036228614165,0.0
closed_G4_walking_cluster_s2_c01_7001,"('lf', 'CTr', 'extensor')",0.19430029001174567,0.0
closed_G4_walking_cluster_s2_c01_7001,"('lf', 'CTr', 'flexor')",1.4284743685324305e-12,0.0
closed_G4_walking_cluster_s2_c01_7001,"('lf', 'FTi', 'extensor')",0.003999567222629088,0.0
closed_G4_walking_cluster_s2_c01_7001,"('lf', 'FTi', 'flexor')",0.017291624164060448,0.0
closed_G4_walking_cluster_s2_c01_7001,"('lf', 'ThC', 'adductor')",0.0,0.0
closed_G4_walking_cluster_s2_c01_7001,"('lf', 'ThC', 'promotor')",0.17582572277988096,0.0
closed_G4_walking_cluster_s2_c01_7001,"('lf', 'ThC', 'remotor')",0.050144373869362255,0.0
closed_G4_walking_cluster_s2_c01_7001,"('lf', 'ThC', 'rotator_ant')",0.003666666666666645,0.0
closed_G4_walking_cluster_s2_c01_7001,"('lf', 'ThC', 'rotator_post')",4.4042806596401365e-07,0.0
closed_G4_walking_cluster_s2_c01_7001,"('lf', 'TiTa', 'depressor')",0.0,0.0
closed_G4_walking_cluster_s2_c01_7001,"('lf', 'TiTa', 'levator')",0.0,0.0
closed_G4_walking_cluster_s2_c01_7001,"('lf', 'TrF', 'reductor')",0.13710781705585395,0.0
closed_G4_walking_cluster_s2_c01_7001,"('lh', 'CTr', 'extensor')",0.025945985388391667,0.0
closed_G4_walking_cluster_s2_c01_7001,"('lh', 'CTr', 'flexor')",0.00046933017269549734,0.0
closed_G4_walking_cluster_s2_c01_7001,"('lh', 'FTi', 'extensor')",0.2494918767762042,0.0
closed_G4_walking_cluster_s2_c01_7001,"('lh', 'FTi', 'flexor')",0.0001960784313880296,0.0
closed_G4_walking_cluster_s2_c01_7001,"('lh', 'ThC', 'adductor')",0.0,0.0
closed_G4_walking_cluster_s2_c01_7001,"('lh', 'ThC', 'remotor')",0.0,0.0
closed_G4_walking_cluster_s2_c01_7001,"('lh', 'ThC', 'rotator_ant')",0.016220473932943184,0.0
closed_G4_walking_cluster_s2_c01_7001,"('lh', 'ThC', 'rotator_post')",0.01454574561794586,0.0
closed_G4_walking_cluster_s2_c01_7001,"('lh', 'TiTa', 'depressor')",0.0030280456459904296,0.0
closed_G4_walking_cluster_s2_c01_7001,"('lh', 'TiTa', 'levator')",0.0,0.0
closed_G4_walking_cluster_s2_c01_7001,"('lh', 'TrF', 'reductor')",0.0520012681127194,0.0
closed_G4_walking_cluster_s2_c01_7001,"('lm', 'CTr', 'extensor')",0.0,0.0
closed_G4_walking_cluster_s2_c01_7001,"('lm', 'CTr', 'flexor')",0.022911824868955218,0.0
closed_G4_walking_cluster_s2_c01_7001,"('lm', 'FTi', 'extensor')",0.003333339232273594,0.0
closed_G4_walking_cluster_s2_c01_7001,"('lm', 'FTi', 'flexor')",0.0,0.0
closed_G4_walking_cluster_s2_c01_7001,"('lm', 'ThC', 'remotor')",0.0,0.0
closed_G4_walking_cluster_s2_c01_7001,"('lm', 'ThC', 'rotator_ant')",0.16337069270657362,0.0
closed_G4_walking_cluster_s2_c01_7001,"('lm', 'ThC', 'rotator_post')",1.8984730841939865e-09,0.0
closed_G4_walking_cluster_s2_c01_7001,"('lm', 'TiTa', 'depressor')",0.000256410256410256,0.0
closed_G4_walking_cluster_s2_c01_7001,"('lm', 'TiTa', 'levator')",0.0,0.0
closed_G4_walking_cluster_s2_c01_7001,"('lm', 'TrF', 'reductor')",0.0002777777780831835,0.0
closed_G4_walking_cluster_s2_c01_7001,"('rf', 'CTr', 'extensor')",0.17016583363458093,0.0
closed_G4_walking_cluster_s2_c01_7001,"('rf', 'CTr', 'flexor')",0.00045454688569106585,0.0
closed_G4_walking_cluster_s2_c01_7001,"('rf', 'FTi', 'extensor')",0.02508238869180499,0.0
closed_G4_walking_cluster_s2_c01_7001,"('rf', 'FTi', 'flexor')",0.021277534054207594,0.0
closed_G4_walking_cluster_s2_c01_7001,"('rf', 'ThC', 'adductor')",0.0,0.0
closed_G4_walking_cluster_s2_c01_7001,"('rf', 'ThC', 'promotor')",0.10529847030035067,0.0
closed_G4_walking_cluster_s2_c01_7001,"('rf', 'ThC', 'remotor')",0.04545833507820417,0.0
closed_G4_walking_cluster_s2_c01_7001,"('rf', 'ThC', 'rotator_ant')",0.0003333329575866268,0.0
closed_G4_walking_cluster_s2_c01_7001,"('rf', 'ThC', 'rotator_post')",6.998820452854559e-13,0.0
closed_G4_walking_cluster_s2_c01_7001,"('rf', 'TiTa', 'depressor')",0.0014102565528512875,0.0
closed_G4_walking_cluster_s2_c01_7001,"('rf', 'TiTa', 'levator')",0.0,0.0
closed_G4_walking_cluster_s2_c01_7001,"('rf', 'TrF', 'reductor')",0.009715439434050087,0.0
closed_G4_walking_cluster_s2_c01_7001,"('rh', 'CTr', 'extensor')",0.008529190795452507,0.0
closed_G4_walking_cluster_s2_c01_7001,"('rh', 'CTr', 'flexor')",0.0025000026634760847,0.0
closed_G4_walking_cluster_s2_c01_7001,"('rh', 'FTi', 'extensor')",0.18811634972517668,0.0
closed_G4_walking_cluster_s2_c01_7001,"('rh', 'FTi', 'flexor')",0.000648148148186892,0.0
closed_G4_walking_cluster_s2_c01_7001,"('rh', 'ThC', 'adductor')",0.0,0.0
closed_G4_walking_cluster_s2_c01_7001,"('rh', 'ThC', 'remotor')",0.0,0.0
closed_G4_walking_cluster_s2_c01_7001,"('rh', 'ThC', 'rotator_ant')",0.0,0.0
closed_G4_walking_cluster_s2_c01_7001,"('rh', 'ThC', 'rotator_post')",0.18556040025610912,0.0
closed_G4_walking_cluster_s2_c01_7001,"('rh', 'TiTa', 'depressor')",2.634031002394514e-06,0.0
closed_G4_walking_cluster_s2_c01_7001,"('rh', 'TiTa', 'levator')",0.0011341896695304548,0.0
closed_G4_walking_cluster_s2_c01_7001,"('rh', 'TrF', 'reductor')",0.1614232582931723,0.0
closed_G4_walking_cluster_s2_c01_7001,"('rm', 'CTr', 'extensor')",0.0004166666676462003,0.0
closed_G4_walking_cluster_s2_c01_7001,"('rm', 'CTr', 'flexor')",7.878540465533086e-09,0.0
closed_G4_walking_cluster_s2_c01_7001,"('rm', 'FTi', 'extensor')",0.23460415403217072,0.0
closed_G4_walking_cluster_s2_c01_7001,"('rm', 'FTi', 'flexor')",3.5172923762509354e-14,0.0
closed_G4_walking_cluster_s2_c01_7001,"('rm', 'ThC', 'adductor')",0.0,0.0
closed_G4_walking_cluster_s2_c01_7001,"('rm', 'ThC', 'rotator_ant')",0.011987966390854818,0.0
closed_G4_walking_cluster_s2_c01_7001,"('rm', 'ThC', 'rotator_post')",0.0639578802593466,0.0
closed_G4_walking_cluster_s2_c01_7001,"('rm', 'TiTa', 'depressor')",4.1168631446098815e-10,0.0
closed_G4_walking_cluster_s2_c01_7001,"('rm', 'TiTa', 'levator')",0.0,0.0
closed_G4_walking_cluster_s2_c01_7001,"('rm', 'TrF', 'reductor')",0.017187025335860102,0.0
closed_G4_walking_cluster_s2_c01_7002,"('lf', 'CTr', 'extensor')",0.33501928965429895,0.0
closed_G4_walking_cluster_s2_c01_7002,"('lf', 'CTr', 'flexor')",0.0,0.0
closed_G4_walking_cluster_s2_c01_7002,"('lf', 'FTi', 'extensor')",0.0013326258583040164,0.0
closed_G4_walking_cluster_s2_c01_7002,"('lf', 'FTi', 'flexor')",0.026313188723876606,0.0
closed_G4_walking_cluster_s2_c01_7002,"('lf', 'ThC', 'adductor')",3.5198712477619176e-10,0.0
closed_G4_walking_cluster_s2_c01_7002,"('lf', 'ThC', 'promotor')",0.05520831907889317,0.0
closed_G4_walking_cluster_s2_c01_7002,"('lf', 'ThC', 'remotor')",0.10908430879916824,0.0
closed_G4_walking_cluster_s2_c01_7002,"('lf', 'ThC', 'rotator_ant')",0.0,0.0
closed_G4_walking_cluster_s2_c01_7002,"('lf', 'ThC', 'rotator_post')",0.01533341370558338,0.0
closed_G4_walking_cluster_s2_c01_7002,"('lf', 'TiTa', 'depressor')",0.0007575757567929825,0.0
closed_G4_walking_cluster_s2_c01_7002,"('lf', 'TiTa', 'levator')",0.0,0.0
closed_G4_walking_cluster_s2_c01_7002,"('lf', 'TrF', 'reductor')",0.06128002699898945,0.0
closed_G4_walking_cluster_s2_c01_7002,"('lh', 'CTr', 'extensor')",0.04373782601788739,0.0
closed_G4_walking_cluster_s2_c01_7002,"('lh', 'CTr', 'flexor')",0.0008333346787878024,0.0
closed_G4_walking_cluster_s2_c01_7002,"('lh', 'FTi', 'extensor')",0.24180524176534815,0.0
closed_G4_walking_cluster_s2_c01_7002,"('lh', 'FTi', 'flexor')",0.00020385977376983456,0.0
closed_G4_walking_cluster_s2_c01_7002,"('lh', 'ThC', 'adductor')",0.0,0.0
closed_G4_walking_cluster_s2_c01_7002,"('lh', 'ThC', 'remotor')",0.0,0.0
closed_G4_walking_cluster_s2_c01_7002,"('lh', 'ThC', 'rotator_ant')",0.052234234987443395,0.0
closed_G4_walking_cluster_s2_c01_7002,"('lh', 'ThC', 'rotator_post')",0.008608414683298274,0.0
closed_G4_walking_cluster_s2_c01_7002,"('lh', 'TiTa', 'depressor')",0.006703532818595603,0.0
closed_G4_walking_cluster_s2_c01_7002,"('lh', 'TiTa', 'levator')",0.0,0.0
closed_G4_walking_cluster_s2_c01_7002,"('lh', 'TrF', 'reductor')",0.005333335176860711,0.0
closed_G4_walking_cluster_s2_c01_7002,"('lm', 'CTr', 'extensor')",0.0,0.0
closed_G4_walking_cluster_s2_c01_7002,"('lm', 'CTr', 'flexor')",0.025281361647499702,0.0
closed_G4_walking_cluster_s2_c01_7002,"('lm', 'FTi', 'extensor')",0.05097278375566427,0.0
closed_G4_walking_cluster_s2_c01_7002,"('lm', 'FTi', 'flexor')",0.0,0.0
closed_G4_walking_cluster_s2_c01_7002,"('lm', 'ThC', 'remotor')",0.0,0.0
closed_G4_walking_cluster_s2_c01_7002,"('lm', 'ThC', 'rotator_ant')",0.20469212447255308,0.0
closed_G4_walking_cluster_s2_c01_7002,"('lm', 'ThC', 'rotator_post')",3.525885205876265e-10,0.0
closed_G4_walking_cluster_s2_c01_7002,"('lm', 'TiTa', 'depressor')",0.0001282051282051282,0.0
closed_G4_walking_cluster_s2_c01_7002,"('lm', 'TiTa', 'levator')",0.0,0.0
closed_G4_walking_cluster_s2_c01_7002,"('lm', 'TrF', 'reductor')",0.0,0.0
closed_G4_walking_cluster_s2_c01_7002,"('rf', 'CTr', 'extensor')",0.28258898344281635,0.0
closed_G4_walking_cluster_s2_c01_7002,"('rf', 'CTr', 'flexor')",4.1524001602463e-10,0.0
closed_G4_walking_cluster_s2_c01_7002,"('rf', 'FTi', 'extensor')",0.024447376443063003,0.0
closed_G4_walking_cluster_s2_c01_7002,"('rf', 'FTi', 'flexor')",0.020591988237653895,0.0
closed_G4_walking_cluster_s2_c01_7002,"('rf', 'ThC', 'adductor')",0.0,0.0
closed_G4_walking_cluster_s2_c01_7002,"('rf', 'ThC', 'promotor')",0.04014700309148843,0.0
closed_G4_walking_cluster_s2_c01_7002,"('rf', 'ThC', 'remotor')",0.08860028252674487,0.0
closed_G4_walking_cluster_s2_c01_7002,"('rf', 'ThC', 'rotator_ant')",0.0006666666666666657,0.0
closed_G4_walking_cluster_s2_c01_7002,"('rf', 'ThC', 'rotator_post')",0.027969909944627527,0.0
closed_G4_walking_cluster_s2_c01_7002,"('rf', 'TiTa', 'depressor')",0.006410253555679003,0.0
closed_G4_walking_cluster_s2_c01_7002,"('rf', 'TiTa', 'levator')",0.0,0.0
closed_G4_walking_cluster_s2_c01_7002,"('rf', 'TrF', 'reductor')",0.0,0.0
closed_G4_walking_cluster_s2_c01_7002,"('rh', 'CTr', 'extensor')",0.009305530215148948,0.0
closed_G4_walking_cluster_s2_c01_7002,"('rh', 'CTr', 'flexor')",0.004168890418097046,0.0
closed_G4_walking_cluster_s2_c01_7002,"('rh', 'FTi', 'extensor')",0.17938299558386434,0.0
closed_G4_walking_cluster_s2_c01_7002,"('rh', 'FTi', 'flexor')",9.259259261054246e-05,0.0
closed_G4_walking_cluster_s2_c01_7002,"('rh', 'ThC', 'adductor')",0.0,0.0
closed_G4_walking_cluster_s2_c01_7002,"('rh', 'ThC', 'remotor')",0.0,0.0
closed_G4_walking_cluster_s2_c01_7002,"('rh', 'ThC', 'rotator_ant')",0.0,0.0
closed_G4_walking_cluster_s2_c01_7002,"('rh', 'ThC', 'rotator_post')",0.20255810287573123,0.0
closed_G4_walking_cluster_s2_c01_7002,"('rh', 'TiTa', 'depressor')",8.2397422502842e-13,0.0
closed_G4_walking_cluster_s2_c01_7002,"('rh', 'TiTa', 'levator')",0.005737670283491808,0.0
closed_G4_walking_cluster_s2_c01_7002,"('rh', 'TrF', 'reductor')",0.1146261615499791,0.0
closed_G4_walking_cluster_s2_c01_7002,"('rm', 'CTr', 'extensor')",1.0399094170462448e-09,0.0
closed_G4_walking_cluster_s2_c01_7002,"('rm', 'CTr', 'flexor')",0.0005000027648678804,0.0
closed_G4_walking_cluster_s2_c01_7002,"('rm', 'FTi', 'extensor')",0.2496132714157853,0.0
closed_G4_walking_cluster_s2_c01_7002,"('rm', 'FTi', 'flexor')",0.0,0.0
closed_G4_walking_cluster_s2_c01_7002,"('rm', 'ThC', 'adductor')",0.0,0.0
closed_G4_walking_cluster_s2_c01_7002,"('rm', 'ThC', 'rotator_ant')",0.06187770683345395,0.0
closed_G4_walking_cluster_s2_c01_7002,"('rm', 'ThC', 'rotator_post')",0.008693631852490724,0.0
closed_G4_walking_cluster_s2_c01_7002,"('rm', 'TiTa', 'depressor')",0.0,0.0
closed_G4_walking_cluster_s2_c01_7002,"('rm', 'TiTa', 'levator')",0.0,0.0
closed_G4_walking_cluster_s2_c01_7002,"('rm', 'TrF', 'reductor')",0.03286283200324961,0.0
closed_G4_walking_cluster_s2_c01_7003,"('lf', 'CTr', 'extensor')",0.24946156238048872,0.0
closed_G4_walking_cluster_s2_c01_7003,"('lf', 'CTr', 'flexor')",2.1958511037191925e-11,0.0
closed_G4_walking_cluster_s2_c01_7003,"('lf', 'FTi', 'extensor')",0.002333334607709011,0.0
closed_G4_walking_cluster_s2_c01_7003,"('lf', 'FTi', 'flexor')",0.024933053144891575,0.0
closed_G4_walking_cluster_s2_c01_7003,"('lf', 'ThC', 'adductor')",1.1037879442910072e-09,0.0
closed_G4_walking_cluster_s2_c01_7003,"('lf', 'ThC', 'promotor')",0.11158529255886346,0.0
closed_G4_walking_cluster_s2_c01_7003,"('lf', 'ThC', 'remotor')",0.08242335330858233,0.0
closed_G4_walking_cluster_s2_c01_7003,"('lf', 'ThC', 'rotator_ant')",0.002000279397956821,0.0
closed_G4_walking_cluster_s2_c01_7003,"('lf', 'ThC', 'rotator_post')",0.010332928042928529,0.0
closed_G4_walking_cluster_s2_c01_7003,"('lf', 'TiTa', 'depressor')",0.0010606072605519842,0.0
closed_G4_walking_cluster_s2_c01_7003,"('lf', 'TiTa', 'levator')",0.0,0.0
closed_G4_walking_cluster_s2_c01_7003,"('lf', 'TrF', 'reductor')",0.10262193290210017,0.0
closed_G4_walking_cluster_s2_c01_7003,"('lh', 'CTr', 'extensor')",0.022800474034458205,0.0
closed_G4_walking_cluster_s2_c01_7003,"('lh', 'CTr', 'flexor')",0.003000003262602656,0.0
closed_G4_walking_cluster_s2_c01_7003,"('lh', 'FTi', 'extensor')",0.24285568703187618,0.0
closed_G4_walking_cluster_s2_c01_7003,"('lh', 'FTi', 'flexor')",0.0008823529423607296,0.0
closed_G4_walking_cluster_s2_c01_7003,"('lh', 'ThC', 'adductor')",0.0,0.0
closed_G4_walking_cluster_s2_c01_7003,"('lh', 'ThC', 'remotor')",0.0,0.0
closed_G4_walking_cluster_s2_c01_7003,"('lh', 'ThC', 'rotator_ant')",0.030573787274031577,0.0
closed_G4_walking_cluster_s2_c01_7003,"('lh', 'ThC', 'rotator_post')",0.009477034131459616,0.0
closed_G4_walking_cluster_s2_c01_7003,"('lh', 'TiTa', 'depressor')",0.0064120581331882755,0.0
closed_G4_walking_cluster_s2_c01_7003,"('lh', 'TiTa', 'levator')",0.0,0.0
closed_G4_walking_cluster_s2_c01_7003,"('lh', 'TrF', 'reductor')",0.03173922003526997,0.0
closed_G4_walking_cluster_s2_c01_7003,"('lm', 'CTr', 'extensor')",0.0,0.0
closed_G4_walking_cluster_s2_c01_7003,"('lm', 'CTr', 'flexor')",0.01163900152031738,0.0
closed_G4_walking_cluster_s2_c01_7003,"('lm', 'FTi', 'extensor')",0.03694892894806115,0.0
closed_G4_walking_cluster_s2_c01_7003,"('lm', 'FTi', 'flexor')",0.0,0.0
closed_G4_walking_cluster_s2_c01_7003,"('lm', 'ThC', 'remotor')",0.0,0.0
closed_G4_walking_cluster_s2_c01_7003,"('lm', 'ThC', 'rotator_ant')",0.20698348362464752,0.0
closed_G4_walking_cluster_s2_c01_7003,"('lm', 'ThC', 'rotator_post')",1.0989359902147989e-10,0.0
closed_G4_walking_cluster_s2_c01_7003,"('lm', 'TiTa', 'depressor')",0.0,0.0
closed_G4_walking_cluster_s2_c01_7003,"('lm', 'TiTa', 'levator')",0.0,0.0
closed_G4_walking_cluster_s2_c01_7003,"('lm', 'TrF', 'reductor')",0.0,0.0
closed_G4_walking_cluster_s2_c01_7003,"('rf', 'CTr', 'extensor')",0.278646161934226,0.0
closed_G4_walking_cluster_s2_c01_7003,"('rf', 'CTr', 'flexor')",0.0,0.0
closed_G4_walking_cluster_s2_c01_7003,"('rf', 'FTi', 'extensor')",0.033327224324922335,0.0
closed_G4_walking_cluster_s2_c01_7003,"('rf', 'FTi', 'flexor')",0.020131376911254634,0.0
closed_G4_walking_cluster_s2_c01_7003,"('rf', 'ThC', 'adductor')",0.0,0.0
closed_G4_walking_cluster_s2_c01_7003,"('rf', 'ThC', 'promotor')",0.06848834670995722,0.0
closed_G4_walking_cluster_s2_c01_7003,"('rf', 'ThC', 'remotor')",0.06820574934958594,0.0
closed_G4_walking_cluster_s2_c01_7003,"('rf', 'ThC', 'rotator_ant')",0.0,0.0
closed_G4_walking_cluster_s2_c01_7003,"('rf', 'ThC', 'rotator_post')",0.02273951973858018,0.0
closed_G4_walking_cluster_s2_c01_7003,"('rf', 'TiTa', 'depressor')",0.0032743424112945067,0.0
closed_G4_walking_cluster_s2_c01_7003,"('rf', 'TiTa', 'levator')",0.0,0.0
closed_G4_walking_cluster_s2_c01_7003,"('rf', 'TrF', 'reductor')",0.0002777777777777773,0.0
closed_G4_walking_cluster_s2_c01_7003,"('rh', 'CTr', 'extensor')",0.004484344054419097,0.0
closed_G4_walking_cluster_s2_c01_7003,"('rh', 'CTr', 'flexor')",0.0039999978546516775,0.0
closed_G4_walking_cluster_s2_c01_7003,"('rh', 'FTi', 'extensor')",0.18787282635601435,0.0
closed_G4_walking_cluster_s2_c01_7003,"('rh', 'FTi', 'flexor')",0.00018518518505909338,0.0
closed_G4_walking_cluster_s2_c01_7003,"('rh', 'ThC', 'adductor')",0.0,0.0
closed_G4_walking_cluster_s2_c01_7003,"('rh', 'ThC', 'remotor')",0.0,0.0
closed_G4_walking_cluster_s2_c01_7003,"('rh', 'ThC', 'rotator_ant')",0.0,0.0
closed_G4_walking_cluster_s2_c01_7003,"('rh', 'ThC', 'rotator_post')",0.17426021449619183,0.0
closed_G4_walking_cluster_s2_c01_7003,"('rh', 'TiTa', 'depressor')",0.00015151515151515152,0.0
closed_G4_walking_cluster_s2_c01_7003,"('rh', 'TiTa', 'levator')",0.0033333327031545997,0.0
closed_G4_walking_cluster_s2_c01_7003,"('rh', 'TrF', 'reductor')",0.1445767508073509,0.0
closed_G4_walking_cluster_s2_c01_7003,"('rm', 'CTr', 'extensor')",0.0004166666666666663,0.0
closed_G4_walking_cluster_s2_c01_7003,"('rm', 'CTr', 'flexor')",7.935678272033573e-09,0.0
closed_G4_walking_cluster_s2_c01_7003,"('rm', 'FTi', 'extensor')",0.24988288885130847,0.0
closed_G4_walking_cluster_s2_c01_7003,"('rm', 'FTi', 'flexor')",3.0156385510881464e-14,0.0
closed_G4_walking_cluster_s2_c01_7003,"('rm', 'ThC', 'adductor')",0.0,0.0
closed_G4_walking_cluster_s2_c01_7003,"('rm', 'ThC', 'rotator_ant')",0.02876492071180195,0.0
closed_G4_walking_cluster_s2_c01_7003,"('rm', 'ThC', 'rotator_post')",0.04790451475714272,0.0
closed_G4_walking_cluster_s2_c01_7003,"('rm', 'TiTa', 'depressor')",1.680139687218929e-13,0.0
closed_G4_walking_cluster_s2_c01_7003,"('rm', 'TiTa', 'levator')",0.0,0.0
closed_G4_walking_cluster_s2_c01_7003,"('rm', 'TrF', 'reductor')",0.01161159941462142,0.0
closed_G4_walking_cluster_s2_c01_7004,"('lf', 'CTr', 'extensor')",0.24131622129215824,0.0
closed_G4_walking_cluster_s2_c01_7004,"('lf', 'CTr', 'flexor')",6.188480055018973e-14,0.0
closed_G4_walking_cluster_s2_c01_7004,"('lf', 'FTi', 'extensor')",0.0030000018940213435,0.0
closed_G4_walking_cluster_s2_c01_7004,"('lf', 'FTi', 'flexor')",0.022147267454530363,0.0
closed_G4_walking_cluster_s2_c01_7004,"('lf', 'ThC', 'adductor')",8.113855668179586e-10,0.0
closed_G4_walking_cluster_s2_c01_7004,"('lf', 'ThC', 'promotor')",0.11495187644387965,0.0
closed_G4_walking_cluster_s2_c01_7004,"('lf', 'ThC', 'remotor')",0.07610014547097617,0.0
closed_G4_walking_cluster_s2_c01_7004,"('lf', 'ThC', 'rotator_ant')",0.0006666666666666666,0.0
closed_G4_walking_cluster_s2_c01_7004,"('lf', 'ThC', 'rotator_post')",0.010666632714403856,0.0
closed_G4_walking_cluster_s2_c01_7004,"('lf', 'TiTa', 'depressor')",0.0003030303030303029,0.0
closed_G4_walking_cluster_s2_c01_7004,"('lf', 'TiTa', 'levator')",0.0,0.0
closed_G4_walking_cluster_s2_c01_7004,"('lf', 'TrF', 'reductor')",0.0924163052269429,0.0
closed_G4_walking_cluster_s2_c01_7004,"('lh', 'CTr', 'extensor')",0.021577187318758097,0.0
closed_G4_walking_cluster_s2_c01_7004,"('lh', 'CTr', 'flexor')",0.0013333359120139094,0.0
closed_G4_walking_cluster_s2_c01_7004,"('lh', 'FTi', 'extensor')",0.249899661580724,0.0
closed_G4_walking_cluster_s2_c01_7004,"('lh', 'FTi', 'flexor')",0.0005041707031658791,0.0
closed_G4_walking_cluster_s2_c01_7004,"('lh', 'ThC', 'adductor')",0.0,0.0
closed_G4_walking_cluster_s2_c01_7004,"('lh', 'ThC', 'remotor')",0.0,0.0
closed_G4_walking_cluster_s2_c01_7004,"('lh', 'ThC', 'rotator_ant')",0.021970108358693247,0.0
closed_G4_walking_cluster_s2_c01_7004,"('lh', 'ThC', 'rotator_post')",0.015943114887219525,0.0
closed_G4_walking_cluster_s2_c01_7004,"('lh', 'TiTa', 'depressor')",0.001806377757538098,0.0
closed_G4_walking_cluster_s2_c01_7004,"('lh', 'TiTa', 'levator')",0.0,0.0
closed_G4_walking_cluster_s2_c01_7004,"('lh', 'TrF', 'reductor')",0.052659187800289504,0.0
closed_G4_walking_cluster_s2_c01_7004,"('lm', 'CTr', 'extensor')",0.0,0.0
closed_G4_walking_cluster_s2_c01_7004,"('lm', 'CTr', 'flexor')",0.030706679874699654,0.0
closed_G4_walking_cluster_s2_c01_7004,"('lm', 'FTi', 'extensor')",0.01245557204235064,0.0
closed_G4_walking_cluster_s2_c01_7004,"('lm', 'FTi', 'flexor')",0.0,0.0
closed_G4_walking_cluster_s2_c01_7004,"('lm', 'ThC', 'remotor')",0.0,0.0
closed_G4_walking_cluster_s2_c01_7004,"('lm', 'ThC', 'rotator_ant')",0.13724662231896897,0.0
closed_G4_walking_cluster_s2_c01_7004,"('lm', 'ThC', 'rotator_post')",1.962968893374195e-10,0.0
closed_G4_walking_cluster_s2_c01_7004,"('lm', 'TiTa', 'depressor')",0.0,0.0
closed_G4_walking_cluster_s2_c01_7004,"('lm', 'TiTa', 'levator')",0.0,0.0
closed_G4_walking_cluster_s2_c01_7004,"('lm', 'TrF', 'reductor')",0.0,0.0
closed_G4_walking_cluster_s2_c01_7004,"('rf', 'CTr', 'extensor')",0.3087213600581195,0.0
closed_G4_walking_cluster_s2_c01_7004,"('rf', 'CTr', 'flexor')",0.0,0.0
closed_G4_walking_cluster_s2_c01_7004,"('rf', 'FTi', 'extensor')",0.016737397404547657,0.0
closed_G4_walking_cluster_s2_c01_7004,"('rf', 'FTi', 'flexor')",0.020645459270255184,0.0
closed_G4_walking_cluster_s2_c01_7004,"('rf', 'ThC', 'adductor')",1.5805942922785338e-09,0.0
closed_G4_walking_cluster_s2_c01_7004,"('rf', 'ThC', 'promotor')",0.04377428541178893,0.0
closed_G4_walking_cluster_s2_c01_7004,"('rf', 'ThC', 'remotor')",0.09874024178622863,0.0
closed_G4_walking_cluster_s2_c01_7004,"('rf', 'ThC', 'rotator_ant')",0.0,0.0
closed_G4_walking_cluster_s2_c01_7004,"('rf', 'ThC', 'rotator_post')",0.04397925907965176,0.0
closed_G4_walking_cluster_s2_c01_7004,"('rf', 'TiTa', 'depressor')",0.007057202978587464,0.0
closed_G4_walking_cluster_s2_c01_7004,"('rf', 'TiTa', 'levator')",0.0,0.0
closed_G4_walking_cluster_s2_c01_7004,"('rf', 'TrF', 'reductor')",0.0002777777777777773,0.0
closed_G4_walking_cluster_s2_c01_7004,"('rh', 'CTr', 'extensor')",0.016721211701455678,0.0
closed_G4_walking_cluster_s2_c01_7004,"('rh', 'CTr', 'flexor')",0.0013333345063314924,0.0
closed_G4_walking_cluster_s2_c01_7004,"('rh', 'FTi', 'extensor')",0.1839902686794557,0.0
closed_G4_walking_cluster_s2_c01_7004,"('rh', 'FTi', 'flexor')",0.0003703211725272259,0.0
closed_G4_walking_cluster_s2_c01_7004,"('rh', 'ThC', 'adductor')",0.0,0.0
closed_G4_walking_cluster_s2_c01_7004,"('rh', 'ThC', 'remotor')",0.0,0.0
closed_G4_walking_cluster_s2_c01_7004,"('rh', 'ThC', 'rotator_ant')",0.0,0.0
closed_G4_walking_cluster_s2_c01_7004,"('rh', 'ThC', 'rotator_post')",0.19409207692262104,0.0
closed_G4_walking_cluster_s2_c01_7004,"('rh', 'TiTa', 'depressor')",0.0,0.0
closed_G4_walking_cluster_s2_c01_7004,"('rh', 'TiTa', 'levator')",0.0026666666666666666,0.0
closed_G4_walking_cluster_s2_c01_7004,"('rh', 'TrF', 'reductor')",0.1617819726424954,0.0
closed_G4_walking_cluster_s2_c01_7004,"('rm', 'CTr', 'extensor')",0.00041753124701237015,0.0
closed_G4_walking_cluster_s2_c01_7004,"('rm', 'CTr', 'flexor')",0.0,0.0
closed_G4_walking_cluster_s2_c01_7004,"('rm', 'FTi', 'extensor')",0.22925034908174796,0.0
closed_G4_walking_cluster_s2_c01_7004,"('rm', 'FTi', 'flexor')",0.0,0.0
closed_G4_walking_cluster_s2_c01_7004,"('rm', 'ThC', 'adductor')",0.0,0.0
closed_G4_walking_cluster_s2_c01_7004,"('rm', 'ThC', 'rotator_ant')",0.021533582484901812,0.0
closed_G4_walking_cluster_s2_c01_7004,"('rm', 'ThC', 'rotator_post')",0.05596447503027407,0.0
closed_G4_walking_cluster_s2_c01_7004,"('rm', 'TiTa', 'depressor')",1.3428697632524615e-10,0.0
closed_G4_walking_cluster_s2_c01_7004,"('rm', 'TiTa', 'levator')",0.0,0.0
closed_G4_walking_cluster_s2_c01_7004,"('rm', 'TrF', 'reductor')",0.01703465136866238,0.0
closed_G4_walking_cluster_s2_c10_7000,"('lf', 'CTr', 'extensor')",0.19564597686214294,0.0
closed_G4_walking_cluster_s2_c10_7000,"('lf', 'CTr', 'flexor')",0.0,0.0
closed_G4_walking_cluster_s2_c10_7000,"('lf', 'FTi', 'extensor')",0.013269109836114923,0.0
closed_G4_walking_cluster_s2_c10_7000,"('lf', 'FTi', 'flexor')",0.0114406848884992,0.0
closed_G4_walking_cluster_s2_c10_7000,"('lf', 'ThC', 'adductor')",0.0,0.0
closed_G4_walking_cluster_s2_c10_7000,"('lf', 'ThC', 'promotor')",0.1541745541265843,0.0
closed_G4_walking_cluster_s2_c10_7000,"('lf', 'ThC', 'remotor')",0.08587490041570887,0.0
closed_G4_walking_cluster_s2_c10_7000,"('lf', 'ThC', 'rotator_ant')",0.0,0.0
closed_G4_walking_cluster_s2_c10_7000,"('lf', 'ThC', 'rotator_post')",0.028581922626584277,0.0
closed_G4_walking_cluster_s2_c10_7000,"('lf', 'TiTa', 'depressor')",0.0,0.0
closed_G4_walking_cluster_s2_c10_7000,"('lf', 'TiTa', 'levator')",0.0,0.0
closed_G4_walking_cluster_s2_c10_7000,"('lf', 'TrF', 'reductor')",0.12355438370834465,0.0
closed_G4_walking_cluster_s2_c10_7000,"('lh', 'CTr', 'extensor')",0.07820175014310943,0.0
closed_G4_walking_cluster_s2_c10_7000,"('lh', 'CTr', 'flexor')",0.0003333358001076209,0.0
closed_G4_walking_cluster_s2_c10_7000,"('lh', 'FTi', 'extensor')",0.1965435169833149,0.0
closed_G4_walking_cluster_s2_c10_7000,"('lh', 'FTi', 'flexor')",0.010391169279383572,0.0
closed_G4_walking_cluster_s2_c10_7000,"('lh', 'ThC', 'adductor')",0.0003333333333333333,0.0
closed_G4_walking_cluster_s2_c10_7000,"('lh', 'ThC', 'remotor')",0.0,0.0
closed_G4_walking_cluster_s2_c10_7000,"('lh', 'ThC', 'rotator_ant')",0.024335128628202418,0.0
closed_G4_walking_cluster_s2_c10_7000,"('lh', 'ThC', 'rotator_post')",0.01132581774530346,0.0
closed_G4_walking_cluster_s2_c10_7000,"('lh', 'TiTa', 'depressor')",0.012585945896487639,0.0
closed_G4_walking_cluster_s2_c10_7000,"('lh', 'TiTa', 'levator')",0.0,0.0
closed_G4_walking_cluster_s2_c10_7000,"('lh', 'TrF', 'reductor')",0.02810654735589521,0.0
closed_G4_walking_cluster_s2_c10_7000,"('lm', 'CTr', 'extensor')",0.0016628557482347144,0.0
closed_G4_walking_cluster_s2_c10_7000,"('lm', 'CTr', 'flexor')",0.006517397738515651,0.0
closed_G4_walking_cluster_s2_c10_7000,"('lm', 'FTi', 'extensor')",0.008534769870837216,0.0
closed_G4_walking_cluster_s2_c10_7000,"('lm', 'FTi', 'flexor')",0.004118456744521255,0.0
closed_G4_walking_cluster_s2_c10_7000,"('lm', 'ThC', 'remotor')",0.0,0.0
closed_G4_walking_cluster_s2_c10_7000,"('lm', 'ThC', 'rotator_ant')",0.22361521854613556,0.0
closed_G4_walking_cluster_s2_c10_7000,"('lm', 'ThC', 'rotator_post')",3.975326282524596e-09,0.0
closed_G4_walking_cluster_s2_c10_7000,"('lm', 'TiTa', 'depressor')",0.0,0.0
closed_G4_walking_cluster_s2_c10_7000,"('lm', 'TiTa', 'levator')",0.0,0.0
closed_G4_walking_cluster_s2_c10_7000,"('lm', 'TrF', 'reductor')",1.854644347483038e-12,0.0
closed_G4_walking_cluster_s2_c10_7000,"('rf', 'CTr', 'extensor')",0.21353502559878607,0.0
closed_G4_walking_cluster_s2_c10_7000,"('rf', 'CTr', 'flexor')",3.9380622628632065e-10,0.0
closed_G4_walking_cluster_s2_c10_7000,"('rf', 'FTi', 'extensor')",0.026917565388978854,0.0
closed_G4_walking_cluster_s2_c10_7000,"('rf', 'FTi', 'flexor')",0.021311265773860198,0.0
closed_G4_walking_cluster_s2_c10_7000,"('rf', 'ThC', 'adductor')",0.0,0.0
closed_G4_walking_cluster_s2_c10_7000,"('rf', 'ThC', 'promotor')",0.07904538629978723,0.0
closed_G4_walking_cluster_s2_c10_7000,"('rf', 'ThC', 'remotor')",0.08674030560803815,0.0
closed_G4_walking_cluster_s2_c10_7000,"('rf', 'ThC', 'rotator_ant')",7.160171763994067e-14,0.0
closed_G4_walking_cluster_s2_c10_7000,"('rf', 'ThC', 'rotator_post')",0.017735876036110695,0.0
closed_G4_walking_cluster_s2_c10_7000,"('rf', 'TiTa', 'depressor')",0.0029112962617887667,0.0
closed_G4_walking_cluster_s2_c10_7000,"('rf', 'TiTa', 'levator')",0.0,0.0
closed_G4_walking_cluster_s2_c10_7000,"('rf', 'TrF', 'reductor')",0.0017976088575130814,0.0
closed_G4_walking_cluster_s2_c10_7000,"('rh', 'CTr', 'extensor')",0.015488205135939912,0.0
closed_G4_walking_cluster_s2_c10_7000,"('rh', 'CTr', 'flexor')",0.0,0.0
closed_G4_walking_cluster_s2_c10_7000,"('rh', 'FTi', 'extensor')",0.13339361026587188,0.0
closed_G4_walking_cluster_s2_c10_7000,"('rh', 'FTi', 'flexor')",0.007612018337586088,0.0
closed_G4_walking_cluster_s2_c10_7000,"('rh', 'ThC', 'adductor')",0.0,0.0
closed_G4_walking_cluster_s2_c10_7000,"('rh', 'ThC', 'remotor')",0.0,0.0
closed_G4_walking_cluster_s2_c10_7000,"('rh', 'ThC', 'rotator_ant')",1.2230337332864348e-09,0.0
closed_G4_walking_cluster_s2_c10_7000,"('rh', 'ThC', 'rotator_post')",0.1497898903020581,0.0
closed_G4_walking_cluster_s2_c10_7000,"('rh', 'TiTa', 'depressor')",6.825293534839105e-10,0.0
closed_G4_walking_cluster_s2_c10_7000,"('rh', 'TiTa', 'levator')",0.004329730699437056,0.0
closed_G4_walking_cluster_s2_c10_7000,"('rh', 'TrF', 'reductor')",0.16177672621271458,0.0
closed_G4_walking_cluster_s2_c10_7000,"('rm', 'CTr', 'extensor')",0.001875004157393436,0.0
closed_G4_walking_cluster_s2_c10_7000,"('rm', 'CTr', 'flexor')",4.3377751364572855e-10,0.0
closed_G4_walking_cluster_s2_c10_7000,"('rm', 'FTi', 'extensor')",0.1482362681985024,0.0
closed_G4_walking_cluster_s2_c10_7000,"('rm', 'FTi', 'flexor')",4.669396061420922e-10,0.0
closed_G4_walking_cluster_s2_c10_7000,"('rm', 'ThC', 'adductor')",0.0,0.0
closed_G4_walking_cluster_s2_c10_7000,"('rm', 'ThC', 'rotator_ant')",0.07534163409918174,0.0
closed_G4_walking_cluster_s2_c10_7000,"('rm', 'ThC', 'rotator_post')",0.02131354776566472,0.0
closed_G4_walking_cluster_s2_c10_7000,"('rm', 'TiTa', 'depressor')",0.0,0.0
closed_G4_walking_cluster_s2_c10_7000,"('rm', 'TiTa', 'levator')",0.0,0.0
closed_G4_walking_cluster_s2_c10_7000,"('rm', 'TrF', 'reductor')",0.03049835627222658,0.0
closed_G4_walking_cluster_s2_c10_7001,"('lf', 'CTr', 'extensor')",0.17040451087454347,0.0
closed_G4_walking_cluster_s2_c10_7001,"('lf', 'CTr', 'flexor')",1.8633534333110844e-11,0.0
closed_G4_walking_cluster_s2_c10_7001,"('lf', 'FTi', 'extensor')",0.012555486794739872,0.0
closed_G4_walking_cluster_s2_c10_7001,"('lf', 'FTi', 'flexor')",0.009482467306902883,0.0
closed_G4_walking_cluster_s2_c10_7001,"('lf', 'ThC', 'adductor')",0.0,0.0
closed_G4_walking_cluster_s2_c10_7001,"('lf', 'ThC', 'promotor')",0.20103775111393846,0.0
closed_G4_walking_cluster_s2_c10_7001,"('lf', 'ThC', 'remotor')",0.0441511919398654,0.0
closed_G4_walking_cluster_s2_c10_7001,"('lf', 'ThC', 'rotator_ant')",0.000666666666666666,0.0
closed_G4_walking_cluster_s2_c10_7001,"('lf', 'ThC', 'rotator_post')",0.00033338309849235157,0.0
closed_G4_walking_cluster_s2_c10_7001,"('lf', 'TiTa', 'depressor')",0.0,0.0
closed_G4_walking_cluster_s2_c10_7001,"('lf', 'TiTa', 'levator')",0.0,0.0
closed_G4_walking_cluster_s2_c10_7001,"('lf', 'TrF', 'reductor')",0.15245974676436827,0.0
closed_G4_walking_cluster_s2_c10_7001,"('lh', 'CTr', 'extensor')",0.06532553487024231,0.0
closed_G4_walking_cluster_s2_c10_7001,"('lh', 'CTr', 'flexor')",0.0,0.0
closed_G4_walking_cluster_s2_c10_7001,"('lh', 'FTi', 'extensor')",0.22242662386781095,0.0
closed_G4_walking_cluster_s2_c10_7001,"('lh', 'FTi', 'flexor')",0.03249841638937459,0.0
closed_G4_walking_cluster_s2_c10_7001,"('lh', 'ThC', 'adductor')",6.9045083158203545e-09,0.0
closed_G4_walking_cluster_s2_c10_7001,"('lh', 'ThC', 'remotor')",0.0,0.0
closed_G4_walking_cluster_s2_c10_7001,"('lh', 'ThC', 'rotator_ant')",0.009562502735747842,0.0
closed_G4_walking_cluster_s2_c10_7001,"('lh', 'ThC', 'rotator_post')",0.0029390195049947094,0.0
closed_G4_walking_cluster_s2_c10_7001,"('lh', 'TiTa', 'depressor')",0.014526975790709417,0.0
closed_G4_walking_cluster_s2_c10_7001,"('lh', 'TiTa', 'levator')",0.0,0.0
closed_G4_walking_cluster_s2_c10_7001,"('lh', 'TrF', 'reductor')",0.0597307000191635,0.0
closed_G4_walking_cluster_s2_c10_7001,"('lm', 'CTr', 'extensor')",0.00020833333472431662,0.0
closed_G4_walking_cluster_s2_c10_7001,"('lm', 'CTr', 'flexor')",0.014915745399249744,0.0
closed_G4_walking_cluster_s2_c10_7001,"('lm', 'FTi', 'extensor')",0.0010000732541708133,0.0
closed_G4_walking_cluster_s2_c10_7001,"('lm', 'FTi', 'flexor')",0.002526365410986097,0.0
closed_G4_walking_cluster_s2_c10_7001,"('lm', 'ThC', 'remotor')",1.7021636271734713e-12,0.0
closed_G4_walking_cluster_s2_c10_7001,"('lm', 'ThC', 'rotator_ant')",0.17720902065186844,0.0
closed_G4_walking_cluster_s2_c10_7001,"('lm', 'ThC', 'rotator_post')",8.92562556871399e-09,0.0
closed_G4_walking_cluster_s2_c10_7001,"('lm', 'TiTa', 'depressor')",0.0001293485536626039,0.0
closed_G4_walking_cluster_s2_c10_7001,"('lm', 'TiTa', 'levator')",0.0,0.0
closed_G4_walking_cluster_s2_c10_7001,"('lm', 'TrF', 'reductor')",1.7933758120657283e-09,0.0
closed_G4_walking_cluster_s2_c10_7001,"('rf', 'CTr', 'extensor')",0.19981682145019608,0.0
closed_G4_walking_cluster_s2_c10_7001,"('rf', 'CTr', 'flexor')",7.699038716350178e-07,0.0
closed_G4_walking_cluster_s2_c10_7001,"('rf', 'FTi', 'extensor')",0.027095691304182164,0.0
closed_G4_walking_cluster_s2_c10_7001,"('rf', 'FTi', 'flexor')",0.02247110999983253,0.0
closed_G4_walking_cluster_s2_c10_7001,"('rf', 'ThC', 'adductor')",0.0,0.0
closed_G4_walking_cluster_s2_c10_7001,"('rf', 'ThC', 'promotor')",0.13039419711789135,0.0
closed_G4_walking_cluster_s2_c10_7001,"('rf', 'ThC', 'remotor')",0.04870747686723785,0.0
closed_G4_walking_cluster_s2_c10_7001,"('rf', 'ThC', 'rotator_ant')",2.684537666728497e-09,0.0
closed_G4_walking_cluster_s2_c10_7001,"('rf', 'ThC', 'rotator_post')",0.0006666666672072762,0.0
closed_G4_walking_cluster_s2_c10_7001,"('rf', 'TiTa', 'depressor')",0.0017934150361332047,0.0
closed_G4_walking_cluster_s2_c10_7001,"('rf', 'TiTa', 'levator')",0.0,0.0
closed_G4_walking_cluster_s2_c10_7001,"('rf', 'TrF', 'reductor')",0.008709340389270433,0.0
closed_G4_walking_cluster_s2_c10_7001,"('rh', 'CTr', 'extensor')",0.03020055685989832,0.0
closed_G4_walking_cluster_s2_c10_7001,"('rh', 'CTr', 'flexor')",0.00016666666974699513,0.0
closed_G4_walking_cluster_s2_c10_7001,"('rh', 'FTi', 'extensor')",0.16430655077522302,0.0
closed_G4_walking_cluster_s2_c10_7001,"('rh', 'FTi', 'flexor')",0.014742317061916225,0.0
closed_G4_walking_cluster_s2_c10_7001,"('rh', 'ThC', 'adductor')",0.0,0.0
closed_G4_walking_cluster_s2_c10_7001,"('rh', 'ThC', 'remotor')",0.0,0.0
closed_G4_walking_cluster_s2_c10_7001,"('rh', 'ThC', 'rotator_ant')",0.0,0.0
closed_G4_walking_cluster_s2_c10_7001,"('rh', 'ThC', 'rotator_post')",0.13598888396138378,0.0
closed_G4_walking_cluster_s2_c10_7001,"('rh', 'TiTa', 'depressor')",0.0003044543106715346,0.0
closed_G4_walking_cluster_s2_c10_7001,"('rh', 'TiTa', 'levator')",0.0013333333333333333,0.0
closed_G4_walking_cluster_s2_c10_7001,"('rh', 'TrF', 'reductor')",0.17595339266876628,0.0
closed_G4_walking_cluster_s2_c10_7001,"('rm', 'CTr', 'extensor')",0.0029166681337825036,0.0
closed_G4_walking_cluster_s2_c10_7001,"('rm', 'CTr', 'flexor')",2.134294479511128e-09,0.0
closed_G4_walking_cluster_s2_c10_7001,"('rm', 'FTi', 'extensor')",0.1779890783651838,0.0
closed_G4_walking_cluster_s2_c10_7001,"('rm', 'FTi', 'flexor')",2.813889239905851e-10,0.0
closed_G4_walking_cluster_s2_c10_7001,"('rm', 'ThC', 'adductor')",0.0,0.0
closed_G4_walking_cluster_s2_c10_7001,"('rm', 'ThC', 'rotator_ant')",0.024144182032076193,0.0
closed_G4_walking_cluster_s2_c10_7001,"('rm', 'ThC', 'rotator_post')",0.09127980982181484,0.0
closed_G4_walking_cluster_s2_c10_7001,"('rm', 'TiTa', 'depressor')",3.939667428273985e-10,0.0
closed_G4_walking_cluster_s2_c10_7001,"('rm', 'TiTa', 'levator')",0.0,0.0
closed_G4_walking_cluster_s2_c10_7001,"('rm', 'TrF', 'reductor')",0.023165423526293607,0.0
closed_G4_walking_cluster_s2_c10_7002,"('lf', 'CTr', 'extensor')",0.18657200382516922,0.0
closed_G4_walking_cluster_s2_c10_7002,"('lf', 'CTr', 'flexor')",0.0,0.0
closed_G4_walking_cluster_s2_c10_7002,"('lf', 'FTi', 'extensor')",0.014290460339019113,0.0
closed_G4_walking_cluster_s2_c10_7002,"('lf', 'FTi', 'flexor')",0.011246411749764576,0.0
closed_G4_walking_cluster_s2_c10_7002,"('lf', 'ThC', 'adductor')",3.571124265157121e-10,0.0
closed_G4_walking_cluster_s2_c10_7002,"('lf', 'ThC', 'promotor')",0.17171027528948146,0.0
closed_G4_walking_cluster_s2_c10_7002,"('lf', 'ThC', 'remotor')",0.05150583146349148,0.0
closed_G4_walking_cluster_s2_c10_7002,"('lf', 'ThC', 'rotator_ant')",0.0003333333333333333,0.0
closed_G4_walking_cluster_s2_c10_7002,"('lf', 'ThC', 'rotator_post')",0.0026667214135515345,0.0
closed_G4_walking_cluster_s2_c10_7002,"('lf', 'TiTa', 'depressor')",0.0,0.0
closed_G4_walking_cluster_s2_c10_7002,"('lf', 'TiTa', 'levator')",0.0,0.0
closed_G4_walking_cluster_s2_c10_7002,"('lf', 'TrF', 'reductor')",0.14038605210284869,0.0
closed_G4_walking_cluster_s2_c10_7002,"('lh', 'CTr', 'extensor')",0.07278469138561046,0.0
closed_G4_walking_cluster_s2_c10_7002,"('lh', 'CTr', 'flexor')",0.00016666667821385817,0.0
closed_G4_walking_cluster_s2_c10_7002,"('lh', 'FTi', 'extensor')",0.19180463456712132,0.0
closed_G4_walking_cluster_s2_c10_7002,"('lh', 'FTi', 'flexor')",0.01032564403613321,0.0
closed_G4_walking_cluster_s2_c10_7002,"('lh', 'ThC', 'adductor')",0.0,0.0
closed_G4_walking_cluster_s2_c10_7002,"('lh', 'ThC', 'remotor')",0.0,0.0
closed_G4_walking_cluster_s2_c10_7002,"('lh', 'ThC', 'rotator_ant')",0.029645914153968684,0.0
closed_G4_walking_cluster_s2_c10_7002,"('lh', 'ThC', 'rotator_post')",0.006666665301982854,0.0
closed_G4_walking_cluster_s2_c10_7002,"('lh', 'TiTa', 'depressor')",0.014108098836731564,0.0
closed_G4_walking_cluster_s2_c10_7002,"('lh', 'TiTa', 'levator')",0.0,0.0
closed_G4_walking_cluster_s2_c10_7002,"('lh', 'TrF', 'reductor')",0.006000001201596383,0.0
closed_G4_walking_cluster_s2_c10_7002,"('lm', 'CTr', 'extensor')",0.0008333374392753315,0.0
closed_G4_walking_cluster_s2_c10_7002,"('lm', 'CTr', 'flexor')",0.018814292469562767,0.0
closed_G4_walking_cluster_s2_c10_7002,"('lm', 'FTi', 'extensor')",0.007999999999393138,0.0
closed_G4_walking_cluster_s2_c10_7002,"('lm', 'FTi', 'flexor')",0.0009374373716804838,0.0
closed_G4_walking_cluster_s2_c10_7002,"('lm', 'ThC', 'remotor')",0.0,0.0
closed_G4_walking_cluster_s2_c10_7002,"('lm', 'ThC', 'rotator_ant')",0.2486398437769175,0.0
closed_G4_walking_cluster_s2_c10_7002,"('lm', 'ThC', 'rotator_post')",1.3776622448246234e-10,0.0
closed_G4_walking_cluster_s2_c10_7002,"('lm', 'TiTa', 'depressor')",0.0,0.0
closed_G4_walking_cluster_s2_c10_7002,"('lm', 'TiTa', 'levator')",0.0,0.0
closed_G4_walking_cluster_s2_c10_7002,"('lm', 'TrF', 'reductor')",0.0,0.0
closed_G4_walking_cluster_s2_c10_7002,"('rf', 'CTr', 'extensor')",0.29319717734248923,0.0
closed_G4_walking_cluster_s2_c10_7002,"('rf', 'CTr', 'flexor')",2.311369017370215e-10,0.0
closed_G4_walking_cluster_s2_c10_7002,"('rf', 'FTi', 'extensor')",0.017328305170910524,0.0
closed_G4_walking_cluster_s2_c10_7002,"('rf', 'FTi', 'flexor')",0.021250010629645488,0.0
closed_G4_walking_cluster_s2_c10_7002,"('rf', 'ThC', 'adductor')",0.0,0.0
closed_G4_walking_cluster_s2_c10_7002,"('rf', 'ThC', 'promotor')",0.03722949151109573,0.0
closed_G4_walking_cluster_s2_c10_7002,"('rf', 'ThC', 'remotor')",0.09095369187800306,0.0
closed_G4_walking_cluster_s2_c10_7002,"('rf', 'ThC', 'rotator_ant')",0.0,0.0
closed_G4_walking_cluster_s2_c10_7002,"('rf', 'ThC', 'rotator_post')",0.03302784948761839,0.0
closed_G4_walking_cluster_s2_c10_7002,"('rf', 'TiTa', 'depressor')",0.006009905529311921,0.0
closed_G4_walking_cluster_s2_c10_7002,"('rf', 'TiTa', 'levator')",0.0,0.0
closed_G4_walking_cluster_s2_c10_7002,"('rf', 'TrF', 'reductor')",2.0455831977669783e-13,0.0
closed_G4_walking_cluster_s2_c10_7002,"('rh', 'CTr', 'extensor')",0.0325035318095284,0.0
closed_G4_walking_cluster_s2_c10_7002,"('rh', 'CTr', 'flexor')",4.526379690791936e-10,0.0
closed_G4_walking_cluster_s2_c10_7002,"('rh', 'FTi', 'extensor')",0.16450148973879594,0.0
closed_G4_walking_cluster_s2_c10_7002,"('rh', 'FTi', 'flexor')",0.014503634119863008,0.0
closed_G4_walking_cluster_s2_c10_7002,"('rh', 'ThC', 'adductor')",0.0,0.0
closed_G4_walking_cluster_s2_c10_7002,"('rh', 'ThC', 'remotor')",0.0,0.0
closed_G4_walking_cluster_s2_c10_7002,"('rh', 'ThC', 'rotator_ant')",0.0,0.0
closed_G4_walking_cluster_s2_c10_7002,"('rh', 'ThC', 'rotator_post')",0.15617285878657372,0.0
closed_G4_walking_cluster_s2_c10_7002,"('rh', 'TiTa', 'depressor')",0.0007215413780511618,0.0
closed_G4_walking_cluster_s2_c10_7002,"('rh', 'TiTa', 'levator')",0.0006965816106436169,0.0
closed_G4_walking_cluster_s2_c10_7002,"('rh', 'TrF', 'reductor')",0.17851367030404355,0.0
closed_G4_walking_cluster_s2_c10_7002,"('rm', 'CTr', 'extensor')",0.006227049115811699,0.0
closed_G4_walking_cluster_s2_c10_7002,"('rm', 'CTr', 'flexor')",1.0213448119988963e-09,0.0
closed_G4_walking_cluster_s2_c10_7002,"('rm', 'FTi', 'extensor')",0.18630453034746774,0.0
closed_G4_walking_cluster_s2_c10_7002,"('rm', 'FTi', 'flexor')",6.036007698023683e-10,0.0
closed_G4_walking_cluster_s2_c10_7002,"('rm', 'ThC', 'adductor')",0.0,0.0
closed_G4_walking_cluster_s2_c10_7002,"('rm', 'ThC', 'rotator_ant')",0.03503389234653948,0.0
closed_G4_walking_cluster_s2_c10_7002,"('rm', 'ThC', 'rotator_post')",0.07355245703419926,0.0
closed_G4_walking_cluster_s2_c10_7002,"('rm', 'TiTa', 'depressor')",6.825293534839105e-10,0.0
closed_G4_walking_cluster_s2_c10_7002,"('rm', 'TiTa', 'levator')",0.0,0.0
closed_G4_walking_cluster_s2_c10_7002,"('rm', 'TrF', 'reductor')",0.0232395069060519,0.0
closed_G4_walking_cluster_s2_c10_7003,"('lf', 'CTr', 'extensor')",0.19424759342894637,0.0
closed_G4_walking_cluster_s2_c10_7003,"('lf', 'CTr', 'flexor')",0.0,0.0
closed_G4_walking_cluster_s2_c10_7003,"('lf', 'FTi', 'extensor')",0.007333310939176482,0.0
closed_G4_walking_cluster_s2_c10_7003,"('lf', 'FTi', 'flexor')",0.011554801713834962,0.0
closed_G4_walking_cluster_s2_c10_7003,"('lf', 'ThC', 'adductor')",0.0,0.0
closed_G4_walking_cluster_s2_c10_7003,"('lf', 'ThC', 'promotor')",0.13317292406281114,0.0
closed_G4_walking_cluster_s2_c10_7003,"('lf', 'ThC', 'remotor')",0.09177560923830733,0.0
closed_G4_walking_cluster_s2_c10_7003,"('lf', 'ThC', 'rotator_ant')",0.0006666835318652377,0.0
closed_G4_walking_cluster_s2_c10_7003,"('lf', 'ThC', 'rotator_post')",0.022332800232774057,0.0
closed_G4_walking_cluster_s2_c10_7003,"('lf', 'TiTa', 'depressor')",1.2631009748263181e-09,0.0
closed_G4_walking_cluster_s2_c10_7003,"('lf', 'TiTa', 'levator')",0.0,0.0
closed_G4_walking_cluster_s2_c10_7003,"('lf', 'TrF', 'reductor')",0.10981217964210674,0.0
closed_G4_walking_cluster_s2_c10_7003,"('lh', 'CTr', 'extensor')",0.09199331168051847,0.0
closed_G4_walking_cluster_s2_c10_7003,"('lh', 'CTr', 'flexor')",1.2269925643232487e-09,0.0
closed_G4_walking_cluster_s2_c10_7003,"('lh', 'FTi', 'extensor')",0.204374342670909,0.0
closed_G4_walking_cluster_s2_c10_7003,"('lh', 'FTi', 'flexor')",0.018035354272987195,0.0
closed_G4_walking_cluster_s2_c10_7003,"('lh', 'ThC', 'adductor')",0.0003333333333333333,0.0
closed_G4_walking_cluster_s2_c10_7003,"('lh', 'ThC', 'remotor')",0.0,0.0
closed_G4_walking_cluster_s2_c10_7003,"('lh', 'ThC', 'rotator_ant')",0.0279415613230268,0.0
closed_G4_walking_cluster_s2_c10_7003,"('lh', 'ThC', 'rotator_post')",0.006000102486988325,0.0
closed_G4_walking_cluster_s2_c10_7003,"('lh', 'TiTa', 'depressor')",0.01993219860994,0.0
closed_G4_walking_cluster_s2_c10_7003,"('lh', 'TiTa', 'levator')",0.0,0.0
closed_G4_walking_cluster_s2_c10_7003,"('lh', 'TrF', 'reductor')",0.014275067654922341,0.0
closed_G4_walking_cluster_s2_c10_7003,"('lm', 'CTr', 'extensor')",1.5444020004448034e-12,0.0
closed_G4_walking_cluster_s2_c10_7003,"('lm', 'CTr', 'flexor')",0.01818354236705362,0.0
closed_G4_walking_cluster_s2_c10_7003,"('lm', 'FTi', 'extensor')",0.0026666781271187916,0.0
closed_G4_walking_cluster_s2_c10_7003,"('lm', 'FTi', 'flexor')",0.0025018121404188393,0.0
closed_G4_walking_cluster_s2_c10_7003,"('lm', 'ThC', 'remotor')",0.0,0.0
closed_G4_walking_cluster_s2_c10_7003,"('lm', 'ThC', 'rotator_ant')",0.16615518613672686,0.0
closed_G4_walking_cluster_s2_c10_7003,"('lm', 'ThC', 'rotator_post')",2.117642427279113e-09,0.0
closed_G4_walking_cluster_s2_c10_7003,"('lm', 'TiTa', 'depressor')",0.0003845569778630738,0.0
closed_G4_walking_cluster_s2_c10_7003,"('lm', 'TiTa', 'levator')",0.0,0.0
closed_G4_walking_cluster_s2_c10_7003,"('lm', 'TrF', 'reductor')",0.0,0.0
closed_G4_walking_cluster_s2_c10_7003,"('rf', 'CTr', 'extensor')",0.3028052041279082,0.0
closed_G4_walking_cluster_s2_c10_7003,"('rf', 'CTr', 'flexor')",0.0,0.0
closed_G4_walking_cluster_s2_c10_7003,"('rf', 'FTi', 'extensor')",0.0283285124592596,0.0
closed_G4_walking_cluster_s2_c10_7003,"('rf', 'FTi', 'flexor')",0.02123229110957056,0.0
closed_G4_walking_cluster_s2_c10_7003,"('rf', 'ThC', 'adductor')",0.0,0.0
closed_G4_walking_cluster_s2_c10_7003,"('rf', 'ThC', 'promotor')",0.058431509025771364,0.0
closed_G4_walking_cluster_s2_c10_7003,"('rf', 'ThC', 'remotor')",0.08798924056971731,0.0
closed_G4_walking_cluster_s2_c10_7003,"('rf', 'ThC', 'rotator_ant')",0.0,0.0
closed_G4_walking_cluster_s2_c10_7003,"('rf', 'ThC', 'rotator_post')",0.041985696779537264,0.0
closed_G4_walking_cluster_s2_c10_7003,"('rf', 'TiTa', 'depressor')",0.0048560643614970695,0.0
closed_G4_walking_cluster_s2_c10_7003,"('rf', 'TiTa', 'levator')",0.0,0.0
closed_G4_walking_cluster_s2_c10_7003,"('rf', 'TrF', 'reductor')",0.0,0.0
closed_G4_walking_cluster_s2_c10_7003,"('rh', 'CTr', 'extensor')",0.049914691156440594,0.0
closed_G4_walking_cluster_s2_c10_7003,"('rh', 'CTr', 'flexor')",0.00016666734981706196,0.0
closed_G4_walking_cluster_s2_c10_7003,"('rh', 'FTi', 'extensor')",0.15626916369694158,0.0
closed_G4_walking_cluster_s2_c10_7003,"('rh', 'FTi', 'flexor')",0.01622520835486298,0.0
closed_G4_walking_cluster_s2_c10_7003,"('rh', 'ThC', 'adductor')",0.0,0.0
closed_G4_walking_cluster_s2_c10_7003,"('rh', 'ThC', 'remotor')",0.0,0.0
closed_G4_walking_cluster_s2_c10_7003,"('rh', 'ThC', 'rotator_ant')",0.0,0.0
closed_G4_walking_cluster_s2_c10_7003,"('rh', 'ThC', 'rotator_post')",0.18621485021684744,0.0
closed_G4_walking_cluster_s2_c10_7003,"('rh', 'TiTa', 'depressor')",0.0012480098574333487,0.0
closed_G4_walking_cluster_s2_c10_7003,"('rh', 'TiTa', 'levator')",0.004999317520177897,0.0
closed_G4_walking_cluster_s2_c10_7003,"('rh', 'TrF', 'reductor')",0.14835566468879308,0.0
closed_G4_walking_cluster_s2_c10_7003,"('rm', 'CTr', 'extensor')",0.0008332334207454778,0.0
closed_G4_walking_cluster_s2_c10_7003,"('rm', 'CTr', 'flexor')",1.9784621967629484e-10,0.0
closed_G4_walking_cluster_s2_c10_7003,"('rm', 'FTi', 'extensor')",0.17320858162203823,0.0
closed_G4_walking_cluster_s2_c10_7003,"('rm', 'FTi', 'flexor')",1.0328491335602959e-10,0.0
closed_G4_walking_cluster_s2_c10_7003,"('rm', 'ThC', 'adductor')",0.0,0.0
closed_G4_walking_cluster_s2_c10_7003,"('rm', 'ThC', 'rotator_ant')",0.022866518867999352,0.0
closed_G4_walking_cluster_s2_c10_7003,"('rm', 'ThC', 'rotator_post')",0.08252689338540396,0.0
closed_G4_walking_cluster_s2_c10_7003,"('rm', 'TiTa', 'depressor')",5.019883761615387e-10,0.0
closed_G4_walking_cluster_s2_c10_7003,"('rm', 'TiTa', 'levator')",0.0,0.0
closed_G4_walking_cluster_s2_c10_7003,"('rm', 'TrF', 'reductor')",0.021711875866108395,0.0
closed_G4_walking_cluster_s2_c10_7004,"('lf', 'CTr', 'extensor')",0.17952581292381495,0.0
closed_G4_walking_cluster_s2_c10_7004,"('lf', 'CTr', 'flexor')",1.4901712651690837e-12,0.0
closed_G4_walking_cluster_s2_c10_7004,"('lf', 'FTi', 'extensor')",0.008365403506336336,0.0
closed_G4_walking_cluster_s2_c10_7004,"('lf', 'FTi', 'flexor')",0.011072035308595332,0.0
closed_G4_walking_cluster_s2_c10_7004,"('lf', 'ThC', 'adductor')",0.0,0.0
closed_G4_walking_cluster_s2_c10_7004,"('lf', 'ThC', 'promotor')",0.14681832269493972,0.0
closed_G4_walking_cluster_s2_c10_7004,"('lf', 'ThC', 'remotor')",0.07320847977477496,0.0
closed_G4_walking_cluster_s2_c10_7004,"('lf', 'ThC', 'rotator_ant')",5.198058668910985e-09,0.0
closed_G4_walking_cluster_s2_c10_7004,"('lf', 'ThC', 'rotator_post')",0.015778757390358063,0.0
closed_G4_walking_cluster_s2_c10_7004,"('lf', 'TiTa', 'depressor')",0.0,0.0
closed_G4_walking_cluster_s2_c10_7004,"('lf', 'TiTa', 'levator')",0.0,0.0
closed_G4_walking_cluster_s2_c10_7004,"('lf', 'TrF', 'reductor')",0.1235877810015784,0.0
closed_G4_walking_cluster_s2_c10_7004,"('lh', 'CTr', 'extensor')",0.07996546815004112,0.0
closed_G4_walking_cluster_s2_c10_7004,"('lh', 'CTr', 'flexor')",3.79972055752734e-10,0.0
closed_G4_walking_cluster_s2_c10_7004,"('lh', 'FTi', 'extensor')",0.20231517799579962,0.0
closed_G4_walking_cluster_s2_c10_7004,"('lh', 'FTi', 'flexor')",0.014116113958760692,0.0
closed_G4_walking_cluster_s2_c10_7004,"('lh', 'ThC', 'adductor')",0.0,0.0
closed_G4_walking_cluster_s2_c10_7004,"('lh', 'ThC', 'remotor')",0.0,0.0
closed_G4_walking_cluster_s2_c10_7004,"('lh', 'ThC', 'rotator_ant')",0.027116259713342923,0.0
closed_G4_walking_cluster_s2_c10_7004,"('lh', 'ThC', 'rotator_post')",0.007580432191541251,0.0
closed_G4_walking_cluster_s2_c10_7004,"('lh', 'TiTa', 'depressor')",0.01077731431216359,0.0
closed_G4_walking_cluster_s2_c10_7004,"('lh', 'TiTa', 'levator')",0.0,0.0
closed_G4_walking_cluster_s2_c10_7004,"('lh', 'TrF', 'reductor')",0.019973170426402086,0.0
closed_G4_walking_cluster_s2_c10_7004,"('lm', 'CTr', 'extensor')",0.000625001651603725,0.0
closed_G4_walking_cluster_s2_c10_7004,"('lm', 'CTr', 'flexor')",0.009787044112577482,0.0
closed_G4_walking_cluster_s2_c10_7004,"('lm', 'FTi', 'extensor')",0.009000001638112263,0.0
closed_G4_walking_cluster_s2_c10_7004,"('lm', 'FTi', 'flexor')",0.0032106003543491963,0.0
closed_G4_walking_cluster_s2_c10_7004,"('lm', 'ThC', 'remotor')",1.2161878874188585e-10,0.0
closed_G4_walking_cluster_s2_c10_7004,"('lm', 'ThC', 'rotator_ant')",0.21469000223642803,0.0
closed_G4_walking_cluster_s2_c10_7004,"('lm', 'ThC', 'rotator_post')",5.9663541537448235e-09,0.0
closed_G4_walking_cluster_s2_c10_7004,"('lm', 'TiTa', 'depressor')",0.0001282051282051282,0.0
closed_G4_walking_cluster_s2_c10_7004,"('lm', 'TiTa', 'levator')",0.0,0.0
closed_G4_walking_cluster_s2_c10_7004,"('lm', 'TrF', 'reductor')",1.1820847425949957e-10,0.0
closed_G4_walking_cluster_s2_c10_7004,"('rf', 'CTr', 'extensor')",0.30426315161967965,0.0
closed_G4_walking_cluster_s2_c10_7004,"('rf', 'CTr', 'flexor')",0.0,0.0
closed_G4_walking_cluster_s2_c10_7004,"('rf', 'FTi', 'extensor')",0.017669660083811413,0.0
closed_G4_walking_cluster_s2_c10_7004,"('rf', 'FTi', 'flexor')",0.020832622320553475,0.0
closed_G4_walking_cluster_s2_c10_7004,"('rf', 'ThC', 'adductor')",0.0,0.0
closed_G4_walking_cluster_s2_c10_7004,"('rf', 'ThC', 'promotor')",0.037694459842005326,0.0
closed_G4_walking_cluster_s2_c10_7004,"('rf', 'ThC', 'remotor')",0.09873694923810154,0.0
closed_G4_walking_cluster_s2_c10_7004,"('rf', 'ThC', 'rotator_ant')",0.0,0.0
closed_G4_walking_cluster_s2_c10_7004,"('rf', 'ThC', 'rotator_post')",0.05040549549059839,0.0
closed_G4_walking_cluster_s2_c10_7004,"('rf', 'TiTa', 'depressor')",0.005521448010804257,0.0
closed_G4_walking_cluster_s2_c10_7004,"('rf', 'TiTa', 'levator')",0.0,0.0
closed_G4_walking_cluster_s2_c10_7004,"('rf', 'TrF', 'reductor')",0.000833333333333332,0.0
closed_G4_walking_cluster_s2_c10_7004,"('rh', 'CTr', 'extensor')",0.03723079674689963,0.0
closed_G4_walking_cluster_s2_c10_7004,"('rh', 'CTr', 'flexor')",1.5649576901962654e-13,0.0
closed_G4_walking_cluster_s2_c10_7004,"('rh', 'FTi', 'extensor')",0.16300436305661856,0.0
closed_G4_walking_cluster_s2_c10_7004,"('rh', 'FTi', 'flexor')",0.014188206411486137,0.0
closed_G4_walking_cluster_s2_c10_7004,"('rh', 'ThC', 'adductor')",0.0,0.0
closed_G4_walking_cluster_s2_c10_7004,"('rh', 'ThC', 'remotor')",0.0,0.0
closed_G4_walking_cluster_s2_c10_7004,"('rh', 'ThC', 'rotator_ant')",0.0,0.0
closed_G4_walking_cluster_s2_c10_7004,"('rh', 'ThC', 'rotator_post')",0.13907070935764812,0.0
closed_G4_walking_cluster_s2_c10_7004,"('rh', 'TiTa', 'depressor')",0.00015151515151515152,0.0
closed_G4_walking_cluster_s2_c10_7004,"('rh', 'TiTa', 'levator')",0.0023333642694449257,0.0
closed_G4_walking_cluster_s2_c10_7004,"('rh', 'TrF', 'reductor')",0.17374695416550803,0.0
closed_G4_walking_cluster_s2_c10_7004,"('rm', 'CTr', 'extensor')",0.0006186375126893624,0.0
closed_G4_walking_cluster_s2_c10_7004,"('rm', 'CTr', 'flexor')",0.0,0.0
closed_G4_walking_cluster_s2_c10_7004,"('rm', 'FTi', 'extensor')",0.17066073594291284,0.0
closed_G4_walking_cluster_s2_c10_7004,"('rm', 'FTi', 'flexor')",1.2646669251010622e-11,0.0
closed_G4_walking_cluster_s2_c10_7004,"('rm', 'ThC', 'adductor')",0.0,0.0
closed_G4_walking_cluster_s2_c10_7004,"('rm', 'ThC', 'rotator_ant')",0.021519282155689167,0.0
closed_G4_walking_cluster_s2_c10_7004,"('rm', 'ThC', 'rotator_post')",0.09681092863279286,0.0
closed_G4_walking_cluster_s2_c10_7004,"('rm', 'TiTa', 'depressor')",0.00015151515151515152,0.0
closed_G4_walking_cluster_s2_c10_7004,"('rm', 'TiTa', 'levator')",0.0,0.0
closed_G4_walking_cluster_s2_c10_7004,"('rm', 'TrF', 'reductor')",0.02265802085818193,0.0
closed_G4_walking_cluster_s2_c11_7000,"('lf', 'CTr', 'extensor')",0.20360592842169611,0.0
closed_G4_walking_cluster_s2_c11_7000,"('lf', 'CTr', 'flexor')",0.0,0.0
closed_G4_walking_cluster_s2_c11_7000,"('lf', 'FTi', 'extensor')",0.0165438667115797,0.0
closed_G4_walking_cluster_s2_c11_7000,"('lf', 'FTi', 'flexor')",0.01496964156256996,0.0
closed_G4_walking_cluster_s2_c11_7000,"('lf', 'ThC', 'adductor')",0.0,0.0
closed_G4_walking_cluster_s2_c11_7000,"('lf', 'ThC', 'promotor')",0.15219446766705896,0.0
closed_G4_walking_cluster_s2_c11_7000,"('lf', 'ThC', 'remotor')",0.08385664610232897,0.0
closed_G4_walking_cluster_s2_c11_7000,"('lf', 'ThC', 'rotator_ant')",0.0,0.0
closed_G4_walking_cluster_s2_c11_7000,"('lf', 'ThC', 'rotator_post')",0.027975754842915417,0.0
closed_G4_walking_cluster_s2_c11_7000,"('lf', 'TiTa', 'depressor')",0.00015151515151515152,0.0
closed_G4_walking_cluster_s2_c11_7000,"('lf', 'TiTa', 'levator')",0.0,0.0
closed_G4_walking_cluster_s2_c11_7000,"('lf', 'TrF', 'reductor')",0.11960952031890554,0.0
closed_G4_walking_cluster_s2_c11_7000,"('lh', 'CTr', 'extensor')",0.08027481412745534,0.0
closed_G4_walking_cluster_s2_c11_7000,"('lh', 'CTr', 'flexor')",0.00023480530179078248,0.0
closed_G4_walking_cluster_s2_c11_7000,"('lh', 'FTi', 'extensor')",0.2125421878089158,0.0
closed_G4_walking_cluster_s2_c11_7000,"('lh', 'FTi', 'flexor')",0.009875397263232997,0.0
closed_G4_walking_cluster_s2_c11_7000,"('lh', 'ThC', 'adductor')",0.0003333333333333333,0.0
closed_G4_walking_cluster_s2_c11_7000,"('lh', 'ThC', 'remotor')",0.0,0.0
closed_G4_walking_cluster_s2_c11_7000,"('lh', 'ThC', 'rotator_ant')",0.030671407648760217,0.0
closed_G4_walking_cluster_s2_c11_7000,"('lh', 'ThC', 'rotator_post')",0.01167131181046691,0.0
closed_G4_walking_cluster_s2_c11_7000,"('lh', 'TiTa', 'depressor')",0.018755660974663833,0.0
closed_G4_walking_cluster_s2_c11_7000,"('lh', 'TiTa', 'levator')",0.0,0.0
closed_G4_walking_cluster_s2_c11_7000,"('lh', 'TrF', 'reductor')",0.018344877165639532,0.0
closed_G4_walking_cluster_s2_c11_7000,"('lm', 'CTr', 'extensor')",0.0018750000024486608,0.0
closed_G4_walking_cluster_s2_c11_7000,"('lm', 'CTr', 'flexor')",0.009654398709672824,0.0
closed_G4_walking_cluster_s2_c11_7000,"('lm', 'FTi', 'extensor')",0.007156777224130964,0.0
closed_G4_walking_cluster_s2_c11_7000,"('lm', 'FTi', 'flexor')",0.0032291442343776768,0.0
closed_G4_walking_cluster_s2_c11_7000,"('lm', 'ThC', 'remotor')",0.0,0.0
closed_G4_walking_cluster_s2_c11_7000,"('lm', 'ThC', 'rotator_ant')",0.23269849495696462,0.0
closed_G4_walking_cluster_s2_c11_7000,"('lm', 'ThC', 'rotator_post')",2.964665842117781e-09,0.0
closed_G4_walking_cluster_s2_c11_7000,"('lm', 'TiTa', 'depressor')",0.0002564102564100561,0.0
closed_G4_walking_cluster_s2_c11_7000,"('lm', 'TiTa', 'levator')",0.0,0.0
closed_G4_walking_cluster_s2_c11_7000,"('lm', 'TrF', 'reductor')",0.0,0.0
closed_G4_walking_cluster_s2_c11_7000,"('rf', 'CTr', 'extensor')",0.20923445583629288,0.0
closed_G4_walking_cluster_s2_c11_7000,"('rf', 'CTr', 'flexor')",3.396433826161014e-10,0.0
closed_G4_walking_cluster_s2_c11_7000,"('rf', 'FTi', 'extensor')",0.031126952983205492,0.0
closed_G4_walking_cluster_s2_c11_7000,"('rf', 'FTi', 'flexor')",0.021330981731935594,0.0
closed_G4_walking_cluster_s2_c11_7000,"('rf', 'ThC', 'adductor')",0.0,0.0
closed_G4_walking_cluster_s2_c11_7000,"('rf', 'ThC', 'promotor')",0.07594134079215753,0.0
closed_G4_walking_cluster_s2_c11_7000,"('rf', 'ThC', 'remotor')",0.0842239073945177,0.0
closed_G4_walking_cluster_s2_c11_7000,"('rf', 'ThC', 'rotator_ant')",7.160171763994067e-14,0.0
closed_G4_walking_cluster_s2_c11_7000,"('rf', 'ThC', 'rotator_post')",0.0200788025215065,0.0
closed_G4_walking_cluster_s2_c11_7000,"('rf', 'TiTa', 'depressor')",0.0036108026369388374,0.0
closed_G4_walking_cluster_s2_c11_7000,"('rf', 'TiTa', 'levator')",0.0,0.0
closed_G4_walking_cluster_s2_c11_7000,"('rf', 'TrF', 'reductor')",0.0033888890086314007,0.0
closed_G4_walking_cluster_s2_c11_7000,"('rh', 'CTr', 'extensor')",0.0144181348794664,0.0
closed_G4_walking_cluster_s2_c11_7000,"('rh', 'CTr', 'flexor')",0.0005000000010053108,0.0
closed_G4_walking_cluster_s2_c11_7000,"('rh', 'FTi', 'extensor')",0.15138682210879545,0.0
closed_G4_walking_cluster_s2_c11_7000,"('rh', 'FTi', 'flexor')",0.007798280590631813,0.0
closed_G4_walking_cluster_s2_c11_7000,"('rh', 'ThC', 'adductor')",3.061792666839095e-10,0.0
closed_G4_walking_cluster_s2_c11_7000,"('rh', 'ThC', 'remotor')",0.0,0.0
closed_G4_walking_cluster_s2_c11_7000,"('rh', 'ThC', 'rotator_ant')",1.2161878874188585e-10,0.0
closed_G4_walking_cluster_s2_c11_7000,"('rh', 'ThC', 'rotator_post')",0.14795253308356668,0.0
closed_G4_walking_cluster_s2_c11_7000,"('rh', 'TiTa', 'depressor')",0.0004428878873823911,0.0
closed_G4_walking_cluster_s2_c11_7000,"('rh', 'TiTa', 'levator')",0.005669962759224432,0.0
closed_G4_walking_cluster_s2_c11_7000,"('rh', 'TrF', 'reductor')",0.16546858243521428,0.0
closed_G4_walking_cluster_s2_c11_7000,"('rm', 'CTr', 'extensor')",0.0016666796211099878,0.0
closed_G4_walking_cluster_s2_c11_7000,"('rm', 'CTr', 'flexor')",0.00033333336188973574,0.0
closed_G4_walking_cluster_s2_c11_7000,"('rm', 'FTi', 'extensor')",0.15826330268844044,0.0
closed_G4_walking_cluster_s2_c11_7000,"('rm', 'FTi', 'flexor')",9.217422527858099e-12,0.0
closed_G4_walking_cluster_s2_c11_7000,"('rm', 'ThC', 'adductor')",0.0,0.0
closed_G4_walking_cluster_s2_c11_7000,"('rm', 'ThC', 'rotator_ant')",0.08125309373700416,0.0
closed_G4_walking_cluster_s2_c11_7000,"('rm', 'ThC', 'rotator_post')",0.01841047644158524,0.0
closed_G4_walking_cluster_s2_c11_7000,"('rm', 'TiTa', 'depressor')",7.588120085030576e-10,0.0
closed_G4_walking_cluster_s2_c11_7000,"('rm', 'TiTa', 'levator')",0.0,0.0
closed_G4_walking_cluster_s2_c11_7000,"('rm', 'TrF', 'reductor')",0.0290477871786346,0.0
closed_G4_walking_cluster_s2_c11_7001,"('lf', 'CTr', 'extensor')",0.17842178292573066,0.0
closed_G4_walking_cluster_s2_c11_7001,"('lf', 'CTr', 'flexor')",5.964429503380501e-10,0.0
closed_G4_walking_cluster_s2_c11_7001,"('lf', 'FTi', 'extensor')",0.010666018782606158,0.0
closed_G4_walking_cluster_s2_c11_7001,"('lf', 'FTi', 'flexor')",0.009745726821666191,0.0
closed_G4_walking_cluster_s2_c11_7001,"('lf', 'ThC', 'adductor')",0.0,0.0
closed_G4_walking_cluster_s2_c11_7001,"('lf', 'ThC', 'promotor')",0.20998234248369185,0.0
closed_G4_walking_cluster_s2_c11_7001,"('lf', 'ThC', 'remotor')",0.04345822024752971,0.0
closed_G4_walking_cluster_s2_c11_7001,"('lf', 'ThC', 'rotator_ant')",0.0013333344952153802,0.0
closed_G4_walking_cluster_s2_c11_7001,"('lf', 'ThC', 'rotator_post')",4.912959825699563e-08,0.0
closed_G4_walking_cluster_s2_c11_7001,"('lf', 'TiTa', 'depressor')",0.0,0.0
closed_G4_walking_cluster_s2_c11_7001,"('lf', 'TiTa', 'levator')",0.0,0.0
closed_G4_walking_cluster_s2_c11_7001,"('lf', 'TrF', 'reductor')",0.15900667856852163,0.0
closed_G4_walking_cluster_s2_c11_7001,"('lh', 'CTr', 'extensor')",0.05935495648011303,0.0
closed_G4_walking_cluster_s2_c11_7001,"('lh', 'CTr', 'flexor')",1.8690184982108764e-11,0.0
closed_G4_walking_cluster_s2_c11_7001,"('lh', 'FTi', 'extensor')",0.22005992435941857,0.0
closed_G4_walking_cluster_s2_c11_7001,"('lh', 'FTi', 'flexor')",0.024533629636754782,0.0
closed_G4_walking_cluster_s2_c11_7001,"('lh', 'ThC', 'adductor')",5.454354230153861e-09,0.0
closed_G4_walking_cluster_s2_c11_7001,"('lh', 'ThC', 'remotor')",0.0,0.0
closed_G4_walking_cluster_s2_c11_7001,"('lh', 'ThC', 'rotator_ant')",0.013946198243902802,0.0
closed_G4_walking_cluster_s2_c11_7001,"('lh', 'ThC', 'rotator_post')",0.003271864563639149,0.0
closed_G4_walking_cluster_s2_c11_7001,"('lh', 'TiTa', 'depressor')",0.014691481172750723,0.0
closed_G4_walking_cluster_s2_c11_7001,"('lh', 'TiTa', 'levator')",0.0,0.0
closed_G4_walking_cluster_s2_c11_7001,"('lh', 'TrF', 'reductor')",0.06240237275538932,0.0
closed_G4_walking_cluster_s2_c11_7001,"('lm', 'CTr', 'extensor')",3.484336986230874e-07,0.0
closed_G4_walking_cluster_s2_c11_7001,"('lm', 'CTr', 'flexor')",0.02367407543036223,0.0
closed_G4_walking_cluster_s2_c11_7001,"('lm', 'FTi', 'extensor')",0.002666671278476675,0.0
closed_G4_walking_cluster_s2_c11_7001,"('lm', 'FTi', 'flexor')",7.975449259895633e-05,0.0
closed_G4_walking_cluster_s2_c11_7001,"('lm', 'ThC', 'remotor')",4.3012687281260874e-10,0.0
closed_G4_walking_cluster_s2_c11_7001,"('lm', 'ThC', 'rotator_ant')",0.18420050601795632,0.0
closed_G4_walking_cluster_s2_c11_7001,"('lm', 'ThC', 'rotator_post')",7.321484956439085e-09,0.0
closed_G4_walking_cluster_s2_c11_7001,"('lm', 'TiTa', 'depressor')",0.0,0.0
closed_G4_walking_cluster_s2_c11_7001,"('lm', 'TiTa', 'levator')",0.0,0.0
closed_G4_walking_cluster_s2_c11_7001,"('lm', 'TrF', 'reductor')",2.664197313947709e-09,0.0
closed_G4_walking_cluster_s2_c11_7001,"('rf', 'CTr', 'extensor')",0.20738140399453858,0.0
closed_G4_walking_cluster_s2_c11_7001,"('rf', 'CTr', 'flexor')",0.0,0.0
closed_G4_walking_cluster_s2_c11_7001,"('rf', 'FTi', 'extensor')",0.041071294055918674,0.0
closed_G4_walking_cluster_s2_c11_7001,"('rf', 'FTi', 'flexor')",0.023376313619384498,0.0
closed_G4_walking_cluster_s2_c11_7001,"('rf', 'ThC', 'adductor')",0.0,0.0
closed_G4_walking_cluster_s2_c11_7001,"('rf', 'ThC', 'promotor')",0.13145755906459453,0.0
closed_G4_walking_cluster_s2_c11_7001,"('rf', 'ThC', 'remotor')",0.05049243027633716,0.0
closed_G4_walking_cluster_s2_c11_7001,"('rf', 'ThC', 'rotator_ant')",0.0016535016573486472,0.0
closed_G4_walking_cluster_s2_c11_7001,"('rf', 'ThC', 'rotator_post')",0.0006666666672072762,0.0
closed_G4_walking_cluster_s2_c11_7001,"('rf', 'TiTa', 'depressor')",0.0017890423691834974,0.0
closed_G4_walking_cluster_s2_c11_7001,"('rf', 'TiTa', 'levator')",0.0,0.0
closed_G4_walking_cluster_s2_c11_7001,"('rf', 'TrF', 'reductor')",0.006462961117937332,0.0
closed_G4_walking_cluster_s2_c11_7001,"('rh', 'CTr', 'extensor')",0.02451099538489787,0.0
closed_G4_walking_cluster_s2_c11_7001,"('rh', 'CTr', 'flexor')",6.166414166582167e-10,0.0
closed_G4_walking_cluster_s2_c11_7001,"('rh', 'FTi', 'extensor')",0.17112298797824588,0.0
closed_G4_walking_cluster_s2_c11_7001,"('rh', 'FTi', 'flexor')",0.012811178456934724,0.0
closed_G4_walking_cluster_s2_c11_7001,"('rh', 'ThC', 'adductor')",0.0,0.0
closed_G4_walking_cluster_s2_c11_7001,"('rh', 'ThC', 'remotor')",0.0,0.0
closed_G4_walking_cluster_s2_c11_7001,"('rh', 'ThC', 'rotator_ant')",0.0,0.0
closed_G4_walking_cluster_s2_c11_7001,"('rh', 'ThC', 'rotator_post')",0.14760778840179137,0.0
closed_G4_walking_cluster_s2_c11_7001,"('rh', 'TiTa', 'depressor')",0.0006060604981756982,0.0
closed_G4_walking_cluster_s2_c11_7001,"('rh', 'TiTa', 'levator')",0.0016527850218012242,0.0
closed_G4_walking_cluster_s2_c11_7001,"('rh', 'TrF', 'reductor')",0.1663731454522705,0.0
closed_G4_walking_cluster_s2_c11_7001,"('rm', 'CTr', 'extensor')",0.0031250050092300305,0.0
closed_G4_walking_cluster_s2_c11_7001,"('rm', 'CTr', 'flexor')",1.6024497349035504e-11,0.0
closed_G4_walking_cluster_s2_c11_7001,"('rm', 'FTi', 'extensor')",0.19577698626759632,0.0
closed_G4_walking_cluster_s2_c11_7001,"('rm', 'FTi', 'flexor')",9.803961450584945e-05,0.0
closed_G4_walking_cluster_s2_c11_7001,"('rm', 'ThC', 'adductor')",1.347576606558292e-10,0.0
closed_G4_walking_cluster_s2_c11_7001,"('rm', 'ThC', 'rotator_ant')",0.03354661984657271,0.0
closed_G4_walking_cluster_s2_c11_7001,"('rm', 'ThC', 'rotator_post')",0.07692047310006363,0.0
closed_G4_walking_cluster_s2_c11_7001,"('rm', 'TiTa', 'depressor')",4.1710515305505085e-12,0.0
closed_G4_walking_cluster_s2_c11_7001,"('rm', 'TiTa', 'levator')",0.0,0.0
closed_G4_walking_cluster_s2_c11_7001,"('rm', 'TrF', 'reductor')",0.022427867795634143,0.0
closed_G4_walking_cluster_s2_c11_7002,"('lf', 'CTr', 'extensor')",0.22935011816295595,0.0
closed_G4_walking_cluster_s2_c11_7002,"('lf', 'CTr', 'flexor')",0.0,0.0
closed_G4_walking_cluster_s2_c11_7002,"('lf', 'FTi', 'extensor')",0.009648400938805283,0.0
closed_G4_walking_cluster_s2_c11_7002,"('lf', 'FTi', 'flexor')",0.010987696589292743,0.0
closed_G4_walking_cluster_s2_c11_7002,"('lf', 'ThC', 'adductor')",0.0,0.0
closed_G4_walking_cluster_s2_c11_7002,"('lf', 'ThC', 'promotor')",0.09595155340690995,0.0
closed_G4_walking_cluster_s2_c11_7002,"('lf', 'ThC', 'remotor')",0.09247375192385492,0.0
closed_G4_walking_cluster_s2_c11_7002,"('lf', 'ThC', 'rotator_ant')",0.0,0.0
closed_G4_walking_cluster_s2_c11_7002,"('lf', 'ThC', 'rotator_post')",0.016466608152230815,0.0
closed_G4_walking_cluster_s2_c11_7002,"('lf', 'TiTa', 'depressor')",0.0,0.0
closed_G4_walking_cluster_s2_c11_7002,"('lf', 'TiTa', 'levator')",0.0,0.0
closed_G4_walking_cluster_s2_c11_7002,"('lf', 'TrF', 'reductor')",0.08042609923591978,0.0
closed_G4_walking_cluster_s2_c11_7002,"('lh', 'CTr', 'extensor')",0.09132299047576309,0.0
closed_G4_walking_cluster_s2_c11_7002,"('lh', 'CTr', 'flexor')",0.00016666669249809703,0.0
closed_G4_walking_cluster_s2_c11_7002,"('lh', 'FTi', 'extensor')",0.21313802204791166,0.0
closed_G4_walking_cluster_s2_c11_7002,"('lh', 'FTi', 'flexor')",0.011437753831440335,0.0
closed_G4_walking_cluster_s2_c11_7002,"('lh', 'ThC', 'adductor')",0.0,0.0
closed_G4_walking_cluster_s2_c11_7002,"('lh', 'ThC', 'remotor')",0.0,0.0
closed_G4_walking_cluster_s2_c11_7002,"('lh', 'ThC', 'rotator_ant')",0.036497756092837806,0.0
closed_G4_walking_cluster_s2_c11_7002,"('lh', 'ThC', 'rotator_post')",0.007014943790575025,0.0
closed_G4_walking_cluster_s2_c11_7002,"('lh', 'TiTa', 'depressor')",0.013446404175340468,0.0
closed_G4_walking_cluster_s2_c11_7002,"('lh', 'TiTa', 'levator')",0.0,0.0
closed_G4_walking_cluster_s2_c11_7002,"('lh', 'TrF', 'reductor')",0.004064561073965417,0.0
closed_G4_walking_cluster_s2_c11_7002,"('lm', 'CTr', 'extensor')",3.2865066985632996e-09,0.0
closed_G4_walking_cluster_s2_c11_7002,"('lm', 'CTr', 'flexor')",0.01974113997133813,0.0
closed_G4_walking_cluster_s2_c11_7002,"('lm', 'FTi', 'extensor')",0.002333339707027928,0.0
closed_G4_walking_cluster_s2_c11_7002,"('lm', 'FTi', 'flexor')",0.004590535085413594,0.0
closed_G4_walking_cluster_s2_c11_7002,"('lm', 'ThC', 'remotor')",0.0,0.0
closed_G4_walking_cluster_s2_c11_7002,"('lm', 'ThC', 'rotator_ant')",0.20595203441788998,0.0
closed_G4_walking_cluster_s2_c11_7002,"('lm', 'ThC', 'rotator_post')",4.363520319999289e-09,0.0
closed_G4_walking_cluster_s2_c11_7002,"('lm', 'TiTa', 'depressor')",0.0001282051282051282,0.0
closed_G4_walking_cluster_s2_c11_7002,"('lm', 'TiTa', 'levator')",0.0,0.0
closed_G4_walking_cluster_s2_c11_7002,"('lm', 'TrF', 'reductor')",1.61712928566492e-09,0.0
closed_G4_walking_cluster_s2_c11_7002,"('rf', 'CTr', 'extensor')",0.29308795587373915,0.0
closed_G4_walking_cluster_s2_c11_7002,"('rf', 'CTr', 'flexor')",3.4020077847933044e-11,0.0
closed_G4_walking_cluster_s2_c11_7002,"('rf', 'FTi', 'extensor')",0.022974542719609234,0.0
closed_G4_walking_cluster_s2_c11_7002,"('rf', 'FTi', 'flexor')",0.020632372056875178,0.0
closed_G4_walking_cluster_s2_c11_7002,"('rf', 'ThC', 'adductor')",0.0,0.0
closed_G4_walking_cluster_s2_c11_7002,"('rf', 'ThC', 'promotor')",0.04089832212704113,0.0
closed_G4_walking_cluster_s2_c11_7002,"('rf', 'ThC', 'remotor')",0.09399050775640357,0.0
closed_G4_walking_cluster_s2_c11_7002,"('rf', 'ThC', 'rotator_ant')",0.0010000000000000005,0.0
closed_G4_walking_cluster_s2_c11_7002,"('rf', 'ThC', 'rotator_post')",0.035399633925047594,0.0
closed_G4_walking_cluster_s2_c11_7002,"('rf', 'TiTa', 'depressor')",0.006007482896537262,0.0
closed_G4_walking_cluster_s2_c11_7002,"('rf', 'TiTa', 'levator')",0.0,0.0
closed_G4_walking_cluster_s2_c11_7002,"('rf', 'TrF', 'reductor')",2.0455831977669783e-13,0.0
closed_G4_walking_cluster_s2_c11_7002,"('rh', 'CTr', 'extensor')",0.03428068431958729,0.0
closed_G4_walking_cluster_s2_c11_7002,"('rh', 'CTr', 'flexor')",2.5553688208445474e-09,0.0
closed_G4_walking_cluster_s2_c11_7002,"('rh', 'FTi', 'extensor')",0.1610574563521654,0.0
closed_G4_walking_cluster_s2_c11_7002,"('rh', 'FTi', 'flexor')",0.010044571615886734,0.0
closed_G4_walking_cluster_s2_c11_7002,"('rh', 'ThC', 'adductor')",0.0,0.0
closed_G4_walking_cluster_s2_c11_7002,"('rh', 'ThC', 'remotor')",0.0,0.0
closed_G4_walking_cluster_s2_c11_7002,"('rh', 'ThC', 'rotator_ant')",0.0,0.0
closed_G4_walking_cluster_s2_c11_7002,"('rh', 'ThC', 'rotator_post')",0.16824508622175693,0.0
closed_G4_walking_cluster_s2_c11_7002,"('rh', 'TiTa', 'depressor')",0.00015261649344085039,0.0
closed_G4_walking_cluster_s2_c11_7002,"('rh', 'TiTa', 'levator')",0.004963220581740544,0.0
closed_G4_walking_cluster_s2_c11_7002,"('rh', 'TrF', 'reductor')",0.11343211810695997,0.0
closed_G4_walking_cluster_s2_c11_7002,"('rm', 'CTr', 'extensor')",0.0037270459818625206,0.0
closed_G4_walking_cluster_s2_c11_7002,"('rm', 'CTr', 'flexor')",0.0,0.0
closed_G4_walking_cluster_s2_c11_7002,"('rm', 'FTi', 'extensor')",0.1740144248914572,0.0
closed_G4_walking_cluster_s2_c11_7002,"('rm', 'FTi', 'flexor')",5.878714776620577e-10,0.0
closed_G4_walking_cluster_s2_c11_7002,"('rm', 'ThC', 'adductor')",0.0,0.0
closed_G4_walking_cluster_s2_c11_7002,"('rm', 'ThC', 'rotator_ant')",0.025327905370547625,0.0
closed_G4_walking_cluster_s2_c11_7002,"('rm', 'ThC', 'rotator_post')",0.06907186200634555,0.0
closed_G4_walking_cluster_s2_c11_7002,"('rm', 'TiTa', 'depressor')",0.0,0.0
closed_G4_walking_cluster_s2_c11_7002,"('rm', 'TiTa', 'levator')",0.0,0.0
closed_G4_walking_cluster_s2_c11_7002,"('rm', 'TrF', 'reductor')",0.017688154628397044,0.0
closed_G4_walking_cluster_s2_c11_7003,"('lf', 'CTr', 'extensor')",0.18864683385970837,0.0
closed_G4_walking_cluster_s2_c11_7003,"('lf', 'CTr', 'flexor')",0.0,0.0
closed_G4_walking_cluster_s2_c11_7003,"('lf', 'FTi', 'extensor')",0.012315843633225687,0.0
closed_G4_walking_cluster_s2_c11_7003,"('lf', 'FTi', 'flexor')",0.012307081577234424,0.0
closed_G4_walking_cluster_s2_c11_7003,"('lf', 'ThC', 'adductor')",8.990421792996773e-10,0.0
closed_G4_walking_cluster_s2_c11_7003,"('lf', 'ThC', 'promotor')",0.15245340396364793,0.0
closed_G4_walking_cluster_s2_c11_7003,"('lf', 'ThC', 'remotor')",0.08090551212698369,0.0
closed_G4_walking_cluster_s2_c11_7003,"('lf', 'ThC', 'rotator_ant')",1.3290065515355823e-08,0.0
closed_G4_walking_cluster_s2_c11_7003,"('lf', 'ThC', 'rotator_post')",0.016650449189449516,0.0
closed_G4_walking_cluster_s2_c11_7003,"('lf', 'TiTa', 'depressor')",0.00015151635146107758,0.0
closed_G4_walking_cluster_s2_c11_7003,"('lf', 'TiTa', 'levator')",0.0,0.0
closed_G4_walking_cluster_s2_c11_7003,"('lf', 'TrF', 'reductor')",0.12031773409698523,0.0
closed_G4_walking_cluster_s2_c11_7003,"('lh', 'CTr', 'extensor')",0.037379951936091366,0.0
closed_G4_walking_cluster_s2_c11_7003,"('lh', 'CTr', 'flexor')",0.0013333333353759364,0.0
closed_G4_walking_cluster_s2_c11_7003,"('lh', 'FTi', 'extensor')",0.19979129974209503,0.0
closed_G4_walking_cluster_s2_c11_7003,"('lh', 'FTi', 'flexor')",0.005310677392798541,0.0
closed_G4_walking_cluster_s2_c11_7003,"('lh', 'ThC', 'adductor')",3.884057213906386e-09,0.0
closed_G4_walking_cluster_s2_c11_7003,"('lh', 'ThC', 'remotor')",0.0,0.0
closed_G4_walking_cluster_s2_c11_7003,"('lh', 'ThC', 'rotator_ant')",0.024845373753416042,0.0
closed_G4_walking_cluster_s2_c11_7003,"('lh', 'ThC', 'rotator_post')",0.005000103522657387,0.0
closed_G4_walking_cluster_s2_c11_7003,"('lh', 'TiTa', 'depressor')",0.005587708355511895,0.0
closed_G4_walking_cluster_s2_c11_7003,"('lh', 'TiTa', 'levator')",0.0,0.0
closed_G4_walking_cluster_s2_c11_7003,"('lh', 'TrF', 'reductor')",0.04047045649578285,0.0
closed_G4_walking_cluster_s2_c11_7003,"('lm', 'CTr', 'extensor')",0.0004166697760338546,0.0
closed_G4_walking_cluster_s2_c11_7003,"('lm', 'CTr', 'flexor')",0.010965893024940592,0.0
closed_G4_walking_cluster_s2_c11_7003,"('lm', 'FTi', 'extensor')",0.008000000010422241,0.0
closed_G4_walking_cluster_s2_c11_7003,"('lm', 'FTi', 'flexor')",0.0030156973823883882,0.0
closed_G4_walking_cluster_s2_c11_7003,"('lm', 'ThC', 'remotor')",0.0,0.0
closed_G4_walking_cluster_s2_c11_7003,"('lm', 'ThC', 'rotator_ant')",0.23592963553546625,0.0
closed_G4_walking_cluster_s2_c11_7003,"('lm', 'ThC', 'rotator_post')",8.033075604756451e-09,0.0
closed_G4_walking_cluster_s2_c11_7003,"('lm', 'TiTa', 'depressor')",7.090489944838493e-10,0.0
closed_G4_walking_cluster_s2_c11_7003,"('lm', 'TiTa', 'levator')",0.0,0.0
closed_G4_walking_cluster_s2_c11_7003,"('lm', 'TrF', 'reductor')",1.0728366081459946e-09,0.0
closed_G4_walking_cluster_s2_c11_7003,"('rf', 'CTr', 'extensor')",0.32642955547333063,0.0
closed_G4_walking_cluster_s2_c11_7003,"('rf', 'CTr', 'flexor')",0.0,0.0
closed_G4_walking_cluster_s2_c11_7003,"('rf', 'FTi', 'extensor')",0.03314674197227083,0.0
closed_G4_walking_cluster_s2_c11_7003,"('rf', 'FTi', 'flexor')",0.022047783638201687,0.0
closed_G4_walking_cluster_s2_c11_7003,"('rf', 'ThC', 'adductor')",0.0,0.0
closed_G4_walking_cluster_s2_c11_7003,"('rf', 'ThC', 'promotor')",0.06021045135441201,0.0
closed_G4_walking_cluster_s2_c11_7003,"('rf', 'ThC', 'remotor')",0.08178380938107492,0.0
closed_G4_walking_cluster_s2_c11_7003,"('rf', 'ThC', 'rotator_ant')",0.0,0.0
closed_G4_walking_cluster_s2_c11_7003,"('rf', 'ThC', 'rotator_post')",0.03283524504043797,0.0
closed_G4_walking_cluster_s2_c11_7003,"('rf', 'TiTa', 'depressor')",0.006222905609804235,0.0
closed_G4_walking_cluster_s2_c11_7003,"('rf', 'TiTa', 'levator')",0.0,0.0
closed_G4_walking_cluster_s2_c11_7003,"('rf', 'TrF', 'reductor')",0.0,0.0
closed_G4_walking_cluster_s2_c11_7003,"('rh', 'CTr', 'extensor')",0.023964767033738302,0.0
closed_G4_walking_cluster_s2_c11_7003,"('rh', 'CTr', 'flexor')",7.213626442891824e-10,0.0
closed_G4_walking_cluster_s2_c11_7003,"('rh', 'FTi', 'extensor')",0.17228856648632127,0.0
closed_G4_walking_cluster_s2_c11_7003,"('rh', 'FTi', 'flexor')",0.01084996187814444,0.0
closed_G4_walking_cluster_s2_c11_7003,"('rh', 'ThC', 'adductor')",0.0,0.0
closed_G4_walking_cluster_s2_c11_7003,"('rh', 'ThC', 'remotor')",0.0,0.0
closed_G4_walking_cluster_s2_c11_7003,"('rh', 'ThC', 'rotator_ant')",0.0,0.0
closed_G4_walking_cluster_s2_c11_7003,"('rh', 'ThC', 'rotator_post')",0.16117070297586308,0.0
closed_G4_walking_cluster_s2_c11_7003,"('rh', 'TiTa', 'depressor')",0.0008843452518856046,0.0
closed_G4_walking_cluster_s2_c11_7003,"('rh', 'TiTa', 'levator')",0.004333508280510184,0.0
closed_G4_walking_cluster_s2_c11_7003,"('rh', 'TrF', 'reductor')",0.17386061308497086,0.0
closed_G4_walking_cluster_s2_c11_7003,"('rm', 'CTr', 'extensor')",0.0010418830140126976,0.0
closed_G4_walking_cluster_s2_c11_7003,"('rm', 'CTr', 'flexor')",0.0003333333333333333,0.0
closed_G4_walking_cluster_s2_c11_7003,"('rm', 'FTi', 'extensor')",0.19566912587175575,0.0
closed_G4_walking_cluster_s2_c11_7003,"('rm', 'FTi', 'flexor')",5.320010969362686e-12,0.0
closed_G4_walking_cluster_s2_c11_7003,"('rm', 'ThC', 'adductor')",0.0,0.0
closed_G4_walking_cluster_s2_c11_7003,"('rm', 'ThC', 'rotator_ant')",0.02045449389945153,0.0
closed_G4_walking_cluster_s2_c11_7003,"('rm', 'ThC', 'rotator_post')",0.0734447370303503,0.0
closed_G4_walking_cluster_s2_c11_7003,"('rm', 'TiTa', 'depressor')",2.3267186847040092e-10,0.0
closed_G4_walking_cluster_s2_c11_7003,"('rm', 'TiTa', 'levator')",0.0,0.0
closed_G4_walking_cluster_s2_c11_7003,"('rm', 'TrF', 'reductor')",0.021320354266568566,0.0
closed_G4_walking_cluster_s2_c11_7004,"('lf', 'CTr', 'extensor')",0.17700240727015099,0.0
closed_G4_walking_cluster_s2_c11_7004,"('lf', 'CTr', 'flexor')",5.359745901465227e-13,0.0
closed_G4_walking_cluster_s2_c11_7004,"('lf', 'FTi', 'extensor')",0.011636928905234134,0.0
closed_G4_walking_cluster_s2_c11_7004,"('lf', 'FTi', 'flexor')",0.011961486045620093,0.0
closed_G4_walking_cluster_s2_c11_7004,"('lf', 'ThC', 'adductor')",0.0,0.0
closed_G4_walking_cluster_s2_c11_7004,"('lf', 'ThC', 'promotor')",0.15054084033108533,0.0
closed_G4_walking_cluster_s2_c11_7004,"('lf', 'ThC', 'remotor')",0.06445870213767571,0.0
closed_G4_walking_cluster_s2_c11_7004,"('lf', 'ThC', 'rotator_ant')",3.264452768696464e-09,0.0
closed_G4_walking_cluster_s2_c11_7004,"('lf', 'ThC', 'rotator_post')",0.012333316730953722,0.0
closed_G4_walking_cluster_s2_c11_7004,"('lf', 'TiTa', 'depressor')",0.0,0.0
closed_G4_walking_cluster_s2_c11_7004,"('lf', 'TiTa', 'levator')",0.0,0.0
closed_G4_walking_cluster_s2_c11_7004,"('lf', 'TrF', 'reductor')",0.11596203024217738,0.0
closed_G4_walking_cluster_s2_c11_7004,"('lh', 'CTr', 'extensor')",0.035971587836997394,0.0
closed_G4_walking_cluster_s2_c11_7004,"('lh', 'CTr', 'flexor')",0.001195804154675284,0.0
closed_G4_walking_cluster_s2_c11_7004,"('lh', 'FTi', 'extensor')",0.18368108006434783,0.0
closed_G4_walking_cluster_s2_c11_7004,"('lh', 'FTi', 'flexor')",0.004758623638248583,0.0
closed_G4_walking_cluster_s2_c11_7004,"('lh', 'ThC', 'adductor')",0.0,0.0
closed_G4_walking_cluster_s2_c11_7004,"('lh', 'ThC', 'remotor')",0.0,0.0
closed_G4_walking_cluster_s2_c11_7004,"('lh', 'ThC', 'rotator_ant')",0.014072204433775196,0.0
closed_G4_walking_cluster_s2_c11_7004,"('lh', 'ThC', 'rotator_post')",0.013846618541865963,0.0
closed_G4_walking_cluster_s2_c11_7004,"('lh', 'TiTa', 'depressor')",0.004165647542273723,0.0
closed_G4_walking_cluster_s2_c11_7004,"('lh', 'TiTa', 'levator')",0.0,0.0
closed_G4_walking_cluster_s2_c11_7004,"('lh', 'TrF', 'reductor')",0.05774174253033792,0.0
closed_G4_walking_cluster_s2_c11_7004,"('lm', 'CTr', 'extensor')",0.000625000889346932,0.0
closed_G4_walking_cluster_s2_c11_7004,"('lm', 'CTr', 'flexor')",0.012676394743498584,0.0
closed_G4_walking_cluster_s2_c11_7004,"('lm', 'FTi', 'extensor')",0.009329370752446177,0.0
closed_G4_walking_cluster_s2_c11_7004,"('lm', 'FTi', 'flexor')",0.003443586881534978,0.0
closed_G4_walking_cluster_s2_c11_7004,"('lm', 'ThC', 'remotor')",1.2801977762303772e-10,0.0
closed_G4_walking_cluster_s2_c11_7004,"('lm', 'ThC', 'rotator_ant')",0.2158173835766529,0.0
closed_G4_walking_cluster_s2_c11_7004,"('lm', 'ThC', 'rotator_post')",3.0258068790200347e-09,0.0
closed_G4_walking_cluster_s2_c11_7004,"('lm', 'TiTa', 'depressor')",0.0,0.0
closed_G4_walking_cluster_s2_c11_7004,"('lm', 'TiTa', 'levator')",0.0,0.0
closed_G4_walking_cluster_s2_c11_7004,"('lm', 'TrF', 'reductor')",1.2442997290473638e-10,0.0
closed_G4_walking_cluster_s2_c11_7004,"('rf', 'CTr', 'extensor')",0.3213645028364889,0.0
closed_G4_walking_cluster_s2_c11_7004,"('rf', 'CTr', 'flexor')",0.0,0.0
closed_G4_walking_cluster_s2_c11_7004,"('rf', 'FTi', 'extensor')",0.026780231321467327,0.0
closed_G4_walking_cluster_s2_c11_7004,"('rf', 'FTi', 'flexor')",0.021287101786468376,0.0
closed_G4_walking_cluster_s2_c11_7004,"('rf', 'ThC', 'adductor')",1.0914657755274242e-11,0.0
closed_G4_walking_cluster_s2_c11_7004,"('rf', 'ThC', 'promotor')",0.04843033058829742,0.0
closed_G4_walking_cluster_s2_c11_7004,"('rf', 'ThC', 'remotor')",0.09277103811860847,0.0
closed_G4_walking_cluster_s2_c11_7004,"('rf', 'ThC', 'rotator_ant')",0.0,0.0
closed_G4_walking_cluster_s2_c11_7004,"('rf', 'ThC', 'rotator_post')",0.05202938914815496,0.0
closed_G4_walking_cluster_s2_c11_7004,"('rf', 'TiTa', 'depressor')",0.005863607574324362,0.0
closed_G4_walking_cluster_s2_c11_7004,"('rf', 'TiTa', 'levator')",0.0,0.0
closed_G4_walking_cluster_s2_c11_7004,"('rf', 'TrF', 'reductor')",0.0002777777777777773,0.0
closed_G4_walking_cluster_s2_c11_7004,"('rh', 'CTr', 'extensor')",0.02788203746403635,0.0
closed_G4_walking_cluster_s2_c11_7004,"('rh', 'CTr', 'flexor')",1.5649576901962654e-13,0.0
closed_G4_walking_cluster_s2_c11_7004,"('rh', 'FTi', 'extensor')",0.16568321352764095,0.0
closed_G4_walking_cluster_s2_c11_7004,"('rh', 'FTi', 'flexor')",0.01009638315955481,0.0
closed_G4_walking_cluster_s2_c11_7004,"('rh', 'ThC', 'adductor')",0.0,0.0
closed_G4_walking_cluster_s2_c11_7004,"('rh', 'ThC', 'remotor')",0.0,0.0
closed_G4_walking_cluster_s2_c11_7004,"('rh', 'ThC', 'rotator_ant')",0.0,0.0
closed_G4_walking_cluster_s2_c11_7004,"('rh', 'ThC', 'rotator_post')",0.1738937754480874,0.0
closed_G4_walking_cluster_s2_c11_7004,"('rh', 'TiTa', 'depressor')",0.0003024359778794296,0.0
closed_G4_walking_cluster_s2_c11_7004,"('rh', 'TiTa', 'levator')",0.005000262989215692,0.0
closed_G4_walking_cluster_s2_c11_7004,"('rh', 'TrF', 'reductor')",0.18741827665216587,0.0
closed_G4_walking_cluster_s2_c11_7004,"('rm', 'CTr', 'extensor')",0.0016680331649272452,0.0
closed_G4_walking_cluster_s2_c11_7004,"('rm', 'CTr', 'flexor')",0.0,0.0
closed_G4_walking_cluster_s2_c11_7004,"('rm', 'FTi', 'extensor')",0.18081673497128828,0.0
closed_G4_walking_cluster_s2_c11_7004,"('rm', 'FTi', 'flexor')",1.6979643522936727e-09,0.0
closed_G4_walking_cluster_s2_c11_7004,"('rm', 'ThC', 'adductor')",0.0,0.0
closed_G4_walking_cluster_s2_c11_7004,"('rm', 'ThC', 'rotator_ant')",0.022079261460402927,0.0
closed_G4_walking_cluster_s2_c11_7004,"('rm', 'ThC', 'rotator_post')",0.07738562381029748,0.0
closed_G4_walking_cluster_s2_c11_7004,"('rm', 'TiTa', 'depressor')",0.0,0.0
closed_G4_walking_cluster_s2_c11_7004,"('rm', 'TiTa', 'levator')",0.0,0.0
closed_G4_walking_cluster_s2_c11_7004,"('rm', 'TrF', 'reductor')",0.02647919430054171,0.0
